onset	duration	nwb_table	context	auditory_stim_frequency	auditory_stim_amplitude	auditory_stim_time	auditory_stim_duration	whisker_stim	whisker_stim_amplitude	whisker_stim_time	whisker_stim_duration	opto_stim	opto_stim_frequency	opto_stim_amplitude	opto_stim_start_time	opto_stim_stop_time	opto_window	opto_duration	opto_area	lick_flag	lick_time	early_lick	trial_type
11.503	2.0	trials	no_tone					True	5.0	12.503	0.01	True	100.0	12.0	11.903	12.453	delay	550.0	wS2	False		False	5.0
22.303	2.0	trials	go_tone	8000.0	80.0	22.303	0.1	False				False					nolight	0.0	nan	True	24.801000000000002	True	2.0
34.801	2.0	trials	go_tone	8000.0	80.0	34.801	0.1	False				False					nolight	0.0	nan	False		False	2.0
46.352	2.0	trials	nogo_tone	4000.0	80.0	46.352	0.1	False				True	100.0	12.0	46.751999999999995	47.302	delay	550.0	wS2	False		False	4.0
57.504	2.0	trials	nogo_tone	4000.0	80.0	57.504	0.1	True	5.0	58.504	0.01	False					nolight	0.0	nan	False		False	3.0
69.374	2.0	trials	nogo_tone	4000.0	80.0	69.374	0.1	False				False					nolight	0.0	nan	False		False	4.0
80.894	2.0	trials	no_tone					True	5.0	81.894	0.01	False					nolight	0.0	nan	False		False	5.0
92.302	2.0	trials	nogo_tone	4000.0	80.0	92.302	0.1	False				False					nolight	0.0	nan	False		False	4.0
103.113	2.0	trials	go_tone	8000.0	80.0	103.113	0.1	True	5.0	104.113	0.01	True	100.0	12.0	104.063	104.413	whisker	350.0	wS2	True	105.512	True	1.0
115.513	2.0	trials	go_tone	8000.0	80.0	115.513	0.1	True	5.0	116.513	0.01	True	100.0	12.0	116.46300000000001	116.813	whisker	350.0	wS2	True	118.43100000000001	False	1.0
126.363	2.0	trials	go_tone	8000.0	80.0	126.363	0.1	False				False					nolight	0.0	nan	False		False	2.0
137.885	2.0	trials	nogo_tone	4000.0	80.0	137.885	0.1	True	5.0	138.885	0.01	False					nolight	0.0	nan	False		False	3.0
148.915	2.0	trials	nogo_tone	4000.0	80.0	148.915	0.1	True	5.0	149.915	0.01	False					nolight	0.0	nan	False		False	3.0
159.694	2.0	trials	nogo_tone	4000.0	80.0	159.694	0.1	False				True	100.0	12.0	159.64399999999998	160.094	audio	450.0	wS2	False		False	4.0
170.524	2.0	trials	go_tone	8000.0	80.0	170.524	0.1	True	5.0	171.524	0.01	False					nolight	0.0	nan	True	173.262	False	1.0
181.094	2.0	trials	go_tone	8000.0	80.0	181.094	0.1	True	5.0	182.094	0.01	False					nolight	0.0	nan	True	182.994	True	1.0
192.994	2.0	trials	go_tone	8000.0	80.0	192.994	0.1	True	5.0	193.994	0.01	False					nolight	0.0	nan	True	195.832	False	1.0
203.814	2.0	trials	nogo_tone	4000.0	80.0	203.814	0.1	False				False					nolight	0.0	nan	False		False	4.0
215.036	2.0	trials	nogo_tone	4000.0	80.0	215.036	0.1	False				False					nolight	0.0	nan	False		False	4.0
225.915	2.0	trials	no_tone					True	5.0	226.915	0.01	False					nolight	0.0	nan	False		False	5.0
237.147	2.0	trials	go_tone	8000.0	80.0	237.147	0.1	True	5.0	238.147	0.01	True	100.0	12.0	237.09699999999998	237.547	audio	450.0	wS2	True	238.945	True	1.0
249.328	2.0	trials	go_tone	8000.0	80.0	249.328	0.1	True	5.0	250.328	0.01	True	100.0	12.0	249.278	249.728	audio	450.0	wS2	True	249.656	True	1.0
259.666	2.0	trials	go_tone	8000.0	80.0	259.666	0.1	True	5.0	260.666	0.01	True	100.0	12.0	259.616	260.066	audio	450.0	wS2	True	262.346	False	1.0
270.357	2.0	trials	nogo_tone	4000.0	80.0	270.357	0.1	True	5.0	271.357	0.01	True	100.0	12.0	270.757	271.307	delay	550.0	wS2	True	273.04100000000005	False	3.0
281.647	2.0	trials	go_tone	8000.0	80.0	281.647	0.1	True	5.0	282.647	0.01	False					nolight	0.0	nan	True	284.016	True	1.0
294.018	2.0	trials	go_tone	8000.0	80.0	294.018	0.1	True	5.0	295.018	0.01	False					nolight	0.0	nan	True	296.68199999999996	False	1.0
304.798	2.0	trials	nogo_tone	4000.0	80.0	304.798	0.1	True	5.0	305.798	0.01	False					nolight	0.0	nan	False		False	3.0
315.559	2.0	trials	go_tone	8000.0	80.0	315.559	0.1	False				True	100.0	12.0	315.959	316.509	delay	550.0	wS2	True	318.319	False	2.0
327.106	2.0	trials	go_tone	8000.0	80.0	327.106	0.1	False				False					nolight	0.0	nan	False		False	2.0
337.757	2.0	trials	no_tone					True	5.0	338.757	0.01	False					nolight	0.0	nan	False		False	5.0
348.397	2.0	trials	go_tone	8000.0	80.0	348.397	0.1	False				True	100.0	12.0	348.347	348.79699999999997	audio	450.0	wS2	False		False	2.0
359.337	2.0	trials	go_tone	8000.0	80.0	359.337	0.1	True	5.0	360.337	0.01	True	100.0	12.0	359.73699999999997	360.287	delay	550.0	wS2	True	362.2	False	1.0
370.237	2.0	trials	nogo_tone	4000.0	80.0	370.237	0.1	True	5.0	371.237	0.01	False					nolight	0.0	nan	True	372.923	False	3.0
381.358	2.0	trials	no_tone					True	5.0	382.358	0.01	False					nolight	0.0	nan	True	384.055	False	5.0
392.869	2.0	trials	nogo_tone	4000.0	80.0	392.869	0.1	True	5.0	393.869	0.01	True	100.0	12.0	393.819	394.16900000000004	whisker	350.0	wS2	False		False	3.0
403.768	2.0	trials	go_tone	8000.0	80.0	403.768	0.1	False				False					nolight	0.0	nan	True	406.332	False	2.0
415.308	2.0	trials	no_tone					True	5.0	416.308	0.01	False					nolight	0.0	nan	True	418.18	False	5.0
426.398	2.0	trials	go_tone	8000.0	80.0	426.398	0.1	False				True	100.0	12.0	427.348	427.69800000000004	whisker	350.0	wS2	True	427.458	True	2.0
437.458	2.0	trials	go_tone	8000.0	80.0	437.458	0.1	False				True	100.0	12.0	438.408	438.75800000000004	whisker	350.0	wS2	True	439.858	True	2.0
449.859	2.0	trials	go_tone	8000.0	80.0	449.859	0.1	False				True	100.0	12.0	450.80899999999997	451.159	whisker	350.0	wS2	True	452.219	True	2.0
462.219	2.0	trials	go_tone	8000.0	80.0	462.219	0.1	False				True	100.0	12.0	463.169	463.519	whisker	350.0	wS2	False		False	2.0
473.402	2.0	trials	no_tone					True	5.0	474.402	0.01	False					nolight	0.0	nan	True	476.19	False	5.0
484.631	2.0	trials	go_tone	8000.0	80.0	484.631	0.1	False				False					nolight	0.0	nan	True	487.19899999999996	False	2.0
495.711	2.0	trials	go_tone	8000.0	80.0	495.711	0.1	True	5.0	496.711	0.01	False					nolight	0.0	nan	True	498.189	True	1.0
508.19	2.0	trials	go_tone	8000.0	80.0	508.19	0.1	True	5.0	509.19	0.01	False					nolight	0.0	nan	True	510.828	False	1.0
519.551	2.0	trials	no_tone					True	5.0	520.551	0.01	True	100.0	12.0	519.5010000000001	519.951	audio	450.0	wS2	False		False	5.0
530.394	2.0	trials	nogo_tone	4000.0	80.0	530.394	0.1	True	5.0	531.394	0.01	True	100.0	12.0	530.344	530.794	audio	450.0	wS2	False		False	3.0
541.51	2.0	trials	nogo_tone	4000.0	80.0	541.51	0.1	False				True	100.0	12.0	542.46	542.81	whisker	350.0	wS2	False		False	4.0
552.072	2.0	trials	nogo_tone	4000.0	80.0	552.072	0.1	False				False					nolight	0.0	nan	False		False	4.0
563.532	2.0	trials	no_tone					True	5.0	564.532	0.01	True	100.0	12.0	564.4820000000001	564.832	whisker	350.0	wS2	False		False	5.0
574.741	2.0	trials	go_tone	8000.0	80.0	574.741	0.1	True	5.0	575.741	0.01	False					nolight	0.0	nan	True	575.641	True	1.0
585.641	2.0	trials	go_tone	8000.0	80.0	585.641	0.1	True	5.0	586.641	0.01	False					nolight	0.0	nan	True	587.765	True	1.0
597.772	2.0	trials	go_tone	8000.0	80.0	597.772	0.1	True	5.0	598.772	0.01	False					nolight	0.0	nan	True	600.1410000000001	True	1.0
610.142	2.0	trials	go_tone	8000.0	80.0	610.142	0.1	True	5.0	611.142	0.01	False					nolight	0.0	nan	True	612.966	False	1.0
621.264	2.0	trials	nogo_tone	4000.0	80.0	621.264	0.1	False				False					nolight	0.0	nan	False		False	4.0
632.582	2.0	trials	go_tone	8000.0	80.0	632.582	0.1	True	5.0	633.582	0.01	False					nolight	0.0	nan	True	635.605	False	1.0
643.763	2.0	trials	nogo_tone	4000.0	80.0	643.763	0.1	True	5.0	644.763	0.01	False					nolight	0.0	nan	True	646.629	False	3.0
654.544	2.0	trials	go_tone	8000.0	80.0	654.544	0.1	False				False					nolight	0.0	nan	False		False	2.0
665.994	2.0	trials	no_tone					True	5.0	666.994	0.01	False					nolight	0.0	nan	False		False	5.0
676.693	2.0	trials	no_tone					True	5.0	677.693	0.01	True	100.0	12.0	677.093	677.643	delay	550.0	wS2	False		False	5.0
687.765	2.0	trials	go_tone	8000.0	80.0	687.765	0.1	True	5.0	688.765	0.01	True	100.0	12.0	688.715	689.0649999999999	whisker	350.0	wS2	False		False	1.0
698.425	2.0	trials	nogo_tone	4000.0	80.0	698.425	0.1	False				True	100.0	12.0	698.8249999999999	699.375	delay	550.0	wS2	False		False	4.0
709.904	2.0	trials	nogo_tone	4000.0	80.0	709.904	0.1	True	5.0	710.904	0.01	True	100.0	12.0	710.854	711.204	whisker	350.0	wS2	False		False	3.0
721.457	2.0	trials	go_tone	8000.0	80.0	721.457	0.1	True	5.0	722.457	0.01	True	100.0	12.0	721.407	721.857	audio	450.0	wS2	True	724.179	False	1.0
732.694	2.0	trials	no_tone					True	5.0	733.694	0.01	False					nolight	0.0	nan	True	735.4159999999999	False	5.0
743.816	2.0	trials	nogo_tone	4000.0	80.0	743.816	0.1	True	5.0	744.816	0.01	True	100.0	12.0	744.216	744.7660000000001	delay	550.0	wS2	True	746.546	False	3.0
754.615	2.0	trials	no_tone					True	5.0	755.615	0.01	False					nolight	0.0	nan	False		False	5.0
766.036	2.0	trials	nogo_tone	4000.0	80.0	766.036	0.1	False				False					nolight	0.0	nan	False		False	4.0
777.076	2.0	trials	nogo_tone	4000.0	80.0	777.076	0.1	False				True	100.0	12.0	778.0260000000001	778.376	whisker	350.0	wS2	False		False	4.0
788.226	2.0	trials	nogo_tone	4000.0	80.0	788.226	0.1	True	5.0	789.226	0.01	False					nolight	0.0	nan	False		False	3.0
799.107	2.0	trials	no_tone					True	5.0	800.107	0.01	False					nolight	0.0	nan	False		False	5.0
810.045	2.0	trials	no_tone					True	5.0	811.045	0.01	True	100.0	12.0	810.995	811.3449999999999	whisker	350.0	wS2	False		False	5.0
821.307	2.0	trials	go_tone	8000.0	80.0	821.307	0.1	True	5.0	822.307	0.01	False					nolight	0.0	nan	True	823.5450000000001	True	1.0
833.547	2.0	trials	go_tone	8000.0	80.0	833.547	0.1	True	5.0	834.547	0.01	False					nolight	0.0	nan	True	835.945	True	1.0
845.948	2.0	trials	go_tone	8000.0	80.0	845.948	0.1	True	5.0	846.948	0.01	False					nolight	0.0	nan	True	848.634	False	1.0
857.038	2.0	trials	nogo_tone	4000.0	80.0	857.038	0.1	True	5.0	858.038	0.01	False					nolight	0.0	nan	False		False	3.0
867.788	2.0	trials	nogo_tone	4000.0	80.0	867.788	0.1	True	5.0	868.788	0.01	False					nolight	0.0	nan	False		False	3.0
879.128	2.0	trials	go_tone	8000.0	80.0	879.128	0.1	True	5.0	880.128	0.01	False					nolight	0.0	nan	True	881.5060000000001	True	1.0
891.508	2.0	trials	go_tone	8000.0	80.0	891.508	0.1	True	5.0	892.508	0.01	False					nolight	0.0	nan	True	893.966	True	1.0
903.977	2.0	trials	go_tone	8000.0	80.0	903.977	0.1	True	5.0	904.977	0.01	False					nolight	0.0	nan	True	906.828	False	1.0
915.339	2.0	trials	go_tone	8000.0	80.0	915.339	0.1	True	5.0	916.339	0.01	False					nolight	0.0	nan	True	918.0070000000001	False	1.0
926.689	2.0	trials	no_tone					True	5.0	927.689	0.01	True	100.0	12.0	926.639	927.0889999999999	audio	450.0	wS2	True	929.358	False	5.0
937.967	2.0	trials	no_tone					True	5.0	938.967	0.01	False					nolight	0.0	nan	False		False	5.0
948.748	2.0	trials	go_tone	8000.0	80.0	948.748	0.1	True	5.0	949.748	0.01	False					nolight	0.0	nan	True	951.2710000000001	True	1.0
961.278	2.0	trials	go_tone	8000.0	80.0	961.278	0.1	True	5.0	962.278	0.01	False					nolight	0.0	nan	True	963.917	False	1.0
972.258	2.0	trials	go_tone	8000.0	80.0	972.258	0.1	True	5.0	973.258	0.01	False					nolight	0.0	nan	True	975.094	False	1.0
983.279	2.0	trials	go_tone	8000.0	80.0	983.279	0.1	False				False					nolight	0.0	nan	False		False	2.0
994.522	2.0	trials	nogo_tone	4000.0	80.0	994.522	0.1	False				True	100.0	12.0	994.4720000000001	994.922	audio	450.0	wS2	False		False	4.0
1005.921	2.0	trials	go_tone	8000.0	80.0	1005.921	0.1	False				False					nolight	0.0	nan	True	1008.456	True	2.0
1018.459	2.0	trials	go_tone	8000.0	80.0	1018.459	0.1	False				False					nolight	0.0	nan	True	1020.799	True	2.0
1030.809	2.0	trials	go_tone	8000.0	80.0	1030.809	0.1	False				False					nolight	0.0	nan	False		False	2.0
1041.7	2.0	trials	nogo_tone	4000.0	80.0	1041.7	0.1	False				False					nolight	0.0	nan	False		False	4.0
1053.129	2.0	trials	nogo_tone	4000.0	80.0	1053.129	0.1	False				False					nolight	0.0	nan	False		False	4.0
1064.11	2.0	trials	go_tone	8000.0	80.0	1064.11	0.1	True	5.0	1065.11	0.01	False					nolight	0.0	nan	True	1066.9769999999999	False	1.0
1075.351	2.0	trials	nogo_tone	4000.0	80.0	1075.351	0.1	True	5.0	1076.351	0.01	False					nolight	0.0	nan	False		False	3.0
1085.954	2.0	trials	nogo_tone	4000.0	80.0	1085.954	0.1	False				False					nolight	0.0	nan	False		False	4.0
1096.952	2.0	trials	go_tone	8000.0	80.0	1096.952	0.1	False				True	100.0	12.0	1097.352	1097.902	delay	550.0	wS2	True	1099.737	False	2.0
1107.622	2.0	trials	go_tone	8000.0	80.0	1107.622	0.1	False				False					nolight	0.0	nan	True	1110.5130000000001	False	2.0
1118.941	2.0	trials	nogo_tone	4000.0	80.0	1118.941	0.1	True	5.0	1119.941	0.01	True	100.0	12.0	1118.891	1119.3410000000001	audio	450.0	wS2	False		False	3.0
1129.561	2.0	trials	nogo_tone	4000.0	80.0	1129.561	0.1	False				False					nolight	0.0	nan	False		False	4.0
1140.131	2.0	trials	nogo_tone	4000.0	80.0	1140.131	0.1	False				False					nolight	0.0	nan	True	1142.431	True	4.0
1152.431	2.0	trials	nogo_tone	4000.0	80.0	1152.431	0.1	False				False					nolight	0.0	nan	False		False	4.0
1163.572	2.0	trials	go_tone	8000.0	80.0	1163.572	0.1	False				False					nolight	0.0	nan	True	1165.1419999999998	True	2.0
1175.143	2.0	trials	go_tone	8000.0	80.0	1175.143	0.1	False				False					nolight	0.0	nan	True	1177.89	False	2.0
1186.124	2.0	trials	nogo_tone	4000.0	80.0	1186.124	0.1	True	5.0	1187.124	0.01	False					nolight	0.0	nan	False		False	3.0
1196.995	2.0	trials	go_tone	8000.0	80.0	1196.995	0.1	True	5.0	1197.995	0.01	True	100.0	12.0	1197.395	1197.945	delay	550.0	wS2	True	1199.7189999999998	False	1.0
1207.954	2.0	trials	go_tone	8000.0	80.0	1207.954	0.1	False				True	100.0	12.0	1208.904	1209.254	whisker	350.0	wS2	True	1210.452	True	2.0
1220.454	2.0	trials	go_tone	8000.0	80.0	1220.454	0.1	False				True	100.0	12.0	1221.404	1221.754	whisker	350.0	wS2	False		False	2.0
1231.993	2.0	trials	go_tone	8000.0	80.0	1231.993	0.1	False				False					nolight	0.0	nan	True	1234.417	True	2.0
1244.423	2.0	trials	go_tone	8000.0	80.0	1244.423	0.1	False				False					nolight	0.0	nan	False		False	2.0
1255.055	2.0	trials	nogo_tone	4000.0	80.0	1255.055	0.1	True	5.0	1256.055	0.01	False					nolight	0.0	nan	False		False	3.0
1266.023	2.0	trials	go_tone	8000.0	80.0	1266.023	0.1	False				False					nolight	0.0	nan	False		False	2.0
1277.375	2.0	trials	go_tone	8000.0	80.0	1277.375	0.1	False				True	100.0	12.0	1277.325	1277.775	audio	450.0	wS2	False		False	2.0
1288.354	2.0	trials	no_tone					True	5.0	1289.354	0.01	False					nolight	0.0	nan	True	1291.122	False	5.0
1299.614	2.0	trials	nogo_tone	4000.0	80.0	1299.614	0.1	True	5.0	1300.614	0.01	True	100.0	12.0	1300.0140000000001	1300.564	delay	550.0	wS2	False		False	3.0
1311.049	2.0	trials	no_tone					True	5.0	1312.049	0.01	False					nolight	0.0	nan	False		False	5.0
1322.194	2.0	trials	nogo_tone	4000.0	80.0	1322.194	0.1	False				False					nolight	0.0	nan	False		False	4.0
1333.085	2.0	trials	go_tone	8000.0	80.0	1333.085	0.1	False				False					nolight	0.0	nan	True	1335.515	True	2.0
1345.525	2.0	trials	go_tone	8000.0	80.0	1345.525	0.1	False				False					nolight	0.0	nan	True	1348.259	False	2.0
1356.897	2.0	trials	nogo_tone	4000.0	80.0	1356.897	0.1	False				False					nolight	0.0	nan	False		False	4.0
1369.295	2.0	trials	no_tone					True	5.0	1370.295	0.01	False					nolight	0.0	nan	False		False	5.0
1380.715	2.0	trials	go_tone	8000.0	80.0	1380.715	0.1	True	5.0	1381.715	0.01	True	100.0	12.0	1380.665	1381.115	audio	450.0	wS2	True	1383.435	False	1.0
1391.706	2.0	trials	nogo_tone	4000.0	80.0	1391.706	0.1	False				True	100.0	12.0	1392.106	1392.656	delay	550.0	wS2	True	1392.906	True	4.0
1402.906	2.0	trials	nogo_tone	4000.0	80.0	1402.906	0.1	False				True	100.0	12.0	1403.306	1403.856	delay	550.0	wS2	False		False	4.0
1413.596	2.0	trials	go_tone	8000.0	80.0	1413.596	0.1	False				True	100.0	12.0	1413.546	1413.996	audio	450.0	wS2	False		False	2.0
1425.006	2.0	trials	nogo_tone	4000.0	80.0	1425.006	0.1	False				False					nolight	0.0	nan	False		False	4.0
1436.266	2.0	trials	no_tone					True	5.0	1437.266	0.01	False					nolight	0.0	nan	False		False	5.0
1447.368	2.0	trials	go_tone	8000.0	80.0	1447.368	0.1	True	5.0	1448.368	0.01	False					nolight	0.0	nan	True	1450.407	False	1.0
1458.848	2.0	trials	nogo_tone	4000.0	80.0	1458.848	0.1	False				False					nolight	0.0	nan	False		False	4.0
1469.817	2.0	trials	nogo_tone	4000.0	80.0	1469.817	0.1	False				True	100.0	12.0	1470.767	1471.117	whisker	350.0	wS2	False		False	4.0
1480.949	2.0	trials	go_tone	8000.0	80.0	1480.949	0.1	False				False					nolight	0.0	nan	False		False	2.0
1532.041	2.0	trials	nogo_tone	4000.0	80.0	1532.041	0.1	True	5.0	1533.041	0.01	False					nolight	0.0	nan	False		False	3.0
1543.488	2.0	trials	nogo_tone	4000.0	80.0	1543.488	0.1	True	5.0	1544.488	0.01	False					nolight	0.0	nan	False		False	3.0
1554.409	2.0	trials	go_tone	8000.0	80.0	1554.409	0.1	True	5.0	1555.409	0.01	False					nolight	0.0	nan	True	1557.057	False	1.0
1565.818	2.0	trials	nogo_tone	4000.0	80.0	1565.818	0.1	False				True	100.0	12.0	1565.768	1566.218	audio	450.0	wS2	False		False	4.0
1577.209	2.0	trials	nogo_tone	4000.0	80.0	1577.209	0.1	False				False					nolight	0.0	nan	False		False	4.0
1587.979	2.0	trials	nogo_tone	4000.0	80.0	1587.979	0.1	True	5.0	1588.979	0.01	True	100.0	12.0	1587.929	1588.3790000000001	audio	450.0	wS2	False		False	3.0
1598.949	2.0	trials	go_tone	8000.0	80.0	1598.949	0.1	True	5.0	1599.949	0.01	False					nolight	0.0	nan	True	1601.835	False	1.0
1610.451	2.0	trials	nogo_tone	4000.0	80.0	1610.451	0.1	True	5.0	1611.451	0.01	False					nolight	0.0	nan	False		False	3.0
1621.15	2.0	trials	go_tone	8000.0	80.0	1621.15	0.1	False				True	100.0	12.0	1621.5500000000002	1622.1000000000001	delay	550.0	wS2	True	1623.902	False	2.0
1632.19	2.0	trials	nogo_tone	4000.0	80.0	1632.19	0.1	True	5.0	1633.19	0.01	False					nolight	0.0	nan	False		False	3.0
1643.2	2.0	trials	no_tone					True	5.0	1644.2	0.01	False					nolight	0.0	nan	False		False	5.0
1654.202	2.0	trials	no_tone					True	5.0	1655.202	0.01	True	100.0	12.0	1654.152	1654.602	audio	450.0	wS2	False		False	5.0
1664.822	2.0	trials	go_tone	8000.0	80.0	1664.822	0.1	False				False					nolight	0.0	nan	True	1668.0939999999998	False	2.0
1675.563	2.0	trials	go_tone	8000.0	80.0	1675.563	0.1	False				False					nolight	0.0	nan	False		False	2.0
1686.252	2.0	trials	nogo_tone	4000.0	80.0	1686.252	0.1	True	5.0	1687.252	0.01	False					nolight	0.0	nan	False		False	3.0
1697.311	2.0	trials	go_tone	8000.0	80.0	1697.311	0.1	True	5.0	1698.311	0.01	True	100.0	12.0	1698.261	1698.6109999999999	whisker	350.0	wS2	True	1700.145	False	1.0
1710.323	2.0	trials	go_tone	8000.0	80.0	1710.323	0.1	True	5.0	1711.323	0.01	False					nolight	0.0	nan	True	1712.9850000000001	False	1.0
1721.875	2.0	trials	no_tone					True	5.0	1722.875	0.01	True	100.0	12.0	1722.275	1722.825	delay	550.0	wS2	True	1724.653	False	5.0
1733.232	2.0	trials	nogo_tone	4000.0	80.0	1733.232	0.1	True	5.0	1734.232	0.01	True	100.0	12.0	1734.182	1734.532	whisker	350.0	wS2	False		False	3.0
1744.522	2.0	trials	go_tone	8000.0	80.0	1744.522	0.1	True	5.0	1745.522	0.01	False					nolight	0.0	nan	True	1745.152	True	1.0
1755.162	2.0	trials	go_tone	8000.0	80.0	1755.162	0.1	True	5.0	1756.162	0.01	False					nolight	0.0	nan	True	1758.028	False	1.0
1766.272	2.0	trials	go_tone	8000.0	80.0	1766.272	0.1	True	5.0	1767.272	0.01	False					nolight	0.0	nan	True	1768.561	True	1.0
1778.562	2.0	trials	go_tone	8000.0	80.0	1778.562	0.1	True	5.0	1779.562	0.01	False					nolight	0.0	nan	True	1781.283	False	1.0
1789.623	2.0	trials	go_tone	8000.0	80.0	1789.623	0.1	False				False					nolight	0.0	nan	False		False	2.0
1800.563	2.0	trials	nogo_tone	4000.0	80.0	1800.563	0.1	True	5.0	1801.563	0.01	False					nolight	0.0	nan	False		False	3.0
1811.515	2.0	trials	nogo_tone	4000.0	80.0	1811.515	0.1	False				False					nolight	0.0	nan	False		False	4.0
1822.673	2.0	trials	go_tone	8000.0	80.0	1822.673	0.1	True	5.0	1823.673	0.01	True	100.0	12.0	1823.073	1823.623	delay	550.0	wS2	True	1825.372	False	1.0
1833.915	2.0	trials	no_tone					True	5.0	1834.915	0.01	True	100.0	12.0	1834.865	1835.215	whisker	350.0	wS2	False		False	5.0
1844.583	2.0	trials	go_tone	8000.0	80.0	1844.583	0.1	False				False					nolight	0.0	nan	True	1846.9060000000002	True	2.0
1856.914	2.0	trials	go_tone	8000.0	80.0	1856.914	0.1	False				False					nolight	0.0	nan	True	1860.065	False	2.0
1867.686	2.0	trials	no_tone					True	5.0	1868.686	0.01	False					nolight	0.0	nan	False		False	5.0
1879.214	2.0	trials	no_tone					True	5.0	1880.214	0.01	False					nolight	0.0	nan	False		False	5.0
1890.475	2.0	trials	go_tone	8000.0	80.0	1890.475	0.1	False				True	100.0	12.0	1891.425	1891.7749999999999	whisker	350.0	wS2	True	1892.954	True	2.0
1902.956	2.0	trials	go_tone	8000.0	80.0	1902.956	0.1	False				True	100.0	12.0	1903.906	1904.2559999999999	whisker	350.0	wS2	False		False	2.0
1914.195	2.0	trials	go_tone	8000.0	80.0	1914.195	0.1	False				False					nolight	0.0	nan	False		False	2.0
1925.735	2.0	trials	no_tone					True	5.0	1926.735	0.01	False					nolight	0.0	nan	False		False	5.0
1936.795	2.0	trials	nogo_tone	4000.0	80.0	1936.795	0.1	True	5.0	1937.795	0.01	False					nolight	0.0	nan	False		False	3.0
1947.495	2.0	trials	go_tone	8000.0	80.0	1947.495	0.1	False				False					nolight	0.0	nan	True	1948.175	True	2.0
1960.236	2.0	trials	go_tone	8000.0	80.0	1960.236	0.1	False				False					nolight	0.0	nan	False		False	2.0
1971.158	2.0	trials	go_tone	8000.0	80.0	1971.158	0.1	True	5.0	1972.158	0.01	False					nolight	0.0	nan	True	1973.8339999999998	False	1.0
1981.796	2.0	trials	nogo_tone	4000.0	80.0	1981.796	0.1	True	5.0	1982.796	0.01	False					nolight	0.0	nan	True	1981.885	True	3.0
1991.887	2.0	trials	nogo_tone	4000.0	80.0	1991.887	0.1	True	5.0	1992.887	0.01	False					nolight	0.0	nan	False		False	3.0
2003.196	2.0	trials	nogo_tone	4000.0	80.0	2003.196	0.1	True	5.0	2004.196	0.01	True	100.0	12.0	2003.596	2004.146	delay	550.0	wS2	False		False	3.0
2014.224	2.0	trials	nogo_tone	4000.0	80.0	2014.224	0.1	False				False					nolight	0.0	nan	False		False	4.0
2025.691	2.0	trials	go_tone	8000.0	80.0	2025.691	0.1	True	5.0	2026.691	0.01	False					nolight	0.0	nan	False		False	1.0
2055.247	2.0	trials	nogo_tone	4000.0	80.0	2055.247	0.1	False				False					nolight	0.0	nan	False		False	4.0
2065.827	2.0	trials	no_tone					True	5.0	2066.827	0.01	True	100.0	12.0	2066.777	2067.1270000000004	whisker	350.0	wS2	False		False	5.0
2076.419	2.0	trials	nogo_tone	4000.0	80.0	2076.419	0.1	False				False					nolight	0.0	nan	False		False	4.0
2088.63	2.0	trials	no_tone					True	5.0	2089.63	0.01	False					nolight	0.0	nan	False		False	5.0
2099.29	2.0	trials	go_tone	8000.0	80.0	2099.29	0.1	True	5.0	2100.29	0.01	False					nolight	0.0	nan	True	2101.0879999999997	True	1.0
2113.38	2.0	trials	go_tone	8000.0	80.0	2113.38	0.1	True	5.0	2114.38	0.01	False					nolight	0.0	nan	False		False	1.0
2124.549	2.0	trials	nogo_tone	4000.0	80.0	2124.549	0.1	False				False					nolight	0.0	nan	True	2126.698	True	4.0
2136.701	2.0	trials	nogo_tone	4000.0	80.0	2136.701	0.1	False				False					nolight	0.0	nan	False		False	4.0
2147.631	2.0	trials	go_tone	8000.0	80.0	2147.631	0.1	True	5.0	2148.631	0.01	True	100.0	12.0	2148.031	2148.5809999999997	delay	550.0	wS2	True	2148.955	True	1.0
2158.955	2.0	trials	go_tone	8000.0	80.0	2158.955	0.1	True	5.0	2159.955	0.01	True	100.0	12.0	2159.355	2159.9049999999997	delay	550.0	wS2	False		False	1.0
2170.109	2.0	trials	nogo_tone	4000.0	80.0	2170.109	0.1	False				True	100.0	12.0	2170.509	2171.0589999999997	delay	550.0	wS2	False		False	4.0
2180.667	2.0	trials	no_tone					True	5.0	2181.667	0.01	False					nolight	0.0	nan	False		False	5.0
2191.86	2.0	trials	no_tone					True	5.0	2192.86	0.01	True	100.0	12.0	2191.81	2192.26	audio	450.0	wS2	False		False	5.0
2203.382	2.0	trials	go_tone	8000.0	80.0	2203.382	0.1	False				False					nolight	0.0	nan	False		False	2.0
2214.68	2.0	trials	nogo_tone	4000.0	80.0	2214.68	0.1	True	5.0	2215.68	0.01	False					nolight	0.0	nan	False		False	3.0
2226.04	2.0	trials	nogo_tone	4000.0	80.0	2226.04	0.1	False				False					nolight	0.0	nan	False		False	4.0
2237.542	2.0	trials	nogo_tone	4000.0	80.0	2237.542	0.1	False				True	100.0	12.0	2237.4919999999997	2237.942	audio	450.0	wS2	False		False	4.0
2248.962	2.0	trials	go_tone	8000.0	80.0	2248.962	0.1	True	5.0	2249.962	0.01	False					nolight	0.0	nan	False		False	1.0
2260.113	2.0	trials	go_tone	8000.0	80.0	2260.113	0.1	True	5.0	2261.113	0.01	True	100.0	12.0	2260.0629999999996	2260.513	audio	450.0	wS2	False		False	1.0
2271.133	2.0	trials	go_tone	8000.0	80.0	2271.133	0.1	False				True	100.0	12.0	2271.0829999999996	2271.533	audio	450.0	wS2	False		False	2.0
2281.783	2.0	trials	nogo_tone	4000.0	80.0	2281.783	0.1	False				False					nolight	0.0	nan	False		False	4.0
2292.453	2.0	trials	nogo_tone	4000.0	80.0	2292.453	0.1	True	5.0	2293.453	0.01	False					nolight	0.0	nan	False		False	3.0
2303.023	2.0	trials	go_tone	8000.0	80.0	2303.023	0.1	False				True	100.0	12.0	2303.4230000000002	2303.973	delay	550.0	wS2	False		False	2.0
2313.644	2.0	trials	nogo_tone	4000.0	80.0	2313.644	0.1	False				True	100.0	12.0	2314.5939999999996	2314.944	whisker	350.0	wS2	False		False	4.0
2325.032	2.0	trials	nogo_tone	4000.0	80.0	2325.032	0.1	True	5.0	2326.032	0.01	True	100.0	12.0	2325.982	2326.3320000000003	whisker	350.0	wS2	False		False	3.0
2336.024	2.0	trials	nogo_tone	4000.0	80.0	2336.024	0.1	True	5.0	2337.024	0.01	True	100.0	12.0	2335.9739999999997	2336.424	audio	450.0	wS2	False		False	3.0
2346.984	2.0	trials	go_tone	8000.0	80.0	2346.984	0.1	True	5.0	2347.984	0.01	False					nolight	0.0	nan	True	2348.572	True	1.0
2358.574	2.0	trials	go_tone	8000.0	80.0	2358.574	0.1	True	5.0	2359.574	0.01	False					nolight	0.0	nan	True	2361.821	False	1.0
2369.563	2.0	trials	go_tone	8000.0	80.0	2369.563	0.1	True	5.0	2370.563	0.01	True	100.0	12.0	2370.513	2370.8630000000003	whisker	350.0	wS2	False		False	1.0
2380.414	2.0	trials	go_tone	8000.0	80.0	2380.414	0.1	False				False					nolight	0.0	nan	False		False	2.0
2391.821	2.0	trials	no_tone					True	5.0	2392.821	0.01	True	100.0	12.0	2392.221	2392.7709999999997	delay	550.0	wS2	False		False	5.0
2402.724	2.0	trials	nogo_tone	4000.0	80.0	2402.724	0.1	True	5.0	2403.724	0.01	False					nolight	0.0	nan	False		False	3.0
2413.835	2.0	trials	go_tone	8000.0	80.0	2413.835	0.1	False				True	100.0	12.0	2414.785	2415.135	whisker	350.0	wS2	False		False	2.0
2424.684	2.0	trials	go_tone	8000.0	80.0	2424.684	0.1	False				False					nolight	0.0	nan	False		False	2.0
2436.204	2.0	trials	go_tone	8000.0	80.0	2436.204	0.1	True	5.0	2437.204	0.01	False					nolight	0.0	nan	False		False	1.0
2447.115	2.0	trials	nogo_tone	4000.0	80.0	2447.115	0.1	True	5.0	2448.115	0.01	False					nolight	0.0	nan	False		False	3.0
2457.806	2.0	trials	go_tone	8000.0	80.0	2457.806	0.1	False				False					nolight	0.0	nan	False		False	2.0
2469.005	2.0	trials	no_tone					True	5.0	2470.005	0.01	False					nolight	0.0	nan	False		False	5.0
2480.148	2.0	trials	no_tone					True	5.0	2481.148	0.01	False					nolight	0.0	nan	False		False	5.0
2491.335	2.0	trials	no_tone					True	5.0	2492.335	0.01	False					nolight	0.0	nan	False		False	5.0
2502.315	2.0	trials	no_tone					True	5.0	2503.315	0.01	False					nolight	0.0	nan	False		False	5.0
2513.765	2.0	trials	go_tone	8000.0	80.0	2513.765	0.1	False				True	100.0	12.0	2514.7149999999997	2515.065	whisker	350.0	wS2	False		False	2.0
2524.486	2.0	trials	go_tone	8000.0	80.0	2524.486	0.1	False				False					nolight	0.0	nan	False		False	2.0
2535.466	2.0	trials	nogo_tone	4000.0	80.0	2535.466	0.1	False				False					nolight	0.0	nan	False		False	4.0
2546.756	2.0	trials	no_tone					True	5.0	2547.756	0.01	False					nolight	0.0	nan	False		False	5.0
2557.836	2.0	trials	no_tone					True	5.0	2558.836	0.01	True	100.0	12.0	2558.236	2558.7859999999996	delay	550.0	wS2	False		False	5.0
2569.397	2.0	trials	go_tone	8000.0	80.0	2569.397	0.1	True	5.0	2570.397	0.01	False					nolight	0.0	nan	True	2572.418	False	1.0
2581.518	2.0	trials	nogo_tone	4000.0	80.0	2581.518	0.1	False				False					nolight	0.0	nan	False		False	4.0
2592.937	2.0	trials	go_tone	8000.0	80.0	2592.937	0.1	True	5.0	2593.937	0.01	True	100.0	12.0	2593.8869999999997	2594.237	whisker	350.0	wS2	True	2595.461	True	1.0
2605.467	2.0	trials	go_tone	8000.0	80.0	2605.467	0.1	True	5.0	2606.467	0.01	True	100.0	12.0	2606.417	2606.7670000000003	whisker	350.0	wS2	True	2607.7980000000002	True	1.0
2617.807	2.0	trials	go_tone	8000.0	80.0	2617.807	0.1	True	5.0	2618.807	0.01	True	100.0	12.0	2618.7569999999996	2619.107	whisker	350.0	wS2	True	2619.2969999999996	True	1.0
2629.297	2.0	trials	go_tone	8000.0	80.0	2629.297	0.1	True	5.0	2630.297	0.01	True	100.0	12.0	2630.247	2630.597	whisker	350.0	wS2	True	2632.313	False	1.0
2640.109	2.0	trials	go_tone	8000.0	80.0	2640.109	0.1	False				True	100.0	12.0	2640.0589999999997	2640.509	audio	450.0	wS2	False		False	2.0
2650.858	2.0	trials	nogo_tone	4000.0	80.0	2650.858	0.1	True	5.0	2651.858	0.01	False					nolight	0.0	nan	False		False	3.0
2662.098	2.0	trials	no_tone					True	5.0	2663.098	0.01	True	100.0	12.0	2662.048	2662.498	audio	450.0	wS2	False		False	5.0
2673.051	2.0	trials	go_tone	8000.0	80.0	2673.051	0.1	True	5.0	2674.051	0.01	False					nolight	0.0	nan	True	2675.794	False	1.0
2685.94	2.0	trials	nogo_tone	4000.0	80.0	2685.94	0.1	False				False					nolight	0.0	nan	False		False	4.0
2697.17	2.0	trials	go_tone	8000.0	80.0	2697.17	0.1	False				True	100.0	12.0	2697.57	2698.12	delay	550.0	wS2	False		False	2.0
2708.281	2.0	trials	nogo_tone	4000.0	80.0	2708.281	0.1	False				False					nolight	0.0	nan	False		False	4.0
2719.709	2.0	trials	no_tone					True	5.0	2720.709	0.01	False					nolight	0.0	nan	False		False	5.0
2730.549	2.0	trials	go_tone	8000.0	80.0	2730.549	0.1	False				False					nolight	0.0	nan	True	2732.929	True	2.0
2742.929	2.0	trials	go_tone	8000.0	80.0	2742.929	0.1	False				False					nolight	0.0	nan	False		False	2.0
2753.81	2.0	trials	go_tone	8000.0	80.0	2753.81	0.1	True	5.0	2754.81	0.01	True	100.0	12.0	2753.7599999999998	2754.21	audio	450.0	wS2	False		False	1.0
2765.212	2.0	trials	nogo_tone	4000.0	80.0	2765.212	0.1	True	5.0	2766.212	0.01	False					nolight	0.0	nan	False		False	3.0
2776.121	2.0	trials	no_tone					True	5.0	2777.121	0.01	True	100.0	12.0	2777.071	2777.4210000000003	whisker	350.0	wS2	False		False	5.0
2787.271	2.0	trials	nogo_tone	4000.0	80.0	2787.271	0.1	False				False					nolight	0.0	nan	False		False	4.0
2798.482	2.0	trials	go_tone	8000.0	80.0	2798.482	0.1	False				False					nolight	0.0	nan	True	2801.144	False	2.0
2809.883	2.0	trials	go_tone	8000.0	80.0	2809.883	0.1	True	5.0	2810.883	0.01	False					nolight	0.0	nan	True	2812.7459999999996	False	1.0
2820.923	2.0	trials	nogo_tone	4000.0	80.0	2820.923	0.1	True	5.0	2821.923	0.01	True	100.0	12.0	2820.8729999999996	2821.323	audio	450.0	wS2	False		False	3.0
2831.781	2.0	trials	go_tone	8000.0	80.0	2831.781	0.1	False				False					nolight	0.0	nan	True	2834.412	False	2.0
2842.503	2.0	trials	no_tone					True	5.0	2843.503	0.01	False					nolight	0.0	nan	False		False	5.0
2853.261	2.0	trials	nogo_tone	4000.0	80.0	2853.261	0.1	True	5.0	2854.261	0.01	True	100.0	12.0	2853.661	2854.211	delay	550.0	wS2	False		False	3.0
2863.831	2.0	trials	nogo_tone	4000.0	80.0	2863.831	0.1	True	5.0	2864.831	0.01	True	100.0	12.0	2864.781	2865.1310000000003	whisker	350.0	wS2	False		False	3.0
2874.852	2.0	trials	no_tone					True	5.0	2875.852	0.01	False					nolight	0.0	nan	False		False	5.0
2886.264	2.0	trials	nogo_tone	4000.0	80.0	2886.264	0.1	False				False					nolight	0.0	nan	False		False	4.0
2897.264	2.0	trials	nogo_tone	4000.0	80.0	2897.264	0.1	True	5.0	2898.264	0.01	False					nolight	0.0	nan	False		False	3.0
2940.013	2.0	trials	nogo_tone	4000.0	80.0	2940.013	0.1	False				True	100.0	12.0	2940.413	2940.9629999999997	delay	550.0	wS2	False		False	4.0
2951.045	2.0	trials	no_tone					True	5.0	2952.045	0.01	False					nolight	0.0	nan	False		False	5.0
2962.024	2.0	trials	nogo_tone	4000.0	80.0	2962.024	0.1	True	5.0	2963.024	0.01	False					nolight	0.0	nan	False		False	3.0
2973.376	2.0	trials	go_tone	8000.0	80.0	2973.376	0.1	False				False					nolight	0.0	nan	False		False	2.0
2984.344	2.0	trials	go_tone	8000.0	80.0	2984.344	0.1	True	5.0	2985.344	0.01	False					nolight	0.0	nan	True	2987.1330000000003	False	1.0
2995.37	2.0	trials	nogo_tone	4000.0	80.0	2995.37	0.1	True	5.0	2996.37	0.01	False					nolight	0.0	nan	False		False	3.0
3006.736	2.0	trials	go_tone	8000.0	80.0	3006.736	0.1	True	5.0	3007.736	0.01	False					nolight	0.0	nan	True	3009.591	False	1.0
3017.945	2.0	trials	go_tone	8000.0	80.0	3017.945	0.1	False				False					nolight	0.0	nan	True	3020.085	True	2.0
3030.086	2.0	trials	go_tone	8000.0	80.0	3030.086	0.1	False				False					nolight	0.0	nan	False		False	2.0
3041.237	2.0	trials	nogo_tone	4000.0	80.0	3041.237	0.1	False				True	100.0	12.0	3041.187	3041.637	audio	450.0	wS2	False		False	4.0
3052.207	2.0	trials	nogo_tone	4000.0	80.0	3052.207	0.1	False				True	100.0	12.0	3053.1569999999997	3053.507	whisker	350.0	wS2	False		False	4.0
3063.615	2.0	trials	nogo_tone	4000.0	80.0	3063.615	0.1	True	5.0	3064.615	0.01	False					nolight	0.0	nan	False		False	3.0
3074.776	2.0	trials	go_tone	8000.0	80.0	3074.776	0.1	True	5.0	3075.776	0.01	False					nolight	0.0	nan	True	3077.571	False	1.0
3085.386	2.0	trials	go_tone	8000.0	80.0	3085.386	0.1	True	5.0	3086.386	0.01	True	100.0	12.0	3085.786	3086.336	delay	550.0	wS2	True	3088.101	False	1.0
3096.346	2.0	trials	go_tone	8000.0	80.0	3096.346	0.1	False				True	100.0	12.0	3097.296	3097.646	whisker	350.0	wS2	True	3098.046	True	2.0
3108.046	2.0	trials	go_tone	8000.0	80.0	3108.046	0.1	False				True	100.0	12.0	3108.9959999999996	3109.346	whisker	350.0	wS2	True	3110.5049999999997	True	2.0
3120.506	2.0	trials	go_tone	8000.0	80.0	3120.506	0.1	False				True	100.0	12.0	3121.4559999999997	3121.806	whisker	350.0	wS2	False		False	2.0
3131.628	2.0	trials	no_tone					True	5.0	3132.628	0.01	True	100.0	12.0	3131.578	3132.0280000000002	audio	450.0	wS2	False		False	5.0
3142.577	2.0	trials	no_tone					True	5.0	3143.577	0.01	False					nolight	0.0	nan	False		False	5.0
3153.409	2.0	trials	go_tone	8000.0	80.0	3153.409	0.1	True	5.0	3154.409	0.01	False					nolight	0.0	nan	True	3156.163	False	1.0
3164.479	2.0	trials	go_tone	8000.0	80.0	3164.479	0.1	True	5.0	3165.479	0.01	False					nolight	0.0	nan	True	3167.1699999999996	False	1.0
3175.807	2.0	trials	no_tone					True	5.0	3176.807	0.01	False					nolight	0.0	nan	False		False	5.0
3186.658	2.0	trials	nogo_tone	4000.0	80.0	3186.658	0.1	True	5.0	3187.658	0.01	False					nolight	0.0	nan	False		False	3.0
3197.839	2.0	trials	nogo_tone	4000.0	80.0	3197.839	0.1	False				True	100.0	12.0	3198.7889999999998	3199.139	whisker	350.0	wS2	False		False	4.0
3208.778	2.0	trials	no_tone					True	5.0	3209.778	0.01	False					nolight	0.0	nan	True	3211.9979999999996	False	5.0
3219.539	2.0	trials	nogo_tone	4000.0	80.0	3219.539	0.1	True	5.0	3220.539	0.01	False					nolight	0.0	nan	False		False	3.0
3231.106	2.0	trials	go_tone	8000.0	80.0	3231.106	0.1	True	5.0	3232.106	0.01	False					nolight	0.0	nan	True	3234.038	False	1.0
3242.29	2.0	trials	go_tone	8000.0	80.0	3242.29	0.1	True	5.0	3243.29	0.01	True	100.0	12.0	3243.24	3243.59	whisker	350.0	wS2	True	3244.029	True	1.0
3254.03	2.0	trials	go_tone	8000.0	80.0	3254.03	0.1	True	5.0	3255.03	0.01	True	100.0	12.0	3254.98	3255.3300000000004	whisker	350.0	wS2	True	3254.3540000000003	True	1.0
3264.359	2.0	trials	go_tone	8000.0	80.0	3264.359	0.1	True	5.0	3265.359	0.01	True	100.0	12.0	3265.3089999999997	3265.659	whisker	350.0	wS2	True	3266.759	True	1.0
3276.759	2.0	trials	go_tone	8000.0	80.0	3276.759	0.1	True	5.0	3277.759	0.01	True	100.0	12.0	3277.709	3278.059	whisker	350.0	wS2	True	3279.757	False	1.0
3287.789	2.0	trials	nogo_tone	4000.0	80.0	3287.789	0.1	True	5.0	3288.789	0.01	True	100.0	12.0	3288.739	3289.0890000000004	whisker	350.0	wS2	False		False	3.0
3298.611	2.0	trials	go_tone	8000.0	80.0	3298.611	0.1	True	5.0	3299.611	0.01	False					nolight	0.0	nan	True	3301.4559999999997	False	1.0
3309.74	2.0	trials	go_tone	8000.0	80.0	3309.74	0.1	True	5.0	3310.74	0.01	True	100.0	12.0	3309.6899999999996	3310.14	audio	450.0	wS2	True	3311.962	True	1.0
3321.97	2.0	trials	go_tone	8000.0	80.0	3321.97	0.1	True	5.0	3322.97	0.01	True	100.0	12.0	3321.9199999999996	3322.37	audio	450.0	wS2	True	3324.6589999999997	False	1.0
3332.552	2.0	trials	go_tone	8000.0	80.0	3332.552	0.1	False				False					nolight	0.0	nan	True	3334.775	True	2.0
3344.78	2.0	trials	go_tone	8000.0	80.0	3344.78	0.1	False				False					nolight	0.0	nan	False		False	2.0
3356.051	2.0	trials	go_tone	8000.0	80.0	3356.051	0.1	False				False					nolight	0.0	nan	True	3356.901	True	2.0
3366.901	2.0	trials	go_tone	8000.0	80.0	3366.901	0.1	False				False					nolight	0.0	nan	False		False	2.0
3377.861	2.0	trials	no_tone					True	5.0	3378.861	0.01	True	100.0	12.0	3378.8109999999997	3379.161	whisker	350.0	wS2	False		False	5.0
3389.392	2.0	trials	go_tone	8000.0	80.0	3389.392	0.1	True	5.0	3390.392	0.01	True	100.0	12.0	3389.792	3390.3419999999996	delay	550.0	wS2	True	3391.8619999999996	True	1.0
3401.872	2.0	trials	go_tone	8000.0	80.0	3401.872	0.1	True	5.0	3402.872	0.01	True	100.0	12.0	3402.272	3402.8219999999997	delay	550.0	wS2	True	3404.421	True	1.0
3414.421	2.0	trials	go_tone	8000.0	80.0	3414.421	0.1	True	5.0	3415.421	0.01	True	100.0	12.0	3414.821	3415.3709999999996	delay	550.0	wS2	True	3417.154	False	1.0
3425.312	2.0	trials	go_tone	8000.0	80.0	3425.312	0.1	False				True	100.0	12.0	3425.2619999999997	3425.712	audio	450.0	wS2	True	3427.611	True	2.0
3437.612	2.0	trials	go_tone	8000.0	80.0	3437.612	0.1	False				True	100.0	12.0	3437.562	3438.012	audio	450.0	wS2	True	3438.052	True	2.0
3448.062	2.0	trials	go_tone	8000.0	80.0	3448.062	0.1	False				True	100.0	12.0	3448.0119999999997	3448.462	audio	450.0	wS2	False		False	2.0
3458.772	2.0	trials	nogo_tone	4000.0	80.0	3458.772	0.1	False				True	100.0	12.0	3458.7219999999998	3459.172	audio	450.0	wS2	False		False	4.0
3469.362	2.0	trials	no_tone					True	5.0	3470.362	0.01	True	100.0	12.0	3469.762	3470.312	delay	550.0	wS2	True	3469.492	True	5.0
3479.494	2.0	trials	no_tone					True	5.0	3480.494	0.01	True	100.0	12.0	3479.8940000000002	3480.444	delay	550.0	wS2	False		False	5.0
3490.873	2.0	trials	go_tone	8000.0	80.0	3490.873	0.1	False				True	100.0	12.0	3491.273	3491.823	delay	550.0	wS2	False		False	2.0
3502.023	2.0	trials	no_tone					True	5.0	3503.023	0.01	False					nolight	0.0	nan	False		False	5.0
3513.565	2.0	trials	go_tone	8000.0	80.0	3513.565	0.1	False				False					nolight	0.0	nan	True	3515.743	True	2.0
3525.745	2.0	trials	go_tone	8000.0	80.0	3525.745	0.1	False				False					nolight	0.0	nan	True	3528.143	True	2.0
3538.144	2.0	trials	go_tone	8000.0	80.0	3538.144	0.1	False				False					nolight	0.0	nan	True	3540.0939999999996	True	2.0
3550.099	2.0	trials	go_tone	8000.0	80.0	3550.099	0.1	False				False					nolight	0.0	nan	True	3553.052	False	2.0
3561.585	2.0	trials	nogo_tone	4000.0	80.0	3561.585	0.1	False				False					nolight	0.0	nan	False		False	4.0
3572.334	2.0	trials	nogo_tone	4000.0	80.0	3572.334	0.1	False				False					nolight	0.0	nan	False		False	4.0
3583.136	2.0	trials	no_tone					True	5.0	3584.136	0.01	False					nolight	0.0	nan	False		False	5.0
3594.186	2.0	trials	go_tone	8000.0	80.0	3594.186	0.1	True	5.0	3595.186	0.01	False					nolight	0.0	nan	True	3596.926	False	1.0
3605.185	2.0	trials	nogo_tone	4000.0	80.0	3605.185	0.1	False				False					nolight	0.0	nan	False		False	4.0
3616.545	2.0	trials	go_tone	8000.0	80.0	3616.545	0.1	False				False					nolight	0.0	nan	True	3619.114	False	2.0
3627.173	2.0	trials	nogo_tone	4000.0	80.0	3627.173	0.1	False				True	100.0	12.0	3627.573	3628.1229999999996	delay	550.0	wS2	False		False	4.0
3638.437	2.0	trials	go_tone	8000.0	80.0	3638.437	0.1	True	5.0	3639.437	0.01	False					nolight	0.0	nan	True	3641.182	False	1.0
3649.996	2.0	trials	nogo_tone	4000.0	80.0	3649.996	0.1	False				False					nolight	0.0	nan	True	3653.168	False	4.0
3661.096	2.0	trials	nogo_tone	4000.0	80.0	3661.096	0.1	False				False					nolight	0.0	nan	False		False	4.0
3671.746	2.0	trials	go_tone	8000.0	80.0	3671.746	0.1	False				False					nolight	0.0	nan	True	3673.503	True	2.0
3683.504	2.0	trials	go_tone	8000.0	80.0	3683.504	0.1	False				False					nolight	0.0	nan	True	3685.99	True	2.0
3695.998	2.0	trials	go_tone	8000.0	80.0	3695.998	0.1	False				False					nolight	0.0	nan	True	3697.622	True	2.0
3707.627	2.0	trials	go_tone	8000.0	80.0	3707.627	0.1	False				False					nolight	0.0	nan	False		False	2.0
3718.928	2.0	trials	no_tone					True	5.0	3719.928	0.01	False					nolight	0.0	nan	False		False	5.0
3729.629	2.0	trials	nogo_tone	4000.0	80.0	3729.629	0.1	True	5.0	3730.629	0.01	True	100.0	12.0	3730.029	3730.5789999999997	delay	550.0	wS2	True	3732.947	False	3.0
3740.479	2.0	trials	nogo_tone	4000.0	80.0	3740.479	0.1	True	5.0	3741.479	0.01	False					nolight	0.0	nan	False		False	3.0
3751.137	2.0	trials	go_tone	8000.0	80.0	3751.137	0.1	False				False					nolight	0.0	nan	False		False	2.0
3762.669	2.0	trials	nogo_tone	4000.0	80.0	3762.669	0.1	True	5.0	3763.669	0.01	False					nolight	0.0	nan	False		False	3.0
3773.419	2.0	trials	nogo_tone	4000.0	80.0	3773.419	0.1	True	5.0	3774.419	0.01	False					nolight	0.0	nan	False		False	3.0
3784.71	2.0	trials	nogo_tone	4000.0	80.0	3784.71	0.1	False				False					nolight	0.0	nan	False		False	4.0
3795.282	2.0	trials	nogo_tone	4000.0	80.0	3795.282	0.1	True	5.0	3796.282	0.01	True	100.0	12.0	3795.232	3795.6820000000002	audio	450.0	wS2	False		False	3.0
3806.54	2.0	trials	nogo_tone	4000.0	80.0	3806.54	0.1	True	5.0	3807.54	0.01	False					nolight	0.0	nan	False		False	3.0
3817.58	2.0	trials	nogo_tone	4000.0	80.0	3817.58	0.1	True	5.0	3818.58	0.01	True	100.0	12.0	3818.5299999999997	3818.88	whisker	350.0	wS2	False		False	3.0
3828.469	2.0	trials	go_tone	8000.0	80.0	3828.469	0.1	False				False					nolight	0.0	nan	False		False	2.0
3839.291	2.0	trials	no_tone					True	5.0	3840.291	0.01	True	100.0	12.0	3839.6910000000003	3840.241	delay	550.0	wS2	False		False	5.0
3850.42	2.0	trials	nogo_tone	4000.0	80.0	3850.42	0.1	True	5.0	3851.42	0.01	False					nolight	0.0	nan	False		False	3.0
3861.789	2.0	trials	nogo_tone	4000.0	80.0	3861.789	0.1	False				False					nolight	0.0	nan	False		False	4.0
3872.469	2.0	trials	nogo_tone	4000.0	80.0	3872.469	0.1	True	5.0	3873.469	0.01	True	100.0	12.0	3872.419	3872.869	audio	450.0	wS2	False		False	3.0
3883.861	2.0	trials	nogo_tone	4000.0	80.0	3883.861	0.1	False				False					nolight	0.0	nan	False		False	4.0
3894.82	2.0	trials	go_tone	8000.0	80.0	3894.82	0.1	True	5.0	3895.82	0.01	True	100.0	12.0	3895.77	3896.1200000000003	whisker	350.0	wS2	True	3896.26	True	1.0
3906.27	2.0	trials	go_tone	8000.0	80.0	3906.27	0.1	True	5.0	3907.27	0.01	True	100.0	12.0	3907.22	3907.57	whisker	350.0	wS2	True	3909.388	False	1.0
3917.55	2.0	trials	nogo_tone	4000.0	80.0	3917.55	0.1	True	5.0	3918.55	0.01	False					nolight	0.0	nan	False		False	3.0
3928.261	2.0	trials	nogo_tone	4000.0	80.0	3928.261	0.1	False				True	100.0	12.0	3928.661	3929.211	delay	550.0	wS2	False		False	4.0
3938.911	2.0	trials	nogo_tone	4000.0	80.0	3938.911	0.1	True	5.0	3939.911	0.01	False					nolight	0.0	nan	False		False	3.0
3974.293	2.0	trials	go_tone	8000.0	80.0	3974.293	0.1	True	5.0	3975.293	0.01	True	100.0	12.0	3974.243	3974.693	audio	450.0	wS2	True	3977.059	False	1.0
3984.902	2.0	trials	go_tone	8000.0	80.0	3984.902	0.1	True	5.0	3985.902	0.01	True	100.0	12.0	3985.302	3985.852	delay	550.0	wS2	True	3987.458	False	1.0
3997.532	2.0	trials	nogo_tone	4000.0	80.0	3997.532	0.1	False				True	100.0	12.0	3998.482	3998.8320000000003	whisker	350.0	wS2	False		False	4.0
4010.963	2.0	trials	go_tone	8000.0	80.0	4010.963	0.1	True	5.0	4011.963	0.01	False					nolight	0.0	nan	True	4013.203	True	1.0
4023.204	2.0	trials	go_tone	8000.0	80.0	4023.204	0.1	True	5.0	4024.204	0.01	False					nolight	0.0	nan	True	4025.9280000000003	False	1.0
4034.503	2.0	trials	go_tone	8000.0	80.0	4034.503	0.1	False				False					nolight	0.0	nan	True	4036.8030000000003	True	2.0
4046.803	2.0	trials	go_tone	8000.0	80.0	4046.803	0.1	False				False					nolight	0.0	nan	True	4047.854	True	2.0
4057.855	2.0	trials	go_tone	8000.0	80.0	4057.855	0.1	False				False					nolight	0.0	nan	False		False	2.0
4069.383	2.0	trials	go_tone	8000.0	80.0	4069.383	0.1	False				True	100.0	12.0	4070.3329999999996	4070.683	whisker	350.0	wS2	False		False	2.0
4080.583	2.0	trials	no_tone					True	5.0	4081.583	0.01	True	100.0	12.0	4081.533	4081.8830000000003	whisker	350.0	wS2	False		False	5.0
4091.317	2.0	trials	go_tone	8000.0	80.0	4091.317	0.1	True	5.0	4092.317	0.01	False					nolight	0.0	nan	True	4094.078	False	1.0
4102.655	2.0	trials	no_tone					True	5.0	4103.655	0.01	False					nolight	0.0	nan	False		False	5.0
4113.636	2.0	trials	go_tone	8000.0	80.0	4113.636	0.1	False				False					nolight	0.0	nan	True	4116.319	False	2.0
4124.724	2.0	trials	nogo_tone	4000.0	80.0	4124.724	0.1	True	5.0	4125.724	0.01	False					nolight	0.0	nan	False		False	3.0
4135.396	2.0	trials	no_tone					True	5.0	4136.396	0.01	False					nolight	0.0	nan	False		False	5.0
4146.756	2.0	trials	no_tone					True	5.0	4147.756	0.01	False					nolight	0.0	nan	False		False	5.0
4157.965	2.0	trials	go_tone	8000.0	80.0	4157.965	0.1	True	5.0	4158.965	0.01	False					nolight	0.0	nan	True	4160.694	False	1.0
4168.525	2.0	trials	nogo_tone	4000.0	80.0	4168.525	0.1	False				True	100.0	12.0	4168.474999999999	4168.924999999999	audio	450.0	wS2	False		False	4.0
4179.285	2.0	trials	go_tone	8000.0	80.0	4179.285	0.1	True	5.0	4180.285	0.01	False					nolight	0.0	nan	True	4182.016	False	1.0
4190.457	2.0	trials	nogo_tone	4000.0	80.0	4190.457	0.1	False				False					nolight	0.0	nan	False		False	4.0
4201.076	2.0	trials	nogo_tone	4000.0	80.0	4201.076	0.1	True	5.0	4202.076	0.01	True	100.0	12.0	4201.476	4202.026	delay	550.0	wS2	False		False	3.0
4212.187	2.0	trials	nogo_tone	4000.0	80.0	4212.187	0.1	True	5.0	4213.187	0.01	False					nolight	0.0	nan	True	4213.326	True	3.0
4223.335	2.0	trials	nogo_tone	4000.0	80.0	4223.335	0.1	True	5.0	4224.335	0.01	False					nolight	0.0	nan	False		False	3.0
4233.916	2.0	trials	nogo_tone	4000.0	80.0	4233.916	0.1	False				False					nolight	0.0	nan	False		False	4.0
4245.258	2.0	trials	go_tone	8000.0	80.0	4245.258	0.1	True	5.0	4246.258	0.01	False					nolight	0.0	nan	True	4247.835	False	1.0
4256.408	2.0	trials	no_tone					True	5.0	4257.408	0.01	False					nolight	0.0	nan	False		False	5.0
4267.477	2.0	trials	nogo_tone	4000.0	80.0	4267.477	0.1	False				False					nolight	0.0	nan	False		False	4.0
4278.288	2.0	trials	go_tone	8000.0	80.0	4278.288	0.1	False				False					nolight	0.0	nan	True	4280.616999999999	True	2.0
4290.627	2.0	trials	go_tone	8000.0	80.0	4290.627	0.1	False				False					nolight	0.0	nan	True	4293.057000000001	True	2.0
4303.067	2.0	trials	go_tone	8000.0	80.0	4303.067	0.1	False				False					nolight	0.0	nan	False		False	2.0
4314.259	2.0	trials	go_tone	8000.0	80.0	4314.259	0.1	False				True	100.0	12.0	4314.209	4314.659	audio	450.0	wS2	False		False	2.0
4325.169	2.0	trials	no_tone					True	5.0	4326.169	0.01	False					nolight	0.0	nan	False		False	5.0
4336.468	2.0	trials	nogo_tone	4000.0	80.0	4336.468	0.1	False				False					nolight	0.0	nan	False		False	4.0
4347.208	2.0	trials	go_tone	8000.0	80.0	4347.208	0.1	False				True	100.0	12.0	4347.607999999999	4348.157999999999	delay	550.0	wS2	True	4350.152	False	2.0
4358.728	2.0	trials	go_tone	8000.0	80.0	4358.728	0.1	False				False					nolight	0.0	nan	False		False	2.0
4369.66	2.0	trials	no_tone					True	5.0	4370.66	0.01	False					nolight	0.0	nan	False		False	5.0
4380.29	2.0	trials	go_tone	8000.0	80.0	4380.29	0.1	False				False					nolight	0.0	nan	True	4383.108	False	2.0
4390.871	2.0	trials	nogo_tone	4000.0	80.0	4390.871	0.1	True	5.0	4391.871	0.01	False					nolight	0.0	nan	False		False	3.0
4402.107	2.0	trials	go_tone	8000.0	80.0	4402.107	0.1	True	5.0	4403.107	0.01	False					nolight	0.0	nan	True	4405.157	False	1.0
4413.009	2.0	trials	no_tone					True	5.0	4414.009	0.01	True	100.0	12.0	4412.959	4413.409	audio	450.0	wS2	False		False	5.0
4424.061	2.0	trials	go_tone	8000.0	80.0	4424.061	0.1	False				False					nolight	0.0	nan	False		False	2.0
4434.888	2.0	trials	go_tone	8000.0	80.0	4434.888	0.1	True	5.0	4435.888	0.01	False					nolight	0.0	nan	True	4437.8369999999995	False	1.0
4445.87	2.0	trials	no_tone					True	5.0	4446.87	0.01	False					nolight	0.0	nan	False		False	5.0
4456.91	2.0	trials	no_tone					True	5.0	4457.91	0.01	False					nolight	0.0	nan	False		False	5.0
4468.16	2.0	trials	go_tone	8000.0	80.0	4468.16	0.1	True	5.0	4469.16	0.01	False					nolight	0.0	nan	True	4470.806	False	1.0
4479.55	2.0	trials	nogo_tone	4000.0	80.0	4479.55	0.1	True	5.0	4480.55	0.01	False					nolight	0.0	nan	False		False	3.0
4490.254	2.0	trials	no_tone					True	5.0	4491.254	0.01	True	100.0	12.0	4491.204	4491.554	whisker	350.0	wS2	False		False	5.0
4501.663	2.0	trials	no_tone					True	5.0	4502.663	0.01	True	100.0	12.0	4502.062999999999	4502.612999999999	delay	550.0	wS2	False		False	5.0
4513.093	2.0	trials	go_tone	8000.0	80.0	4513.093	0.1	True	5.0	4514.093	0.01	False					nolight	0.0	nan	True	4516.137	False	1.0
4524.643	2.0	trials	nogo_tone	4000.0	80.0	4524.643	0.1	False				False					nolight	0.0	nan	False		False	4.0
4535.973	2.0	trials	go_tone	8000.0	80.0	4535.973	0.1	True	5.0	4536.973	0.01	False					nolight	0.0	nan	True	4538.536	False	1.0
4546.652	2.0	trials	go_tone	8000.0	80.0	4546.652	0.1	True	5.0	4547.652	0.01	True	100.0	12.0	4546.602	4547.052	audio	450.0	wS2	True	4549.501	False	1.0
4557.952	2.0	trials	nogo_tone	4000.0	80.0	4557.952	0.1	True	5.0	4558.952	0.01	False					nolight	0.0	nan	False		False	3.0
4569.052	2.0	trials	go_tone	8000.0	80.0	4569.052	0.1	True	5.0	4570.052	0.01	False					nolight	0.0	nan	True	4571.785	False	1.0
4580.234	2.0	trials	go_tone	8000.0	80.0	4580.234	0.1	False				True	100.0	12.0	4580.634	4581.184	delay	550.0	wS2	True	4582.563	True	2.0
4592.564	2.0	trials	go_tone	8000.0	80.0	4592.564	0.1	False				True	100.0	12.0	4592.964	4593.514	delay	550.0	wS2	True	4595.135	False	2.0
4603.784	2.0	trials	go_tone	8000.0	80.0	4603.784	0.1	False				False					nolight	0.0	nan	False		False	2.0
4615.203	2.0	trials	nogo_tone	4000.0	80.0	4615.203	0.1	True	5.0	4616.203	0.01	True	100.0	12.0	4615.603	4616.153	delay	550.0	wS2	True	4617.9580000000005	False	3.0
4626.361	2.0	trials	no_tone					True	5.0	4627.361	0.01	False					nolight	0.0	nan	False		False	5.0
4637.705	2.0	trials	go_tone	8000.0	80.0	4637.705	0.1	True	5.0	4638.705	0.01	True	100.0	12.0	4638.105	4638.655	delay	550.0	wS2	True	4640.448	False	1.0
4648.285	2.0	trials	no_tone					True	5.0	4649.285	0.01	False					nolight	0.0	nan	True	4651.058	False	5.0
4659.355	2.0	trials	nogo_tone	4000.0	80.0	4659.355	0.1	False				False					nolight	0.0	nan	False		False	4.0
4670.734	2.0	trials	go_tone	8000.0	80.0	4670.734	0.1	False				True	100.0	12.0	4670.684	4671.134	audio	450.0	wS2	True	4672.457	True	2.0
4682.464	2.0	trials	go_tone	8000.0	80.0	4682.464	0.1	False				True	100.0	12.0	4682.414	4682.864	audio	450.0	wS2	False		False	2.0
4693.615	2.0	trials	nogo_tone	4000.0	80.0	4693.615	0.1	False				False					nolight	0.0	nan	False		False	4.0
4706.866	2.0	trials	nogo_tone	4000.0	80.0	4706.866	0.1	True	5.0	4707.866	0.01	False					nolight	0.0	nan	False		False	3.0
4718.203	2.0	trials	nogo_tone	4000.0	80.0	4718.203	0.1	True	5.0	4719.203	0.01	True	100.0	12.0	4719.153	4719.503000000001	whisker	350.0	wS2	False		False	3.0
4729.645	2.0	trials	go_tone	8000.0	80.0	4729.645	0.1	False				False					nolight	0.0	nan	True	4732.888000000001	False	2.0
4740.845	2.0	trials	nogo_tone	4000.0	80.0	4740.845	0.1	True	5.0	4741.845	0.01	False					nolight	0.0	nan	False		False	3.0
4751.777	2.0	trials	nogo_tone	4000.0	80.0	4751.777	0.1	True	5.0	4752.777	0.01	False					nolight	0.0	nan	False		False	3.0
4762.913	2.0	trials	nogo_tone	4000.0	80.0	4762.913	0.1	False				False					nolight	0.0	nan	False		False	4.0
4773.645	2.0	trials	go_tone	8000.0	80.0	4773.645	0.1	False				False					nolight	0.0	nan	False		False	2.0
4784.566	2.0	trials	nogo_tone	4000.0	80.0	4784.566	0.1	True	5.0	4785.566	0.01	False					nolight	0.0	nan	False		False	3.0
4795.966	2.0	trials	nogo_tone	4000.0	80.0	4795.966	0.1	False				True	100.0	12.0	4796.916	4797.2660000000005	whisker	350.0	wS2	False		False	4.0
4807.376	2.0	trials	go_tone	8000.0	80.0	4807.376	0.1	True	5.0	4808.376	0.01	False					nolight	0.0	nan	True	4810.128000000001	False	1.0
4819.136	2.0	trials	go_tone	8000.0	80.0	4819.136	0.1	False				False					nolight	0.0	nan	True	4821.459000000001	True	2.0
4831.467	2.0	trials	go_tone	8000.0	80.0	4831.467	0.1	False				False					nolight	0.0	nan	False		False	2.0
4842.779	2.0	trials	go_tone	8000.0	80.0	4842.779	0.1	False				False					nolight	0.0	nan	True	4845.518	False	2.0
4854.147	2.0	trials	no_tone					True	5.0	4855.147	0.01	False					nolight	0.0	nan	False		False	5.0
4865.097	2.0	trials	nogo_tone	4000.0	80.0	4865.097	0.1	True	5.0	4866.097	0.01	True	100.0	12.0	4865.047	4865.496999999999	audio	450.0	wS2	True	4867.4439999999995	True	3.0
4877.448	2.0	trials	nogo_tone	4000.0	80.0	4877.448	0.1	True	5.0	4878.448	0.01	True	100.0	12.0	4877.398	4877.848	audio	450.0	wS2	False		False	3.0
4888.268	2.0	trials	nogo_tone	4000.0	80.0	4888.268	0.1	False				False					nolight	0.0	nan	False		False	4.0
4899.63	2.0	trials	go_tone	8000.0	80.0	4899.63	0.1	False				True	100.0	12.0	4900.58	4900.93	whisker	350.0	wS2	False		False	2.0
4912.029	2.0	trials	nogo_tone	4000.0	80.0	4912.029	0.1	False				False					nolight	0.0	nan	False		False	4.0
4922.658	2.0	trials	go_tone	8000.0	80.0	4922.658	0.1	True	5.0	4923.658	0.01	True	100.0	12.0	4923.608	4923.9580000000005	whisker	350.0	wS2	False		False	1.0
4933.499	2.0	trials	nogo_tone	4000.0	80.0	4933.499	0.1	False				True	100.0	12.0	4933.898999999999	4934.449	delay	550.0	wS2	False		False	4.0
4944.123	2.0	trials	no_tone					True	5.0	4945.123	0.01	False					nolight	0.0	nan	False		False	5.0
4955.549	2.0	trials	no_tone					True	5.0	4956.549	0.01	True	100.0	12.0	4955.499	4955.949	audio	450.0	wS2	False		False	5.0
4966.349	2.0	trials	nogo_tone	4000.0	80.0	4966.349	0.1	False				True	100.0	12.0	4966.299	4966.749	audio	450.0	wS2	False		False	4.0
4977.171	2.0	trials	no_tone					True	5.0	4978.171	0.01	False					nolight	0.0	nan	False		False	5.0
4988.661	2.0	trials	nogo_tone	4000.0	80.0	4988.661	0.1	True	5.0	4989.661	0.01	False					nolight	0.0	nan	False		False	3.0
4999.411	2.0	trials	nogo_tone	4000.0	80.0	4999.411	0.1	False				False					nolight	0.0	nan	False		False	4.0
5010.44	2.0	trials	nogo_tone	4000.0	80.0	5010.44	0.1	False				True	100.0	12.0	5010.389999999999	5010.839999999999	audio	450.0	wS2	False		False	4.0
5021.962	2.0	trials	no_tone					True	5.0	5022.962	0.01	True	100.0	12.0	5022.362	5022.912	delay	550.0	wS2	False		False	5.0
5032.73	2.0	trials	go_tone	8000.0	80.0	5032.73	0.1	False				True	100.0	12.0	5032.679999999999	5033.129999999999	audio	450.0	wS2	True	5035.6449999999995	False	2.0
5043.732	2.0	trials	nogo_tone	4000.0	80.0	5043.732	0.1	False				False					nolight	0.0	nan	False		False	4.0
5054.312	2.0	trials	nogo_tone	4000.0	80.0	5054.312	0.1	True	5.0	5055.312	0.01	False					nolight	0.0	nan	False		False	3.0
5065.151	2.0	trials	go_tone	8000.0	80.0	5065.151	0.1	False				False					nolight	0.0	nan	True	5067.151	True	2.0
5077.153	2.0	trials	go_tone	8000.0	80.0	5077.153	0.1	False				False					nolight	0.0	nan	False		False	2.0
5088.391	2.0	trials	nogo_tone	4000.0	80.0	5088.391	0.1	True	5.0	5089.391	0.01	False					nolight	0.0	nan	True	5091.226	False	3.0
5099.083	2.0	trials	go_tone	8000.0	80.0	5099.083	0.1	False				False					nolight	0.0	nan	True	5101.672	False	2.0
5109.692	2.0	trials	go_tone	8000.0	80.0	5109.692	0.1	False				False					nolight	0.0	nan	True	5112.914	False	2.0
5120.912	2.0	trials	go_tone	8000.0	80.0	5120.912	0.1	True	5.0	5121.912	0.01	False					nolight	0.0	nan	True	5123.798000000001	False	1.0
5132.214	2.0	trials	no_tone					True	5.0	5133.214	0.01	True	100.0	12.0	5133.164	5133.514	whisker	350.0	wS2	False		False	5.0
5142.824	2.0	trials	nogo_tone	4000.0	80.0	5142.824	0.1	False				True	100.0	12.0	5143.773999999999	5144.124	whisker	350.0	wS2	False		False	4.0
5154.224	2.0	trials	go_tone	8000.0	80.0	5154.224	0.1	False				True	100.0	12.0	5155.174	5155.524	whisker	350.0	wS2	False		False	2.0
5165.294	2.0	trials	nogo_tone	4000.0	80.0	5165.294	0.1	True	5.0	5166.294	0.01	True	100.0	12.0	5166.244	5166.594	whisker	350.0	wS2	False		False	3.0
5176.187	2.0	trials	go_tone	8000.0	80.0	5176.187	0.1	True	5.0	5177.187	0.01	False					nolight	0.0	nan	True	5179.055	False	1.0
5186.893	2.0	trials	no_tone					True	5.0	5187.893	0.01	False					nolight	0.0	nan	False		False	5.0
5197.663	2.0	trials	no_tone					True	5.0	5198.663	0.01	True	100.0	12.0	5197.612999999999	5198.062999999999	audio	450.0	wS2	False		False	5.0
5209.153	2.0	trials	go_tone	8000.0	80.0	5209.153	0.1	False				True	100.0	12.0	5209.553	5210.103	delay	550.0	wS2	True	5211.774	False	2.0
5220.395	2.0	trials	go_tone	8000.0	80.0	5220.395	0.1	True	5.0	5221.395	0.01	True	100.0	12.0	5221.345	5221.695000000001	whisker	350.0	wS2	True	5223.036	False	1.0
5231.695	2.0	trials	no_tone					True	5.0	5232.695	0.01	False					nolight	0.0	nan	False		False	5.0
5242.914	2.0	trials	no_tone					True	5.0	5243.914	0.01	False					nolight	0.0	nan	False		False	5.0
5253.714	2.0	trials	nogo_tone	4000.0	80.0	5253.714	0.1	False				False					nolight	0.0	nan	False		False	4.0
5264.295	2.0	trials	go_tone	8000.0	80.0	5264.295	0.1	True	5.0	5265.295	0.01	True	100.0	12.0	5264.695	5265.245	delay	550.0	wS2	False		False	1.0
5275.746	2.0	trials	nogo_tone	4000.0	80.0	5275.746	0.1	False				False					nolight	0.0	nan	False		False	4.0
5286.755	2.0	trials	go_tone	8000.0	80.0	5286.755	0.1	True	5.0	5287.755	0.01	False					nolight	0.0	nan	False		False	1.0
5297.877	2.0	trials	go_tone	8000.0	80.0	5297.877	0.1	True	5.0	5298.877	0.01	True	100.0	12.0	5297.827	5298.277	audio	450.0	wS2	False		False	1.0
5308.565	2.0	trials	go_tone	8000.0	80.0	5308.565	0.1	False				False					nolight	0.0	nan	False		False	2.0
5319.297	2.0	trials	go_tone	8000.0	80.0	5319.297	0.1	False				False					nolight	0.0	nan	False		False	2.0
5330.157	2.0	trials	no_tone					True	5.0	5331.157	0.01	False					nolight	0.0	nan	True	5333.196	False	5.0
5341.378	2.0	trials	nogo_tone	4000.0	80.0	5341.378	0.1	False				False					nolight	0.0	nan	False		False	4.0
5352.046	2.0	trials	nogo_tone	4000.0	80.0	5352.046	0.1	True	5.0	5353.046	0.01	True	100.0	12.0	5352.446	5352.996	delay	550.0	wS2	False		False	3.0
5362.878	2.0	trials	nogo_tone	4000.0	80.0	5362.878	0.1	False				True	100.0	12.0	5363.277999999999	5363.8279999999995	delay	550.0	wS2	False		False	4.0
5374.368	2.0	trials	nogo_tone	4000.0	80.0	5374.368	0.1	True	5.0	5375.368	0.01	False					nolight	0.0	nan	False		False	3.0
5385.117	2.0	trials	go_tone	8000.0	80.0	5385.117	0.1	True	5.0	5386.117	0.01	False					nolight	0.0	nan	True	5387.447	True	1.0
5397.448	2.0	trials	go_tone	8000.0	80.0	5397.448	0.1	True	5.0	5398.448	0.01	False					nolight	0.0	nan	True	5400.185	False	1.0
5408.029	2.0	trials	nogo_tone	4000.0	80.0	5408.029	0.1	False				False					nolight	0.0	nan	True	5411.097000000001	False	4.0
5419.277	2.0	trials	nogo_tone	4000.0	80.0	5419.277	0.1	True	5.0	5420.277	0.01	False					nolight	0.0	nan	False		False	3.0
5430.278	2.0	trials	no_tone					True	5.0	5431.278	0.01	False					nolight	0.0	nan	False		False	5.0
5441.789	2.0	trials	nogo_tone	4000.0	80.0	5441.789	0.1	True	5.0	5442.789	0.01	False					nolight	0.0	nan	False		False	3.0
5452.968	2.0	trials	nogo_tone	4000.0	80.0	5452.968	0.1	True	5.0	5453.968	0.01	True	100.0	12.0	5452.918	5453.3679999999995	audio	450.0	wS2	False		False	3.0
5463.678	2.0	trials	go_tone	8000.0	80.0	5463.678	0.1	False				False					nolight	0.0	nan	False		False	2.0
5617.102	2.0	trials	go_tone	8000.0	80.0	5617.102	0.1	True	5.0	5618.102	0.01	False					nolight	0.0	nan	True	5619.29	True	1.0
5629.291	2.0	trials	go_tone	8000.0	80.0	5629.291	0.1	True	5.0	5630.291	0.01	False					nolight	0.0	nan	False		False	1.0
5640.822	2.0	trials	go_tone	8000.0	80.0	5640.822	0.1	True	5.0	5641.822	0.01	False					nolight	0.0	nan	True	5643.578	False	1.0
5652.153	2.0	trials	nogo_tone	4000.0	80.0	5652.153	0.1	False				False					nolight	0.0	nan	False		False	4.0
5663.321	2.0	trials	go_tone	8000.0	80.0	5663.321	0.1	True	5.0	5664.321	0.01	True	100.0	12.0	5663.721	5664.271	delay	550.0	wS2	True	5665.996	False	1.0
5674.603	2.0	trials	no_tone					True	5.0	5675.603	0.01	False					nolight	0.0	nan	False		False	5.0
5685.902	2.0	trials	nogo_tone	4000.0	80.0	5685.902	0.1	False				True	100.0	12.0	5686.302	5686.852	delay	550.0	wS2	False		False	4.0
5697.304	2.0	trials	go_tone	8000.0	80.0	5697.304	0.1	True	5.0	5698.304	0.01	False					nolight	0.0	nan	True	5699.728	True	1.0
5709.732	2.0	trials	go_tone	8000.0	80.0	5709.732	0.1	True	5.0	5710.732	0.01	False					nolight	0.0	nan	True	5712.162	True	1.0
5722.164	2.0	trials	go_tone	8000.0	80.0	5722.164	0.1	True	5.0	5723.164	0.01	False					nolight	0.0	nan	True	5724.652	True	1.0
5734.653	2.0	trials	go_tone	8000.0	80.0	5734.653	0.1	True	5.0	5735.653	0.01	False					nolight	0.0	nan	True	5737.386	False	1.0
5745.974	2.0	trials	nogo_tone	4000.0	80.0	5745.974	0.1	False				True	100.0	12.0	5745.924	5746.374	audio	450.0	wS2	False		False	4.0
5757.105	2.0	trials	nogo_tone	4000.0	80.0	5757.105	0.1	False				False					nolight	0.0	nan	False		False	4.0
5768.193	2.0	trials	go_tone	8000.0	80.0	5768.193	0.1	False				False					nolight	0.0	nan	False		False	2.0
5779.263	2.0	trials	nogo_tone	4000.0	80.0	5779.263	0.1	True	5.0	5780.263	0.01	True	100.0	12.0	5780.213	5780.563	whisker	350.0	wS2	False		False	3.0
5789.864	2.0	trials	no_tone					True	5.0	5790.864	0.01	False					nolight	0.0	nan	False		False	5.0
5800.544	2.0	trials	go_tone	8000.0	80.0	5800.544	0.1	False				False					nolight	0.0	nan	False		False	2.0
5811.645	2.0	trials	nogo_tone	4000.0	80.0	5811.645	0.1	True	5.0	5812.645	0.01	False					nolight	0.0	nan	False		False	3.0
5822.285	2.0	trials	no_tone					True	5.0	5823.285	0.01	False					nolight	0.0	nan	False		False	5.0
5832.996	2.0	trials	nogo_tone	4000.0	80.0	5832.996	0.1	False				False					nolight	0.0	nan	False		False	4.0
5844.306	2.0	trials	no_tone					True	5.0	5845.306	0.01	True	100.0	12.0	5844.705999999999	5845.255999999999	delay	550.0	wS2	False		False	5.0
5855.045	2.0	trials	no_tone					True	5.0	5856.045	0.01	False					nolight	0.0	nan	False		False	5.0
5866.245	2.0	trials	go_tone	8000.0	80.0	5866.245	0.1	True	5.0	5867.245	0.01	False					nolight	0.0	nan	True	5869.007	False	1.0
5876.891	2.0	trials	go_tone	8000.0	80.0	5876.891	0.1	True	5.0	5877.891	0.01	False					nolight	0.0	nan	True	5879.748	False	1.0
5887.915	2.0	trials	no_tone					True	5.0	5888.915	0.01	False					nolight	0.0	nan	False		False	5.0
5898.506	2.0	trials	nogo_tone	4000.0	80.0	5898.506	0.1	False				True	100.0	12.0	5899.456	5899.8060000000005	whisker	350.0	wS2	False		False	4.0
5909.436	2.0	trials	go_tone	8000.0	80.0	5909.436	0.1	True	5.0	5910.436	0.01	False					nolight	0.0	nan	True	5912.014999999999	False	1.0
5920.046	2.0	trials	nogo_tone	4000.0	80.0	5920.046	0.1	False				False					nolight	0.0	nan	False		False	4.0
5930.928	2.0	trials	go_tone	8000.0	80.0	5930.928	0.1	False				True	100.0	12.0	5931.3279999999995	5931.878	delay	550.0	wS2	True	5933.903	False	2.0
5941.868	2.0	trials	no_tone					True	5.0	5942.868	0.01	True	100.0	12.0	5941.818	5942.268	audio	450.0	wS2	False		False	5.0
5952.467	2.0	trials	nogo_tone	4000.0	80.0	5952.467	0.1	False				False					nolight	0.0	nan	False		False	4.0
5963.487	2.0	trials	go_tone	8000.0	80.0	5963.487	0.1	False				True	100.0	12.0	5963.437	5963.887	audio	450.0	wS2	False		False	2.0
5974.987	2.0	trials	no_tone					True	5.0	5975.987	0.01	False					nolight	0.0	nan	False		False	5.0
5986.027	2.0	trials	nogo_tone	4000.0	80.0	5986.027	0.1	True	5.0	5987.027	0.01	False					nolight	0.0	nan	False		False	3.0
5997.317	2.0	trials	nogo_tone	4000.0	80.0	5997.317	0.1	True	5.0	5998.317	0.01	True	100.0	12.0	5997.267	5997.717	audio	450.0	wS2	False		False	3.0
6008.448	2.0	trials	go_tone	8000.0	80.0	6008.448	0.1	False				False					nolight	0.0	nan	False		False	2.0
6046.711	2.0	trials	go_tone	8000.0	80.0	6046.711	0.1	True	5.0	6047.711	0.01	False					nolight	0.0	nan	False		False	1.0
6057.63	2.0	trials	go_tone	8000.0	80.0	6057.63	0.1	False				True	100.0	12.0	6058.58	6058.93	whisker	350.0	wS2	False		False	2.0
6068.438	2.0	trials	nogo_tone	4000.0	80.0	6068.438	0.1	True	5.0	6069.438	0.01	False					nolight	0.0	nan	False		False	3.0
6079.649	2.0	trials	nogo_tone	4000.0	80.0	6079.649	0.1	True	5.0	6080.649	0.01	True	100.0	12.0	6080.049	6080.599	delay	550.0	wS2	False		False	3.0
6090.939	2.0	trials	go_tone	8000.0	80.0	6090.939	0.1	True	5.0	6091.939	0.01	True	100.0	12.0	6090.889	6091.339	audio	450.0	wS2	False		False	1.0
6101.699	2.0	trials	nogo_tone	4000.0	80.0	6101.699	0.1	True	5.0	6102.699	0.01	False					nolight	0.0	nan	False		False	3.0
6113.169	2.0	trials	go_tone	8000.0	80.0	6113.169	0.1	False				False					nolight	0.0	nan	False		False	2.0
6124.528	2.0	trials	nogo_tone	4000.0	80.0	6124.528	0.1	True	5.0	6125.528	0.01	False					nolight	0.0	nan	False		False	3.0
6136.022	2.0	trials	go_tone	8000.0	80.0	6136.022	0.1	False				False					nolight	0.0	nan	False		False	2.0
6147.57	2.0	trials	go_tone	8000.0	80.0	6147.57	0.1	True	5.0	6148.57	0.01	True	100.0	12.0	6148.5199999999995	6148.87	whisker	350.0	wS2	False		False	1.0
6158.171	2.0	trials	nogo_tone	4000.0	80.0	6158.171	0.1	True	5.0	6159.171	0.01	False					nolight	0.0	nan	False		False	3.0
6202.172	2.0	trials	go_tone	8000.0	80.0	6202.172	0.1	True	5.0	6203.172	0.01	False					nolight	0.0	nan	True	6204.967	False	1.0
6213.251	2.0	trials	go_tone	8000.0	80.0	6213.251	0.1	False				False					nolight	0.0	nan	True	6215.451	True	2.0
6225.451	2.0	trials	go_tone	8000.0	80.0	6225.451	0.1	False				False					nolight	0.0	nan	True	6228.02	False	2.0
6236.013	2.0	trials	no_tone					True	5.0	6237.013	0.01	True	100.0	12.0	6236.963	6237.313	whisker	350.0	wS2	False		False	5.0
6247.092	2.0	trials	nogo_tone	4000.0	80.0	6247.092	0.1	False				False					nolight	0.0	nan	False		False	4.0
6258.523	2.0	trials	no_tone					True	5.0	6259.523	0.01	False					nolight	0.0	nan	False		False	5.0
6269.302	2.0	trials	no_tone					True	5.0	6270.302	0.01	True	100.0	12.0	6269.2519999999995	6269.701999999999	audio	450.0	wS2	False		False	5.0
6280.402	2.0	trials	go_tone	8000.0	80.0	6280.402	0.1	False				True	100.0	12.0	6281.352	6281.702	whisker	350.0	wS2	False		False	2.0
6291.154	2.0	trials	no_tone					True	5.0	6292.154	0.01	False					nolight	0.0	nan	False		False	5.0
6302.344	2.0	trials	go_tone	8000.0	80.0	6302.344	0.1	False				False					nolight	0.0	nan	False		False	2.0
6313.514	2.0	trials	go_tone	8000.0	80.0	6313.514	0.1	True	5.0	6314.514	0.01	False					nolight	0.0	nan	False		False	1.0
6324.983	2.0	trials	go_tone	8000.0	80.0	6324.983	0.1	True	5.0	6325.983	0.01	False					nolight	0.0	nan	True	6327.909000000001	False	1.0
6336.473	2.0	trials	go_tone	8000.0	80.0	6336.473	0.1	False				False					nolight	0.0	nan	True	6339.391	False	2.0
6347.405	2.0	trials	go_tone	8000.0	80.0	6347.405	0.1	True	5.0	6348.405	0.01	False					nolight	0.0	nan	True	6349.976	False	1.0
6358.434	2.0	trials	nogo_tone	4000.0	80.0	6358.434	0.1	False				False					nolight	0.0	nan	False		False	4.0
6369.824	2.0	trials	go_tone	8000.0	80.0	6369.824	0.1	True	5.0	6370.824	0.01	False					nolight	0.0	nan	True	6372.839	False	1.0
6380.566	2.0	trials	nogo_tone	4000.0	80.0	6380.566	0.1	True	5.0	6381.566	0.01	False					nolight	0.0	nan	False		False	3.0
6391.914	2.0	trials	no_tone					True	5.0	6392.914	0.01	False					nolight	0.0	nan	False		False	5.0
6402.518	2.0	trials	nogo_tone	4000.0	80.0	6402.518	0.1	True	5.0	6403.518	0.01	False					nolight	0.0	nan	False		False	3.0
6413.744	2.0	trials	go_tone	8000.0	80.0	6413.744	0.1	False				True	100.0	12.0	6414.143999999999	6414.6939999999995	delay	550.0	wS2	True	6416.286999999999	False	2.0
6424.705	2.0	trials	no_tone					True	5.0	6425.705	0.01	False					nolight	0.0	nan	False		False	5.0
6435.495	2.0	trials	nogo_tone	4000.0	80.0	6435.495	0.1	True	5.0	6436.495	0.01	False					nolight	0.0	nan	False		False	3.0
6446.455	2.0	trials	nogo_tone	4000.0	80.0	6446.455	0.1	False				True	100.0	12.0	6446.405	6446.855	audio	450.0	wS2	False		False	4.0
6457.585	2.0	trials	nogo_tone	4000.0	80.0	6457.585	0.1	True	5.0	6458.585	0.01	False					nolight	0.0	nan	False		False	3.0
6468.707	2.0	trials	no_tone					True	5.0	6469.707	0.01	False					nolight	0.0	nan	False		False	5.0
6479.877	2.0	trials	nogo_tone	4000.0	80.0	6479.877	0.1	True	5.0	6480.877	0.01	False					nolight	0.0	nan	True	6480.366	True	3.0
6490.368	2.0	trials	nogo_tone	4000.0	80.0	6490.368	0.1	True	5.0	6491.368	0.01	False					nolight	0.0	nan	False		False	3.0
6501.806	2.0	trials	no_tone					True	5.0	6502.806	0.01	True	100.0	12.0	6502.205999999999	6502.755999999999	delay	550.0	wS2	False		False	5.0
6512.402	2.0	trials	go_tone	8000.0	80.0	6512.402	0.1	True	5.0	6513.402	0.01	False					nolight	0.0	nan	True	6515.289	False	1.0
6523.428	2.0	trials	nogo_tone	4000.0	80.0	6523.428	0.1	False				False					nolight	0.0	nan	False		False	4.0
6534.15	2.0	trials	go_tone	8000.0	80.0	6534.15	0.1	False				True	100.0	12.0	6534.099999999999	6534.549999999999	audio	450.0	wS2	False		False	2.0
6544.827	2.0	trials	nogo_tone	4000.0	80.0	6544.827	0.1	False				False					nolight	0.0	nan	False		False	4.0
6555.789	2.0	trials	no_tone					True	5.0	6556.789	0.01	True	100.0	12.0	6556.739	6557.089	whisker	350.0	wS2	False		False	5.0
6566.698	2.0	trials	nogo_tone	4000.0	80.0	6566.698	0.1	True	5.0	6567.698	0.01	True	100.0	12.0	6567.098	6567.648	delay	550.0	wS2	False		False	3.0
6577.299	2.0	trials	go_tone	8000.0	80.0	6577.299	0.1	False				False					nolight	0.0	nan	True	6580.196	False	2.0
6587.94	2.0	trials	nogo_tone	4000.0	80.0	6587.94	0.1	False				False					nolight	0.0	nan	False		False	4.0
6599.409	2.0	trials	no_tone					True	5.0	6600.409	0.01	False					nolight	0.0	nan	False		False	5.0
6610.19	2.0	trials	nogo_tone	4000.0	80.0	6610.19	0.1	False				False					nolight	0.0	nan	False		False	4.0
6621.388	2.0	trials	nogo_tone	4000.0	80.0	6621.388	0.1	True	5.0	6622.388	0.01	False					nolight	0.0	nan	False		False	3.0
6632.168	2.0	trials	go_tone	8000.0	80.0	6632.168	0.1	False				False					nolight	0.0	nan	False		False	2.0
6642.849	2.0	trials	go_tone	8000.0	80.0	6642.849	0.1	True	5.0	6643.849	0.01	False					nolight	0.0	nan	True	6644.509	True	1.0
6654.519	2.0	trials	go_tone	8000.0	80.0	6654.519	0.1	True	5.0	6655.519	0.01	False					nolight	0.0	nan	False		False	1.0
6665.799	2.0	trials	go_tone	8000.0	80.0	6665.799	0.1	True	5.0	6666.799	0.01	True	100.0	12.0	6665.749	6666.199	audio	450.0	wS2	True	6668.689	False	1.0
6677.217	2.0	trials	nogo_tone	4000.0	80.0	6677.217	0.1	False				True	100.0	12.0	6677.616999999999	6678.1669999999995	delay	550.0	wS2	False		False	4.0
6688.471	2.0	trials	nogo_tone	4000.0	80.0	6688.471	0.1	False				False					nolight	0.0	nan	False		False	4.0
6699.98	2.0	trials	nogo_tone	4000.0	80.0	6699.98	0.1	True	5.0	6700.98	0.01	True	100.0	12.0	6700.929999999999	6701.28	whisker	350.0	wS2	False		False	3.0
6711.111	2.0	trials	nogo_tone	4000.0	80.0	6711.111	0.1	True	5.0	6712.111	0.01	True	100.0	12.0	6711.061	6711.5109999999995	audio	450.0	wS2	False		False	3.0
6721.7	2.0	trials	go_tone	8000.0	80.0	6721.7	0.1	True	5.0	6722.7	0.01	True	100.0	12.0	6722.65	6723.0	whisker	350.0	wS2	False		False	1.0
6732.577	2.0	trials	nogo_tone	4000.0	80.0	6732.577	0.1	False				True	100.0	12.0	6733.527	6733.877	whisker	350.0	wS2	False		False	4.0
6743.28	2.0	trials	go_tone	8000.0	80.0	6743.28	0.1	True	5.0	6744.28	0.01	True	100.0	12.0	6743.679999999999	6744.23	delay	550.0	wS2	True	6746.342	False	1.0
6754.611	2.0	trials	go_tone	8000.0	80.0	6754.611	0.1	False				False					nolight	0.0	nan	True	6757.507	False	2.0
6765.193	2.0	trials	go_tone	8000.0	80.0	6765.193	0.1	False				False					nolight	0.0	nan	False		False	2.0
6776.443	2.0	trials	nogo_tone	4000.0	80.0	6776.443	0.1	False				False					nolight	0.0	nan	False		False	4.0
6787.381	2.0	trials	nogo_tone	4000.0	80.0	6787.381	0.1	False				False					nolight	0.0	nan	False		False	4.0
6798.551	2.0	trials	go_tone	8000.0	80.0	6798.551	0.1	True	5.0	6799.551	0.01	False					nolight	0.0	nan	False		False	1.0
6809.633	2.0	trials	go_tone	8000.0	80.0	6809.633	0.1	True	5.0	6810.633	0.01	False					nolight	0.0	nan	True	6812.514999999999	False	1.0
6820.544	2.0	trials	go_tone	8000.0	80.0	6820.544	0.1	False				False					nolight	0.0	nan	True	6823.438	False	2.0
6832.104	2.0	trials	nogo_tone	4000.0	80.0	6832.104	0.1	True	5.0	6833.104	0.01	False					nolight	0.0	nan	False		False	3.0
6843.504	2.0	trials	nogo_tone	4000.0	80.0	6843.504	0.1	False				True	100.0	12.0	6843.9039999999995	6844.454	delay	550.0	wS2	False		False	4.0
6855.044	2.0	trials	go_tone	8000.0	80.0	6855.044	0.1	False				False					nolight	0.0	nan	False		False	2.0
6865.774	2.0	trials	nogo_tone	4000.0	80.0	6865.774	0.1	True	5.0	6866.774	0.01	True	100.0	12.0	6865.724	6866.174	audio	450.0	wS2	False		False	3.0
6877.133	2.0	trials	go_tone	8000.0	80.0	6877.133	0.1	False				False					nolight	0.0	nan	False		False	2.0
6888.274	2.0	trials	go_tone	8000.0	80.0	6888.274	0.1	True	5.0	6889.274	0.01	False					nolight	0.0	nan	False		False	1.0
6899.653	2.0	trials	go_tone	8000.0	80.0	6899.653	0.1	True	5.0	6900.653	0.01	True	100.0	12.0	6900.603	6900.953	whisker	350.0	wS2	False		False	1.0
6911.185	2.0	trials	no_tone					True	5.0	6912.185	0.01	False					nolight	0.0	nan	False		False	5.0
6922.536	2.0	trials	no_tone					True	5.0	6923.536	0.01	False					nolight	0.0	nan	False		False	5.0
6933.866	2.0	trials	go_tone	8000.0	80.0	6933.866	0.1	False				True	100.0	12.0	6933.816	6934.266	audio	450.0	wS2	False		False	2.0
6945.246	2.0	trials	nogo_tone	4000.0	80.0	6945.246	0.1	True	5.0	6946.246	0.01	False					nolight	0.0	nan	False		False	3.0
6955.826	2.0	trials	no_tone					True	5.0	6956.826	0.01	False					nolight	0.0	nan	False		False	5.0
6967.326	2.0	trials	go_tone	8000.0	80.0	6967.326	0.1	True	5.0	6968.326	0.01	False					nolight	0.0	nan	False		False	1.0
6978.005	2.0	trials	go_tone	8000.0	80.0	6978.005	0.1	True	5.0	6979.005	0.01	True	100.0	12.0	6978.405	6978.955	delay	550.0	wS2	True	6981.2390000000005	False	1.0
6989.327	2.0	trials	nogo_tone	4000.0	80.0	6989.327	0.1	True	5.0	6990.327	0.01	False					nolight	0.0	nan	False		False	3.0
7000.725	2.0	trials	go_tone	8000.0	80.0	7000.725	0.1	True	5.0	7001.725	0.01	False					nolight	0.0	nan	True	7003.703	False	1.0
7011.606	2.0	trials	go_tone	8000.0	80.0	7011.606	0.1	False				False					nolight	0.0	nan	False		False	2.0
7022.405	2.0	trials	no_tone					True	5.0	7023.405	0.01	True	100.0	12.0	7023.355	7023.705	whisker	350.0	wS2	False		False	5.0
7033.218	2.0	trials	go_tone	8000.0	80.0	7033.218	0.1	False				False					nolight	0.0	nan	True	7036.153	False	2.0
7044.546	2.0	trials	go_tone	8000.0	80.0	7044.546	0.1	False				True	100.0	12.0	7044.946	7045.496	delay	550.0	wS2	False		False	2.0
7055.376	2.0	trials	nogo_tone	4000.0	80.0	7055.376	0.1	True	5.0	7056.376	0.01	False					nolight	0.0	nan	False		False	3.0
7066.497	2.0	trials	no_tone					True	5.0	7067.497	0.01	False					nolight	0.0	nan	False		False	5.0
7077.276	2.0	trials	go_tone	8000.0	80.0	7077.276	0.1	False				True	100.0	12.0	7078.226	7078.576	whisker	350.0	wS2	False		False	2.0
7087.927	2.0	trials	nogo_tone	4000.0	80.0	7087.927	0.1	False				False					nolight	0.0	nan	False		False	4.0
7099.247	2.0	trials	no_tone					True	5.0	7100.247	0.01	True	100.0	12.0	7099.647	7100.197	delay	550.0	wS2	False		False	5.0
7110.067	2.0	trials	nogo_tone	4000.0	80.0	7110.067	0.1	True	5.0	7111.067	0.01	True	100.0	12.0	7111.017	7111.367	whisker	350.0	wS2	False		False	3.0
7121.127	2.0	trials	nogo_tone	4000.0	80.0	7121.127	0.1	True	5.0	7122.127	0.01	False					nolight	0.0	nan	False		False	3.0
7131.719	2.0	trials	no_tone					True	5.0	7132.719	0.01	False					nolight	0.0	nan	False		False	5.0
7143.188	2.0	trials	nogo_tone	4000.0	80.0	7143.188	0.1	False				False					nolight	0.0	nan	False		False	4.0
7154.629	2.0	trials	go_tone	8000.0	80.0	7154.629	0.1	True	5.0	7155.629	0.01	False					nolight	0.0	nan	True	7156.352	True	1.0
7166.356	2.0	trials	go_tone	8000.0	80.0	7166.356	0.1	True	5.0	7167.356	0.01	False					nolight	0.0	nan	False		False	1.0
7177.498	2.0	trials	nogo_tone	4000.0	80.0	7177.498	0.1	False				True	100.0	12.0	7177.447999999999	7177.897999999999	audio	450.0	wS2	False		False	4.0
7188.829	2.0	trials	no_tone					True	5.0	7189.829	0.01	False					nolight	0.0	nan	False		False	5.0
7200.068	2.0	trials	go_tone	8000.0	80.0	7200.068	0.1	True	5.0	7201.068	0.01	True	100.0	12.0	7200.018	7200.468	audio	450.0	wS2	False		False	1.0
7211.33	2.0	trials	nogo_tone	4000.0	80.0	7211.33	0.1	True	5.0	7212.33	0.01	True	100.0	12.0	7211.73	7212.28	delay	550.0	wS2	False		False	3.0
7222.531	2.0	trials	nogo_tone	4000.0	80.0	7222.531	0.1	False				False					nolight	0.0	nan	False		False	4.0
7234.059	2.0	trials	nogo_tone	4000.0	80.0	7234.059	0.1	True	5.0	7235.059	0.01	False					nolight	0.0	nan	False		False	3.0
7245.291	2.0	trials	nogo_tone	4000.0	80.0	7245.291	0.1	False				True	100.0	12.0	7246.241	7246.591	whisker	350.0	wS2	False		False	4.0
7256.811	2.0	trials	go_tone	8000.0	80.0	7256.811	0.1	False				False					nolight	0.0	nan	False		False	2.0
7267.462	2.0	trials	no_tone					True	5.0	7268.462	0.01	True	100.0	12.0	7267.412	7267.862	audio	450.0	wS2	False		False	5.0
7278.702	2.0	trials	nogo_tone	4000.0	80.0	7278.702	0.1	False				False					nolight	0.0	nan	False		False	4.0
7289.581	2.0	trials	nogo_tone	4000.0	80.0	7289.581	0.1	False				False					nolight	0.0	nan	False		False	4.0
7300.231	2.0	trials	go_tone	8000.0	80.0	7300.231	0.1	True	5.0	7301.231	0.01	False					nolight	0.0	nan	True	7302.561	True	1.0
7312.565	2.0	trials	go_tone	8000.0	80.0	7312.565	0.1	True	5.0	7313.565	0.01	False					nolight	0.0	nan	True	7315.423	False	1.0
7324.043	2.0	trials	go_tone	8000.0	80.0	7324.043	0.1	True	5.0	7325.043	0.01	True	100.0	12.0	7324.442999999999	7324.9929999999995	delay	550.0	wS2	True	7326.794	False	1.0
7335.223	2.0	trials	nogo_tone	4000.0	80.0	7335.223	0.1	True	5.0	7336.223	0.01	False					nolight	0.0	nan	False		False	3.0
7346.703	2.0	trials	go_tone	8000.0	80.0	7346.703	0.1	True	5.0	7347.703	0.01	False					nolight	0.0	nan	True	7349.573	False	1.0
7358.163	2.0	trials	nogo_tone	4000.0	80.0	7358.163	0.1	True	5.0	7359.163	0.01	True	100.0	12.0	7359.112999999999	7359.463	whisker	350.0	wS2	False		False	3.0
7369.472	2.0	trials	nogo_tone	4000.0	80.0	7369.472	0.1	True	5.0	7370.472	0.01	False					nolight	0.0	nan	False		False	3.0
7380.822	2.0	trials	nogo_tone	4000.0	80.0	7380.822	0.1	False				True	100.0	12.0	7380.772	7381.222	audio	450.0	wS2	False		False	4.0
7391.524	2.0	trials	go_tone	8000.0	80.0	7391.524	0.1	True	5.0	7392.524	0.01	True	100.0	12.0	7392.474	7392.8240000000005	whisker	350.0	wS2	False		False	1.0
7402.414	2.0	trials	go_tone	8000.0	80.0	7402.414	0.1	False				False					nolight	0.0	nan	False		False	2.0
7413.503	2.0	trials	no_tone					True	5.0	7414.503	0.01	False					nolight	0.0	nan	False		False	5.0
7424.362	2.0	trials	no_tone					True	5.0	7425.362	0.01	True	100.0	12.0	7424.762	7425.312	delay	550.0	wS2	False		False	5.0
7435.503	2.0	trials	go_tone	8000.0	80.0	7435.503	0.1	True	5.0	7436.503	0.01	True	100.0	12.0	7435.4529999999995	7435.902999999999	audio	450.0	wS2	False		False	1.0
7446.253	2.0	trials	nogo_tone	4000.0	80.0	7446.253	0.1	True	5.0	7447.253	0.01	False					nolight	0.0	nan	False		False	3.0
7456.943	2.0	trials	go_tone	8000.0	80.0	7456.943	0.1	False				False					nolight	0.0	nan	False		False	2.0
7468.134	2.0	trials	no_tone					True	5.0	7469.134	0.01	False					nolight	0.0	nan	False		False	5.0
7479.607	2.0	trials	nogo_tone	4000.0	80.0	7479.607	0.1	False				False					nolight	0.0	nan	False		False	4.0
7490.834	2.0	trials	nogo_tone	4000.0	80.0	7490.834	0.1	False				False					nolight	0.0	nan	False		False	4.0
7501.605	2.0	trials	go_tone	8000.0	80.0	7501.605	0.1	False				True	100.0	12.0	7502.554999999999	7502.905	whisker	350.0	wS2	True	7504.420999999999	False	2.0
7513.164	2.0	trials	go_tone	8000.0	80.0	7513.164	0.1	True	5.0	7514.164	0.01	False					nolight	0.0	nan	True	7515.982	False	1.0
7524.204	2.0	trials	go_tone	8000.0	80.0	7524.204	0.1	True	5.0	7525.204	0.01	False					nolight	0.0	nan	True	7526.956	False	1.0
7535.275	2.0	trials	go_tone	8000.0	80.0	7535.275	0.1	False				False					nolight	0.0	nan	False		False	2.0
7546.755	2.0	trials	go_tone	8000.0	80.0	7546.755	0.1	False				False					nolight	0.0	nan	False		False	2.0
7557.595	2.0	trials	go_tone	8000.0	80.0	7557.595	0.1	True	5.0	7558.595	0.01	False					nolight	0.0	nan	True	7560.418000000001	False	1.0
7568.827	2.0	trials	go_tone	8000.0	80.0	7568.827	0.1	False				True	100.0	12.0	7569.227	7569.777	delay	550.0	wS2	True	7571.6990000000005	False	2.0
7580.207	2.0	trials	go_tone	8000.0	80.0	7580.207	0.1	False				False					nolight	0.0	nan	False		False	2.0
7591.546	2.0	trials	nogo_tone	4000.0	80.0	7591.546	0.1	True	5.0	7592.546	0.01	True	100.0	12.0	7591.946	7592.496	delay	550.0	wS2	False		False	3.0
7603.019	2.0	trials	no_tone					True	5.0	7604.019	0.01	True	100.0	12.0	7602.969	7603.419	audio	450.0	wS2	False		False	5.0
7614.456	2.0	trials	no_tone					True	5.0	7615.456	0.01	False					nolight	0.0	nan	False		False	5.0
7625.596	2.0	trials	nogo_tone	4000.0	80.0	7625.596	0.1	False				False					nolight	0.0	nan	False		False	4.0
7636.686	2.0	trials	go_tone	8000.0	80.0	7636.686	0.1	True	5.0	7637.686	0.01	False					nolight	0.0	nan	True	7639.409	False	1.0
7647.577	2.0	trials	nogo_tone	4000.0	80.0	7647.577	0.1	True	5.0	7648.577	0.01	True	100.0	12.0	7647.527	7647.977	audio	450.0	wS2	False		False	3.0
7658.587	2.0	trials	no_tone					True	5.0	7659.587	0.01	False					nolight	0.0	nan	False		False	5.0
7669.517	2.0	trials	nogo_tone	4000.0	80.0	7669.517	0.1	True	5.0	7670.517	0.01	False					nolight	0.0	nan	True	7670.367	True	3.0
7680.368	2.0	trials	nogo_tone	4000.0	80.0	7680.368	0.1	True	5.0	7681.368	0.01	False					nolight	0.0	nan	False		False	3.0
7691.428	2.0	trials	no_tone					True	5.0	7692.428	0.01	True	100.0	12.0	7692.378	7692.728	whisker	350.0	wS2	False		False	5.0
7702.519	2.0	trials	nogo_tone	4000.0	80.0	7702.519	0.1	False				False					nolight	0.0	nan	False		False	4.0
7713.26	2.0	trials	nogo_tone	4000.0	80.0	7713.26	0.1	False				True	100.0	12.0	7714.21	7714.56	whisker	350.0	wS2	False		False	4.0
7724.397	2.0	trials	no_tone					True	5.0	7725.397	0.01	False					nolight	0.0	nan	False		False	5.0
7735.84	2.0	trials	nogo_tone	4000.0	80.0	7735.84	0.1	False				False					nolight	0.0	nan	False		False	4.0
7746.66	2.0	trials	go_tone	8000.0	80.0	7746.66	0.1	False				True	100.0	12.0	7746.61	7747.0599999999995	audio	450.0	wS2	False		False	2.0
7757.62	2.0	trials	no_tone					True	5.0	7758.62	0.01	False					nolight	0.0	nan	False		False	5.0
7768.85	2.0	trials	nogo_tone	4000.0	80.0	7768.85	0.1	True	5.0	7769.85	0.01	False					nolight	0.0	nan	False		False	3.0
7779.57	2.0	trials	nogo_tone	4000.0	80.0	7779.57	0.1	True	5.0	7780.57	0.01	False					nolight	0.0	nan	False		False	3.0
7790.449	2.0	trials	nogo_tone	4000.0	80.0	7790.449	0.1	False				True	100.0	12.0	7790.848999999999	7791.398999999999	delay	550.0	wS2	False		False	4.0
7801.821	2.0	trials	go_tone	8000.0	80.0	7801.821	0.1	False				False					nolight	0.0	nan	False		False	2.0
7812.44	2.0	trials	go_tone	8000.0	80.0	7812.44	0.1	True	5.0	7813.44	0.01	False					nolight	0.0	nan	True	7815.187	False	1.0
7823.94	2.0	trials	nogo_tone	4000.0	80.0	7823.94	0.1	False				True	100.0	12.0	7824.339999999999	7824.889999999999	delay	550.0	wS2	False		False	4.0
7835.04	2.0	trials	nogo_tone	4000.0	80.0	7835.04	0.1	True	5.0	7836.04	0.01	False					nolight	0.0	nan	False		False	3.0
7845.84	2.0	trials	go_tone	8000.0	80.0	7845.84	0.1	True	5.0	7846.84	0.01	False					nolight	0.0	nan	True	7848.6900000000005	False	1.0
7856.953	2.0	trials	go_tone	8000.0	80.0	7856.953	0.1	True	5.0	7857.953	0.01	False					nolight	0.0	nan	True	7859.669000000001	False	1.0
7868.321	2.0	trials	nogo_tone	4000.0	80.0	7868.321	0.1	False				True	100.0	12.0	7869.271	7869.621	whisker	350.0	wS2	False		False	4.0
7879.861	2.0	trials	nogo_tone	4000.0	80.0	7879.861	0.1	True	5.0	7880.861	0.01	True	100.0	12.0	7879.811	7880.2609999999995	audio	450.0	wS2	False		False	3.0
7890.762	2.0	trials	nogo_tone	4000.0	80.0	7890.762	0.1	False				False					nolight	0.0	nan	True	7891.3009999999995	True	4.0
7901.303	2.0	trials	nogo_tone	4000.0	80.0	7901.303	0.1	False				False					nolight	0.0	nan	False		False	4.0
7912.141	2.0	trials	nogo_tone	4000.0	80.0	7912.141	0.1	True	5.0	7913.141	0.01	False					nolight	0.0	nan	True	7915.388999999999	False	3.0
7923.172	2.0	trials	go_tone	8000.0	80.0	7923.172	0.1	True	5.0	7924.172	0.01	False					nolight	0.0	nan	True	7925.701999999999	True	1.0
7935.712	2.0	trials	go_tone	8000.0	80.0	7935.712	0.1	True	5.0	7936.712	0.01	False					nolight	0.0	nan	True	7938.434	False	1.0
7947.142	2.0	trials	go_tone	8000.0	80.0	7947.142	0.1	False				False					nolight	0.0	nan	True	7948.766	True	2.0
7958.772	2.0	trials	go_tone	8000.0	80.0	7958.772	0.1	False				False					nolight	0.0	nan	False		False	2.0
7970.094	2.0	trials	no_tone					True	5.0	7971.094	0.01	True	100.0	12.0	7970.044	7970.494	audio	450.0	wS2	False		False	5.0
7981.173	2.0	trials	nogo_tone	4000.0	80.0	7981.173	0.1	False				False					nolight	0.0	nan	False		False	4.0
7992.734	2.0	trials	go_tone	8000.0	80.0	7992.734	0.1	False				False					nolight	0.0	nan	False		False	2.0
8003.614	2.0	trials	go_tone	8000.0	80.0	8003.614	0.1	False				False					nolight	0.0	nan	False		False	2.0
8015.143	2.0	trials	no_tone					True	5.0	8016.143	0.01	False					nolight	0.0	nan	False		False	5.0
8025.985	2.0	trials	nogo_tone	4000.0	80.0	8025.985	0.1	False				False					nolight	0.0	nan	False		False	4.0
8036.755	2.0	trials	go_tone	8000.0	80.0	8036.755	0.1	False				False					nolight	0.0	nan	False		False	2.0
8047.963	2.0	trials	nogo_tone	4000.0	80.0	8047.963	0.1	False				False					nolight	0.0	nan	False		False	4.0
8058.984	2.0	trials	nogo_tone	4000.0	80.0	8058.984	0.1	False				True	100.0	12.0	8058.934	8059.384	audio	450.0	wS2	False		False	4.0
8070.176	2.0	trials	nogo_tone	4000.0	80.0	8070.176	0.1	True	5.0	8071.176	0.01	False					nolight	0.0	nan	True	8073.015	False	3.0
8081.336	2.0	trials	go_tone	8000.0	80.0	8081.336	0.1	True	5.0	8082.336	0.01	True	100.0	12.0	8082.286	8082.636	whisker	350.0	wS2	True	8084.335	False	1.0
8093.444	2.0	trials	nogo_tone	4000.0	80.0	8093.444	0.1	True	5.0	8094.444	0.01	True	100.0	12.0	8093.844	8094.394	delay	550.0	wS2	False		False	3.0
8104.486	2.0	trials	nogo_tone	4000.0	80.0	8104.486	0.1	True	5.0	8105.486	0.01	False					nolight	0.0	nan	False		False	3.0
8115.275	2.0	trials	go_tone	8000.0	80.0	8115.275	0.1	True	5.0	8116.275	0.01	False					nolight	0.0	nan	True	8118.143	False	1.0
8126.695	2.0	trials	go_tone	8000.0	80.0	8126.695	0.1	False				False					nolight	0.0	nan	True	8129.235	True	2.0
8139.236	2.0	trials	go_tone	8000.0	80.0	8139.236	0.1	False				False					nolight	0.0	nan	False		False	2.0
8149.806	2.0	trials	no_tone					True	5.0	8150.806	0.01	False					nolight	0.0	nan	False		False	5.0
8161.167	2.0	trials	nogo_tone	4000.0	80.0	8161.167	0.1	True	5.0	8162.167	0.01	True	100.0	12.0	8162.117	8162.467000000001	whisker	350.0	wS2	False		False	3.0
8172.166	2.0	trials	nogo_tone	4000.0	80.0	8172.166	0.1	True	5.0	8173.166	0.01	False					nolight	0.0	nan	False		False	3.0
8183.408	2.0	trials	no_tone					True	5.0	8184.408	0.01	False					nolight	0.0	nan	False		False	5.0
8194.038	2.0	trials	nogo_tone	4000.0	80.0	8194.038	0.1	True	5.0	8195.038	0.01	False					nolight	0.0	nan	False		False	3.0
8205.199	2.0	trials	go_tone	8000.0	80.0	8205.199	0.1	False				True	100.0	12.0	8205.599	8206.149000000001	delay	550.0	wS2	False		False	2.0
8216.178	2.0	trials	go_tone	8000.0	80.0	8216.178	0.1	True	5.0	8217.178	0.01	True	100.0	12.0	8216.578	8217.128	delay	550.0	wS2	True	8218.922	False	1.0
8227.599	2.0	trials	nogo_tone	4000.0	80.0	8227.599	0.1	False				False					nolight	0.0	nan	False		False	4.0
8238.389	2.0	trials	go_tone	8000.0	80.0	8238.389	0.1	False				False					nolight	0.0	nan	False		False	2.0
8249.107	2.0	trials	go_tone	8000.0	80.0	8249.107	0.1	False				True	100.0	12.0	8250.057	8250.407	whisker	350.0	wS2	False		False	2.0
8260.238	2.0	trials	no_tone					True	5.0	8261.238	0.01	False					nolight	0.0	nan	False		False	5.0
8271.758	2.0	trials	no_tone					True	5.0	8272.758	0.01	True	100.0	12.0	8272.708	8273.057999999999	whisker	350.0	wS2	False		False	5.0
8282.38	2.0	trials	nogo_tone	4000.0	80.0	8282.38	0.1	False				False					nolight	0.0	nan	False		False	4.0
8293.278	2.0	trials	no_tone					True	5.0	8294.278	0.01	True	100.0	12.0	8293.678	8294.228000000001	delay	550.0	wS2	False		False	5.0
8304.048	2.0	trials	go_tone	8000.0	80.0	8304.048	0.1	False				True	100.0	12.0	8303.998000000001	8304.448	audio	450.0	wS2	True	8306.696	False	2.0
8315.459	2.0	trials	no_tone					True	5.0	8316.459	0.01	False					nolight	0.0	nan	False		False	5.0
8326.46	2.0	trials	go_tone	8000.0	80.0	8326.46	0.1	True	5.0	8327.46	0.01	True	100.0	12.0	8326.41	8326.859999999999	audio	450.0	wS2	True	8328.937999999998	True	1.0
8338.94	2.0	trials	go_tone	8000.0	80.0	8338.94	0.1	True	5.0	8339.94	0.01	True	100.0	12.0	8338.890000000001	8339.34	audio	450.0	wS2	False		False	1.0
8350.369	2.0	trials	go_tone	8000.0	80.0	8350.369	0.1	True	5.0	8351.369	0.01	False					nolight	0.0	nan	True	8353.165	False	1.0
8361.129	2.0	trials	no_tone					True	5.0	8362.129	0.01	False					nolight	0.0	nan	False		False	5.0
8372.31	2.0	trials	go_tone	8000.0	80.0	8372.31	0.1	True	5.0	8373.31	0.01	False					nolight	0.0	nan	False		False	1.0
8382.96	2.0	trials	go_tone	8000.0	80.0	8382.96	0.1	False				True	100.0	12.0	8383.359999999999	8383.91	delay	550.0	wS2	False		False	2.0
8394.921	2.0	trials	nogo_tone	4000.0	80.0	8394.921	0.1	True	5.0	8395.921	0.01	False					nolight	0.0	nan	False		False	3.0
8406.111	2.0	trials	nogo_tone	4000.0	80.0	8406.111	0.1	True	5.0	8407.111	0.01	True	100.0	12.0	8406.511	8407.061000000002	delay	550.0	wS2	False		False	3.0
8417.482	2.0	trials	no_tone					True	5.0	8418.482	0.01	True	100.0	12.0	8417.432	8417.882	audio	450.0	wS2	False		False	5.0
8428.431	2.0	trials	go_tone	8000.0	80.0	8428.431	0.1	False				False					nolight	0.0	nan	True	8431.085000000001	False	2.0
8439.448	2.0	trials	go_tone	8000.0	80.0	8439.448	0.1	True	5.0	8440.448	0.01	True	100.0	12.0	8440.398000000001	8440.748	whisker	350.0	wS2	True	8442.207	False	1.0
8450.541	2.0	trials	go_tone	8000.0	80.0	8450.541	0.1	False				False					nolight	0.0	nan	True	8453.206999999999	False	2.0
8461.251	2.0	trials	no_tone					True	5.0	8462.251	0.01	False					nolight	0.0	nan	False		False	5.0
8472.751	2.0	trials	go_tone	8000.0	80.0	8472.751	0.1	True	5.0	8473.751	0.01	False					nolight	0.0	nan	True	8475.503	False	1.0
8483.715	2.0	trials	nogo_tone	4000.0	80.0	8483.715	0.1	True	5.0	8484.715	0.01	False					nolight	0.0	nan	False		False	3.0
8495.222	2.0	trials	no_tone					True	5.0	8496.222	0.01	True	100.0	12.0	8495.622	8496.172	delay	550.0	wS2	False		False	5.0
8506.342	2.0	trials	go_tone	8000.0	80.0	8506.342	0.1	False				False					nolight	0.0	nan	False		False	2.0
8517.714	2.0	trials	go_tone	8000.0	80.0	8517.714	0.1	False				False					nolight	0.0	nan	True	8520.635	False	2.0
8528.344	2.0	trials	nogo_tone	4000.0	80.0	8528.344	0.1	True	5.0	8529.344	0.01	False					nolight	0.0	nan	False		False	3.0
8539.324	2.0	trials	nogo_tone	4000.0	80.0	8539.324	0.1	False				False					nolight	0.0	nan	False		False	4.0
8549.964	2.0	trials	no_tone					True	5.0	8550.964	0.01	False					nolight	0.0	nan	False		False	5.0
8560.885	2.0	trials	go_tone	8000.0	80.0	8560.885	0.1	True	5.0	8561.885	0.01	False					nolight	0.0	nan	False		False	1.0
8572.235	2.0	trials	go_tone	8000.0	80.0	8572.235	0.1	False				True	100.0	12.0	8573.185000000001	8573.535	whisker	350.0	wS2	False		False	2.0
8583.453	2.0	trials	nogo_tone	4000.0	80.0	8583.453	0.1	False				True	100.0	12.0	8583.853	8584.403	delay	550.0	wS2	False		False	4.0
8594.685	2.0	trials	nogo_tone	4000.0	80.0	8594.685	0.1	True	5.0	8595.685	0.01	False					nolight	0.0	nan	False		False	3.0
8605.897	2.0	trials	nogo_tone	4000.0	80.0	8605.897	0.1	False				True	100.0	12.0	8606.847000000002	8607.197	whisker	350.0	wS2	False		False	4.0
8617.175	2.0	trials	nogo_tone	4000.0	80.0	8617.175	0.1	True	5.0	8618.175	0.01	False					nolight	0.0	nan	False		False	3.0
8628.184	2.0	trials	nogo_tone	4000.0	80.0	8628.184	0.1	False				False					nolight	0.0	nan	False		False	4.0
8639.334	2.0	trials	go_tone	8000.0	80.0	8639.334	0.1	False				False					nolight	0.0	nan	True	8641.918000000001	False	2.0
8650.686	2.0	trials	nogo_tone	4000.0	80.0	8650.686	0.1	True	5.0	8651.686	0.01	True	100.0	12.0	8651.636	8651.985999999999	whisker	350.0	wS2	False		False	3.0
8661.404	2.0	trials	go_tone	8000.0	80.0	8661.404	0.1	True	5.0	8662.404	0.01	False					nolight	0.0	nan	True	8664.238000000001	False	1.0
8672.936	2.0	trials	no_tone					True	5.0	8673.936	0.01	False					nolight	0.0	nan	False		False	5.0
8684.265	2.0	trials	nogo_tone	4000.0	80.0	8684.265	0.1	False				False					nolight	0.0	nan	False		False	4.0
8695.345	2.0	trials	nogo_tone	4000.0	80.0	8695.345	0.1	False				False					nolight	0.0	nan	False		False	4.0
8706.385	2.0	trials	no_tone					True	5.0	8707.385	0.01	True	100.0	12.0	8707.335000000001	8707.685	whisker	350.0	wS2	False		False	5.0
8717.455	2.0	trials	no_tone					True	5.0	8718.455	0.01	False					nolight	0.0	nan	False		False	5.0
8728.016	2.0	trials	go_tone	8000.0	80.0	8728.016	0.1	True	5.0	8729.016	0.01	False					nolight	0.0	nan	False		False	1.0
8738.886	2.0	trials	nogo_tone	4000.0	80.0	8738.886	0.1	True	5.0	8739.886	0.01	False					nolight	0.0	nan	False		False	3.0
8750.046	2.0	trials	nogo_tone	4000.0	80.0	8750.046	0.1	False				False					nolight	0.0	nan	False		False	4.0
8761.587	2.0	trials	go_tone	8000.0	80.0	8761.587	0.1	False				False					nolight	0.0	nan	False		False	2.0
8772.896	2.0	trials	no_tone					True	5.0	8773.896	0.01	False					nolight	0.0	nan	False		False	5.0
8784.137	2.0	trials	no_tone					True	5.0	8785.137	0.01	False					nolight	0.0	nan	False		False	5.0
8795.137	2.0	trials	nogo_tone	4000.0	80.0	8795.137	0.1	True	5.0	8796.137	0.01	True	100.0	12.0	8795.087000000001	8795.537	audio	450.0	wS2	False		False	3.0
8806.427	2.0	trials	go_tone	8000.0	80.0	8806.427	0.1	True	5.0	8807.427	0.01	True	100.0	12.0	8806.827	8807.377	delay	550.0	wS2	True	8809.345	False	1.0
8817.599	2.0	trials	go_tone	8000.0	80.0	8817.599	0.1	False				True	100.0	12.0	8817.549	8817.999	audio	450.0	wS2	True	8820.153	False	2.0
8828.719	2.0	trials	nogo_tone	4000.0	80.0	8828.719	0.1	False				True	100.0	12.0	8828.669	8829.118999999999	audio	450.0	wS2	False		False	4.0
8839.638	2.0	trials	go_tone	8000.0	80.0	8839.638	0.1	True	5.0	8840.638	0.01	False					nolight	0.0	nan	True	8842.404	False	1.0
8851.238	2.0	trials	nogo_tone	4000.0	80.0	8851.238	0.1	False				False					nolight	0.0	nan	False		False	4.0
8862.69	2.0	trials	go_tone	8000.0	80.0	8862.69	0.1	True	5.0	8863.69	0.01	True	100.0	12.0	8862.640000000001	8863.09	audio	450.0	wS2	True	8865.434000000001	False	1.0
8873.6	2.0	trials	nogo_tone	4000.0	80.0	8873.6	0.1	True	5.0	8874.6	0.01	True	100.0	12.0	8874.550000000001	8874.9	whisker	350.0	wS2	False		False	3.0
8884.958	2.0	trials	go_tone	8000.0	80.0	8884.958	0.1	False				False					nolight	0.0	nan	False		False	2.0
8896.469	2.0	trials	no_tone					True	5.0	8897.469	0.01	False					nolight	0.0	nan	False		False	5.0
8907.501	2.0	trials	go_tone	8000.0	80.0	8907.501	0.1	True	5.0	8908.501	0.01	True	100.0	12.0	8907.451000000001	8907.901	audio	450.0	wS2	True	8910.25	False	1.0
8918.611	2.0	trials	go_tone	8000.0	80.0	8918.611	0.1	False				True	100.0	12.0	8919.561000000002	8919.911	whisker	350.0	wS2	False		False	2.0
8929.81	2.0	trials	no_tone					True	5.0	8930.81	0.01	False					nolight	0.0	nan	False		False	5.0
8941.32	2.0	trials	nogo_tone	4000.0	80.0	8941.32	0.1	False				False					nolight	0.0	nan	False		False	4.0
8985.8	2.0	trials	go_tone	8000.0	80.0	8985.8	0.1	False				True	100.0	12.0	8985.75	8986.199999999999	audio	450.0	wS2	False		False	2.0
8996.822	2.0	trials	go_tone	8000.0	80.0	8996.822	0.1	True	5.0	8997.822	0.01	False					nolight	0.0	nan	True	8999.637	False	1.0
9008.083	2.0	trials	go_tone	8000.0	80.0	9008.083	0.1	True	5.0	9009.083	0.01	True	100.0	12.0	9009.033000000001	9009.383	whisker	350.0	wS2	True	9010.875	False	1.0
9019.543	2.0	trials	no_tone					True	5.0	9020.543	0.01	True	100.0	12.0	9019.493	9019.943	audio	450.0	wS2	False		False	5.0
9030.687	2.0	trials	go_tone	8000.0	80.0	9030.687	0.1	False				False					nolight	0.0	nan	False		False	2.0
9041.752	2.0	trials	no_tone					True	5.0	9042.752	0.01	False					nolight	0.0	nan	False		False	5.0
9052.816	2.0	trials	go_tone	8000.0	80.0	9052.816	0.1	False				False					nolight	0.0	nan	False		False	2.0
9063.442	2.0	trials	nogo_tone	4000.0	80.0	9063.442	0.1	True	5.0	9064.442	0.01	False					nolight	0.0	nan	False		False	3.0
9074.884	2.0	trials	go_tone	8000.0	80.0	9074.884	0.1	True	5.0	9075.884	0.01	False					nolight	0.0	nan	True	9077.78	False	1.0
9086.342	2.0	trials	go_tone	8000.0	80.0	9086.342	0.1	True	5.0	9087.342	0.01	True	100.0	12.0	9086.742	9087.292000000001	delay	550.0	wS2	True	9088.592	True	1.0
9098.594	2.0	trials	go_tone	8000.0	80.0	9098.594	0.1	True	5.0	9099.594	0.01	True	100.0	12.0	9098.993999999999	9099.544	delay	550.0	wS2	True	9101.756	False	1.0
9109.653	2.0	trials	nogo_tone	4000.0	80.0	9109.653	0.1	True	5.0	9110.653	0.01	True	100.0	12.0	9109.603000000001	9110.053	audio	450.0	wS2	False		False	3.0
9120.563	2.0	trials	no_tone					True	5.0	9121.563	0.01	False					nolight	0.0	nan	False		False	5.0
9131.973	2.0	trials	go_tone	8000.0	80.0	9131.973	0.1	False				False					nolight	0.0	nan	True	9134.463	True	2.0
9144.465	2.0	trials	go_tone	8000.0	80.0	9144.465	0.1	False				False					nolight	0.0	nan	False		False	2.0
9155.905	2.0	trials	nogo_tone	4000.0	80.0	9155.905	0.1	False				False					nolight	0.0	nan	False		False	4.0
9169.652	2.0	trials	nogo_tone	4000.0	80.0	9169.652	0.1	True	5.0	9170.652	0.01	False					nolight	0.0	nan	False		False	3.0
9180.994	2.0	trials	nogo_tone	4000.0	80.0	9180.994	0.1	False				True	100.0	12.0	9180.944000000001	9181.394	audio	450.0	wS2	False		False	4.0
9191.726	2.0	trials	go_tone	8000.0	80.0	9191.726	0.1	False				True	100.0	12.0	9192.126	9192.676000000001	delay	550.0	wS2	True	9194.669	False	2.0
9202.846	2.0	trials	no_tone					True	5.0	9203.846	0.01	True	100.0	12.0	9203.246	9203.796	delay	550.0	wS2	False		False	5.0
9213.776	2.0	trials	nogo_tone	4000.0	80.0	9213.776	0.1	False				False					nolight	0.0	nan	False		False	4.0
9225.097	2.0	trials	go_tone	8000.0	80.0	9225.097	0.1	True	5.0	9226.097	0.01	False					nolight	0.0	nan	True	9227.928	False	1.0
9236.075	2.0	trials	nogo_tone	4000.0	80.0	9236.075	0.1	True	5.0	9237.075	0.01	False					nolight	0.0	nan	False		False	3.0
9247.305	2.0	trials	nogo_tone	4000.0	80.0	9247.305	0.1	False				False					nolight	0.0	nan	False		False	4.0
9258.475	2.0	trials	nogo_tone	4000.0	80.0	9258.475	0.1	False				False					nolight	0.0	nan	False		False	4.0
9269.787	2.0	trials	go_tone	8000.0	80.0	9269.787	0.1	False				False					nolight	0.0	nan	False		False	2.0
9280.446	2.0	trials	nogo_tone	4000.0	80.0	9280.446	0.1	True	5.0	9281.446	0.01	False					nolight	0.0	nan	False		False	3.0
9291.428	2.0	trials	nogo_tone	4000.0	80.0	9291.428	0.1	False				True	100.0	12.0	9291.828	9292.378	delay	550.0	wS2	False		False	4.0
9302.526	2.0	trials	no_tone					True	5.0	9303.526	0.01	False					nolight	0.0	nan	False		False	5.0
9313.216	2.0	trials	nogo_tone	4000.0	80.0	9313.216	0.1	True	5.0	9314.216	0.01	False					nolight	0.0	nan	False		False	3.0
9324.736	2.0	trials	nogo_tone	4000.0	80.0	9324.736	0.1	False				True	100.0	12.0	9325.686000000002	9326.036	whisker	350.0	wS2	False		False	4.0
9335.712	2.0	trials	nogo_tone	4000.0	80.0	9335.712	0.1	True	5.0	9336.712	0.01	False					nolight	0.0	nan	False		False	3.0
9347.217	2.0	trials	go_tone	8000.0	80.0	9347.217	0.1	False				False					nolight	0.0	nan	False		False	2.0
9357.864	2.0	trials	go_tone	8000.0	80.0	9357.864	0.1	True	5.0	9358.864	0.01	False					nolight	0.0	nan	True	9360.711	False	1.0
9368.557	2.0	trials	go_tone	8000.0	80.0	9368.557	0.1	True	5.0	9369.557	0.01	False					nolight	0.0	nan	True	9371.345000000001	False	1.0
9379.729	2.0	trials	nogo_tone	4000.0	80.0	9379.729	0.1	True	5.0	9380.729	0.01	True	100.0	12.0	9380.128999999999	9380.679	delay	550.0	wS2	False		False	3.0
9391.018	2.0	trials	no_tone					True	5.0	9392.018	0.01	False					nolight	0.0	nan	False		False	5.0
9401.779	2.0	trials	go_tone	8000.0	80.0	9401.779	0.1	True	5.0	9402.779	0.01	False					nolight	0.0	nan	True	9404.743	False	1.0
9412.35	2.0	trials	nogo_tone	4000.0	80.0	9412.35	0.1	False				False					nolight	0.0	nan	False		False	4.0
9423.75	2.0	trials	no_tone					True	5.0	9424.75	0.01	True	100.0	12.0	9424.7	9425.05	whisker	350.0	wS2	False		False	5.0
9434.958	2.0	trials	nogo_tone	4000.0	80.0	9434.958	0.1	True	5.0	9435.958	0.01	False					nolight	0.0	nan	False		False	3.0
9445.669	2.0	trials	nogo_tone	4000.0	80.0	9445.669	0.1	True	5.0	9446.669	0.01	True	100.0	12.0	9445.619	9446.069	audio	450.0	wS2	False		False	3.0
9456.529	2.0	trials	go_tone	8000.0	80.0	9456.529	0.1	False				False					nolight	0.0	nan	False		False	2.0
9467.489	2.0	trials	go_tone	8000.0	80.0	9467.489	0.1	True	5.0	9468.489	0.01	False					nolight	0.0	nan	True	9470.345	False	1.0
9478.691	2.0	trials	go_tone	8000.0	80.0	9478.691	0.1	True	5.0	9479.691	0.01	False					nolight	0.0	nan	False		False	1.0
9489.831	2.0	trials	no_tone					True	5.0	9490.831	0.01	False					nolight	0.0	nan	False		False	5.0
9500.901	2.0	trials	nogo_tone	4000.0	80.0	9500.901	0.1	True	5.0	9501.901	0.01	False					nolight	0.0	nan	False		False	3.0
9512.008	2.0	trials	nogo_tone	4000.0	80.0	9512.008	0.1	False				False					nolight	0.0	nan	False		False	4.0
9523.3	2.0	trials	go_tone	8000.0	80.0	9523.3	0.1	True	5.0	9524.3	0.01	False					nolight	0.0	nan	True	9526.162999999999	False	1.0
9534.6	2.0	trials	go_tone	8000.0	80.0	9534.6	0.1	False				False					nolight	0.0	nan	False		False	2.0
9546.065	2.0	trials	no_tone					True	5.0	9547.065	0.01	False					nolight	0.0	nan	False		False	5.0
9557.525	2.0	trials	go_tone	8000.0	80.0	9557.525	0.1	False				False					nolight	0.0	nan	False		False	2.0
9568.623	2.0	trials	nogo_tone	4000.0	80.0	9568.623	0.1	True	5.0	9569.623	0.01	False					nolight	0.0	nan	False		False	3.0
9579.691	2.0	trials	go_tone	8000.0	80.0	9579.691	0.1	True	5.0	9580.691	0.01	True	100.0	12.0	9580.091	9580.641000000001	delay	550.0	wS2	True	9582.505000000001	False	1.0
9591.223	2.0	trials	go_tone	8000.0	80.0	9591.223	0.1	False				True	100.0	12.0	9591.623	9592.173	delay	550.0	wS2	True	9592.947	True	2.0
9602.951	2.0	trials	go_tone	8000.0	80.0	9602.951	0.1	False				True	100.0	12.0	9603.350999999999	9603.901	delay	550.0	wS2	False		False	2.0
9613.771	2.0	trials	no_tone					True	5.0	9614.771	0.01	True	100.0	12.0	9614.721000000001	9615.071	whisker	350.0	wS2	False		False	5.0
9625.064	2.0	trials	nogo_tone	4000.0	80.0	9625.064	0.1	False				False					nolight	0.0	nan	False		False	4.0
9636.292	2.0	trials	nogo_tone	4000.0	80.0	9636.292	0.1	True	5.0	9637.292	0.01	False					nolight	0.0	nan	False		False	3.0
9646.852	2.0	trials	go_tone	8000.0	80.0	9646.852	0.1	False				False					nolight	0.0	nan	False		False	2.0
9657.544	2.0	trials	go_tone	8000.0	80.0	9657.544	0.1	False				True	100.0	12.0	9658.494	9658.844	whisker	350.0	wS2	False		False	2.0
9696.445	2.0	trials	no_tone					True	5.0	9697.445	0.01	False					nolight	0.0	nan	False		False	5.0
9707.475	2.0	trials	go_tone	8000.0	80.0	9707.475	0.1	True	5.0	9708.475	0.01	False					nolight	0.0	nan	True	9710.195	False	1.0
9718.215	2.0	trials	no_tone					True	5.0	9719.215	0.01	False					nolight	0.0	nan	False		False	5.0
9729.215	2.0	trials	go_tone	8000.0	80.0	9729.215	0.1	True	5.0	9730.215	0.01	False					nolight	0.0	nan	True	9731.952	False	1.0
9740.124	2.0	trials	nogo_tone	4000.0	80.0	9740.124	0.1	True	5.0	9741.124	0.01	True	100.0	12.0	9740.524	9741.074	delay	550.0	wS2	False		False	3.0
9751.416	2.0	trials	nogo_tone	4000.0	80.0	9751.416	0.1	False				True	100.0	12.0	9751.815999999999	9752.366	delay	550.0	wS2	False		False	4.0
9762.226	2.0	trials	nogo_tone	4000.0	80.0	9762.226	0.1	False				False					nolight	0.0	nan	False		False	4.0
9773.075	2.0	trials	go_tone	8000.0	80.0	9773.075	0.1	True	5.0	9774.075	0.01	True	100.0	12.0	9773.025000000001	9773.475	audio	450.0	wS2	False		False	1.0
9783.796	2.0	trials	no_tone					True	5.0	9784.796	0.01	False					nolight	0.0	nan	False		False	5.0
9795.075	2.0	trials	nogo_tone	4000.0	80.0	9795.075	0.1	False				False					nolight	0.0	nan	False		False	4.0
9806.537	2.0	trials	no_tone					True	5.0	9807.537	0.01	True	100.0	12.0	9806.937	9807.487000000001	delay	550.0	wS2	False		False	5.0
9817.705	2.0	trials	nogo_tone	4000.0	80.0	9817.705	0.1	True	5.0	9818.705	0.01	False					nolight	0.0	nan	False		False	3.0
9829.167	2.0	trials	go_tone	8000.0	80.0	9829.167	0.1	True	5.0	9830.167	0.01	True	100.0	12.0	9830.117	9830.466999999999	whisker	350.0	wS2	True	9832.715	False	1.0
9839.967	2.0	trials	nogo_tone	4000.0	80.0	9839.967	0.1	False				True	100.0	12.0	9840.917000000001	9841.267	whisker	350.0	wS2	False		False	4.0
9851.358	2.0	trials	go_tone	8000.0	80.0	9851.358	0.1	False				True	100.0	12.0	9851.308	9851.758	audio	450.0	wS2	False		False	2.0
9862.317	2.0	trials	nogo_tone	4000.0	80.0	9862.317	0.1	True	5.0	9863.317	0.01	False					nolight	0.0	nan	False		False	3.0
9873.348	2.0	trials	go_tone	8000.0	80.0	9873.348	0.1	True	5.0	9874.348	0.01	False					nolight	0.0	nan	True	9876.099	False	1.0
9884.438	2.0	trials	nogo_tone	4000.0	80.0	9884.438	0.1	True	5.0	9885.438	0.01	True	100.0	12.0	9885.388	9885.738	whisker	350.0	wS2	False		False	3.0
9895.738	2.0	trials	nogo_tone	4000.0	80.0	9895.738	0.1	False				False					nolight	0.0	nan	False		False	4.0
9909.697	2.0	trials	nogo_tone	4000.0	80.0	9909.697	0.1	False				False					nolight	0.0	nan	False		False	4.0
9920.897	2.0	trials	go_tone	8000.0	80.0	9920.897	0.1	False				False					nolight	0.0	nan	False		False	2.0
9933.427	2.0	trials	no_tone					True	5.0	9934.427	0.01	False					nolight	0.0	nan	False		False	5.0
9944.128	2.0	trials	go_tone	8000.0	80.0	9944.128	0.1	False				False					nolight	0.0	nan	False		False	2.0
9955.459	2.0	trials	nogo_tone	4000.0	80.0	9955.459	0.1	False				True	100.0	12.0	9955.409000000001	9955.859	audio	450.0	wS2	False		False	4.0
9966.808	2.0	trials	no_tone					True	5.0	9967.808	0.01	True	100.0	12.0	9966.758000000002	9967.208	audio	450.0	wS2	False		False	5.0
9977.783	2.0	trials	no_tone					True	5.0	9978.783	0.01	False					nolight	0.0	nan	False		False	5.0
9988.778	2.0	trials	nogo_tone	4000.0	80.0	9988.778	0.1	False				False					nolight	0.0	nan	False		False	4.0
10000.269	2.0	trials	go_tone	8000.0	80.0	10000.269	0.1	True	5.0	10001.269	0.01	False					nolight	0.0	nan	True	10002.193000000001	True	1.0
10012.199	2.0	trials	go_tone	8000.0	80.0	10012.199	0.1	True	5.0	10013.199	0.01	False					nolight	0.0	nan	True	10015.168	False	1.0
10022.829	2.0	trials	go_tone	8000.0	80.0	10022.829	0.1	False				False					nolight	0.0	nan	False		False	2.0
10033.589	2.0	trials	go_tone	8000.0	80.0	10033.589	0.1	True	5.0	10034.589	0.01	False					nolight	0.0	nan	False		False	1.0
10044.659	2.0	trials	nogo_tone	4000.0	80.0	10044.659	0.1	False				True	100.0	12.0	10044.609	10045.059	audio	450.0	wS2	False		False	4.0
10055.601	2.0	trials	go_tone	8000.0	80.0	10055.601	0.1	False				True	100.0	12.0	10056.551000000001	10056.901	whisker	350.0	wS2	False		False	2.0
10067.031	2.0	trials	go_tone	8000.0	80.0	10067.031	0.1	True	5.0	10068.031	0.01	True	100.0	12.0	10066.981000000002	10067.431	audio	450.0	wS2	False		False	1.0
10077.73	2.0	trials	nogo_tone	4000.0	80.0	10077.73	0.1	False				False					nolight	0.0	nan	False		False	4.0
10088.494	2.0	trials	go_tone	8000.0	80.0	10088.494	0.1	False				True	100.0	12.0	10088.894	10089.444000000001	delay	550.0	wS2	False		False	2.0
10099.38	2.0	trials	nogo_tone	4000.0	80.0	10099.38	0.1	True	5.0	10100.38	0.01	False					nolight	0.0	nan	False		False	3.0
10110.442	2.0	trials	go_tone	8000.0	80.0	10110.442	0.1	False				False					nolight	0.0	nan	True	10112.865	True	2.0
10122.872	2.0	trials	go_tone	8000.0	80.0	10122.872	0.1	False				False					nolight	0.0	nan	False		False	2.0
10133.882	2.0	trials	nogo_tone	4000.0	80.0	10133.882	0.1	False				True	100.0	12.0	10134.832	10135.181999999999	whisker	350.0	wS2	True	10134.422999999999	True	4.0
10144.432	2.0	trials	nogo_tone	4000.0	80.0	10144.432	0.1	False				True	100.0	12.0	10145.382000000001	10145.732	whisker	350.0	wS2	False		False	4.0
10155.351	2.0	trials	nogo_tone	4000.0	80.0	10155.351	0.1	False				True	100.0	12.0	10155.751	10156.301000000001	delay	550.0	wS2	False		False	4.0
10166.902	2.0	trials	go_tone	8000.0	80.0	10166.902	0.1	True	5.0	10167.902	0.01	True	100.0	12.0	10167.852	10168.202	whisker	350.0	wS2	False		False	1.0
10178.183	2.0	trials	nogo_tone	4000.0	80.0	10178.183	0.1	False				False					nolight	0.0	nan	False		False	4.0
10189.293	2.0	trials	no_tone					True	5.0	10190.293	0.01	False					nolight	0.0	nan	False		False	5.0
10200.382	2.0	trials	no_tone					True	5.0	10201.382	0.01	False					nolight	0.0	nan	False		False	5.0
10211.562	2.0	trials	go_tone	8000.0	80.0	10211.562	0.1	False				False					nolight	0.0	nan	False		False	2.0
10222.905	2.0	trials	no_tone					True	5.0	10223.905	0.01	False					nolight	0.0	nan	False		False	5.0
10234.254	2.0	trials	nogo_tone	4000.0	80.0	10234.254	0.1	True	5.0	10235.254	0.01	False					nolight	0.0	nan	False		False	3.0
10244.964	2.0	trials	go_tone	8000.0	80.0	10244.964	0.1	False				False					nolight	0.0	nan	False		False	2.0
10256.154	2.0	trials	go_tone	8000.0	80.0	10256.154	0.1	True	5.0	10257.154	0.01	False					nolight	0.0	nan	False		False	1.0
10271.254	2.0	trials	nogo_tone	4000.0	80.0	10271.254	0.1	True	5.0	10272.254	0.01	True	100.0	12.0	10271.204000000002	10271.654	audio	450.0	wS2	False		False	3.0
10282.673	2.0	trials	nogo_tone	4000.0	80.0	10282.673	0.1	True	5.0	10283.673	0.01	False					nolight	0.0	nan	True	10284.443000000001	True	3.0
10294.446	2.0	trials	nogo_tone	4000.0	80.0	10294.446	0.1	True	5.0	10295.446	0.01	False					nolight	0.0	nan	False		False	3.0
10305.535	2.0	trials	nogo_tone	4000.0	80.0	10305.535	0.1	False				False					nolight	0.0	nan	False		False	4.0
10320.784	2.0	trials	nogo_tone	4000.0	80.0	10320.784	0.1	True	5.0	10321.784	0.01	False					nolight	0.0	nan	False		False	3.0
10331.919	2.0	trials	no_tone					True	5.0	10332.919	0.01	True	100.0	12.0	10332.869	10333.219	whisker	350.0	wS2	False		False	5.0
10342.655	2.0	trials	go_tone	8000.0	80.0	10342.655	0.1	False				False					nolight	0.0	nan	False		False	2.0
10353.875	2.0	trials	no_tone					True	5.0	10354.875	0.01	False					nolight	0.0	nan	False		False	5.0
10367.095	2.0	trials	nogo_tone	4000.0	80.0	10367.095	0.1	True	5.0	10368.095	0.01	True	100.0	12.0	10367.494999999999	10368.045	delay	550.0	wS2	False		False	3.0
10378.245	2.0	trials	go_tone	8000.0	80.0	10378.245	0.1	True	5.0	10379.245	0.01	False					nolight	0.0	nan	True	10381.0	False	1.0
10389.637	2.0	trials	nogo_tone	4000.0	80.0	10389.637	0.1	True	5.0	10390.637	0.01	True	100.0	12.0	10390.587000000001	10390.937	whisker	350.0	wS2	False		False	3.0
10400.337	2.0	trials	nogo_tone	4000.0	80.0	10400.337	0.1	True	5.0	10401.337	0.01	False					nolight	0.0	nan	False		False	3.0
10411.036	2.0	trials	go_tone	8000.0	80.0	10411.036	0.1	True	5.0	10412.036	0.01	False					nolight	0.0	nan	True	10414.29	False	1.0
10422.256	2.0	trials	go_tone	8000.0	80.0	10422.256	0.1	True	5.0	10423.256	0.01	False					nolight	0.0	nan	False		False	1.0
10433.146	2.0	trials	nogo_tone	4000.0	80.0	10433.146	0.1	False				False					nolight	0.0	nan	False		False	4.0
10443.857	2.0	trials	go_tone	8000.0	80.0	10443.857	0.1	True	5.0	10444.857	0.01	True	100.0	12.0	10444.257	10444.807	delay	550.0	wS2	True	10446.579	False	1.0
10457.936	2.0	trials	nogo_tone	4000.0	80.0	10457.936	0.1	False				False					nolight	0.0	nan	False		False	4.0
10468.657	2.0	trials	no_tone					True	5.0	10469.657	0.01	False					nolight	0.0	nan	False		False	5.0
10479.609	2.0	trials	no_tone					True	5.0	10480.609	0.01	True	100.0	12.0	10479.559000000001	10480.009	audio	450.0	wS2	False		False	5.0
10490.747	2.0	trials	nogo_tone	4000.0	80.0	10490.747	0.1	True	5.0	10491.747	0.01	False					nolight	0.0	nan	False		False	3.0
10502.175	2.0	trials	go_tone	8000.0	80.0	10502.175	0.1	False				True	100.0	12.0	10502.125	10502.574999999999	audio	450.0	wS2	True	10504.168	True	2.0
10514.178	2.0	trials	go_tone	8000.0	80.0	10514.178	0.1	False				True	100.0	12.0	10514.128	10514.578	audio	450.0	wS2	False		False	2.0
10525.962	2.0	trials	go_tone	8000.0	80.0	10525.962	0.1	False				False					nolight	0.0	nan	False		False	2.0
10537.198	2.0	trials	no_tone					True	5.0	10538.198	0.01	True	100.0	12.0	10537.598	10538.148000000001	delay	550.0	wS2	False		False	5.0
10548.01	2.0	trials	no_tone					True	5.0	10549.01	0.01	True	100.0	12.0	10548.41	10548.960000000001	delay	550.0	wS2	False		False	5.0
10558.73	2.0	trials	nogo_tone	4000.0	80.0	10558.73	0.1	True	5.0	10559.73	0.01	False					nolight	0.0	nan	False		False	3.0
10569.291	2.0	trials	nogo_tone	4000.0	80.0	10569.291	0.1	True	5.0	10570.291	0.01	False					nolight	0.0	nan	True	10569.659	True	3.0
10579.673	2.0	trials	nogo_tone	4000.0	80.0	10579.673	0.1	True	5.0	10580.673	0.01	False					nolight	0.0	nan	False		False	3.0
10591.109	2.0	trials	no_tone					True	5.0	10592.109	0.01	False					nolight	0.0	nan	False		False	5.0
10602.591	2.0	trials	nogo_tone	4000.0	80.0	10602.591	0.1	True	5.0	10603.591	0.01	False					nolight	0.0	nan	False		False	3.0
10613.72	2.0	trials	nogo_tone	4000.0	80.0	10613.72	0.1	False				True	100.0	12.0	10613.67	10614.119999999999	audio	450.0	wS2	False		False	4.0
10624.731	2.0	trials	go_tone	8000.0	80.0	10624.731	0.1	False				False					nolight	0.0	nan	True	10626.98	True	2.0
10636.989	2.0	trials	go_tone	8000.0	80.0	10636.989	0.1	False				False					nolight	0.0	nan	False		False	2.0
10647.69	2.0	trials	go_tone	8000.0	80.0	10647.69	0.1	True	5.0	10648.69	0.01	True	100.0	12.0	10647.640000000001	10648.09	audio	450.0	wS2	False		False	1.0
10658.471	2.0	trials	nogo_tone	4000.0	80.0	10658.471	0.1	False				False					nolight	0.0	nan	False		False	4.0
10669.21	2.0	trials	no_tone					True	5.0	10670.21	0.01	False					nolight	0.0	nan	False		False	5.0
10680.772	2.0	trials	go_tone	8000.0	80.0	10680.772	0.1	False				True	100.0	12.0	10680.722000000002	10681.172	audio	450.0	wS2	False		False	2.0
10692.972	2.0	trials	go_tone	8000.0	80.0	10692.972	0.1	False				False					nolight	0.0	nan	False		False	2.0
10704.191	2.0	trials	nogo_tone	4000.0	80.0	10704.191	0.1	True	5.0	10705.191	0.01	False					nolight	0.0	nan	False		False	3.0
10715.411	2.0	trials	go_tone	8000.0	80.0	10715.411	0.1	True	5.0	10716.411	0.01	False					nolight	0.0	nan	True	10718.285	False	1.0
10726.123	2.0	trials	go_tone	8000.0	80.0	10726.123	0.1	True	5.0	10727.123	0.01	False					nolight	0.0	nan	True	10729.317	False	1.0
10736.842	2.0	trials	nogo_tone	4000.0	80.0	10736.842	0.1	True	5.0	10737.842	0.01	False					nolight	0.0	nan	False		False	3.0
10749.782	2.0	trials	nogo_tone	4000.0	80.0	10749.782	0.1	False				False					nolight	0.0	nan	False		False	4.0
10761.083	2.0	trials	go_tone	8000.0	80.0	10761.083	0.1	True	5.0	10762.083	0.01	True	100.0	12.0	10761.483	10762.033000000001	delay	550.0	wS2	True	10763.906	False	1.0
10772.242	2.0	trials	nogo_tone	4000.0	80.0	10772.242	0.1	False				False					nolight	0.0	nan	False		False	4.0
10783.802	2.0	trials	go_tone	8000.0	80.0	10783.802	0.1	True	5.0	10784.802	0.01	False					nolight	0.0	nan	False		False	1.0
10795.002	2.0	trials	go_tone	8000.0	80.0	10795.002	0.1	True	5.0	10796.002	0.01	False					nolight	0.0	nan	True	10798.119	False	1.0
10805.853	2.0	trials	nogo_tone	4000.0	80.0	10805.853	0.1	True	5.0	10806.853	0.01	True	100.0	12.0	10806.252999999999	10806.803	delay	550.0	wS2	False		False	3.0
10818.645	2.0	trials	go_tone	8000.0	80.0	10818.645	0.1	False				False					nolight	0.0	nan	False		False	2.0
10830.065	2.0	trials	no_tone					True	5.0	10831.065	0.01	False					nolight	0.0	nan	False		False	5.0
10840.873	2.0	trials	go_tone	8000.0	80.0	10840.873	0.1	False				True	100.0	12.0	10841.823	10842.172999999999	whisker	350.0	wS2	False		False	2.0
10851.655	2.0	trials	go_tone	8000.0	80.0	10851.655	0.1	True	5.0	10852.655	0.01	False					nolight	0.0	nan	True	10854.878	False	1.0
10862.814	2.0	trials	go_tone	8000.0	80.0	10862.814	0.1	False				False					nolight	0.0	nan	False		False	2.0
10873.834	2.0	trials	go_tone	8000.0	80.0	10873.834	0.1	False				True	100.0	12.0	10874.234	10874.784000000001	delay	550.0	wS2	False		False	2.0
10884.394	2.0	trials	nogo_tone	4000.0	80.0	10884.394	0.1	False				False					nolight	0.0	nan	False		False	4.0
10897.765	2.0	trials	nogo_tone	4000.0	80.0	10897.765	0.1	True	5.0	10898.765	0.01	True	100.0	12.0	10898.715	10899.064999999999	whisker	350.0	wS2	False		False	3.0
10910.335	2.0	trials	no_tone					True	5.0	10911.335	0.01	True	100.0	12.0	10910.285	10910.734999999999	audio	450.0	wS2	False		False	5.0
10920.965	2.0	trials	go_tone	8000.0	80.0	10920.965	0.1	True	5.0	10921.965	0.01	True	100.0	12.0	10921.915	10922.265	whisker	350.0	wS2	False		False	1.0
10932.385	2.0	trials	nogo_tone	4000.0	80.0	10932.385	0.1	False				False					nolight	0.0	nan	False		False	4.0
10943.075	2.0	trials	no_tone					True	5.0	10944.075	0.01	False					nolight	0.0	nan	False		False	5.0
10954.626	2.0	trials	nogo_tone	4000.0	80.0	10954.626	0.1	True	5.0	10955.626	0.01	True	100.0	12.0	10954.576000000001	10955.026	audio	450.0	wS2	False		False	3.0
10965.837	2.0	trials	go_tone	8000.0	80.0	10965.837	0.1	False				False					nolight	0.0	nan	True	10968.337	True	2.0
10978.346	2.0	trials	go_tone	8000.0	80.0	10978.346	0.1	False				False					nolight	0.0	nan	True	10981.172999999999	False	2.0
10989.27	2.0	trials	nogo_tone	4000.0	80.0	10989.27	0.1	True	5.0	10990.27	0.01	False					nolight	0.0	nan	False		False	3.0
11000.478	2.0	trials	nogo_tone	4000.0	80.0	11000.478	0.1	False				True	100.0	12.0	11001.428	11001.777999999998	whisker	350.0	wS2	False		False	4.0
11011.706	2.0	trials	no_tone					True	5.0	11012.706	0.01	False					nolight	0.0	nan	False		False	5.0
11022.798	2.0	trials	go_tone	8000.0	80.0	11022.798	0.1	False				False					nolight	0.0	nan	False		False	2.0
11034.329	2.0	trials	nogo_tone	4000.0	80.0	11034.329	0.1	False				True	100.0	12.0	11034.729	11035.279	delay	550.0	wS2	False		False	4.0
11045.577	2.0	trials	no_tone					True	5.0	11046.577	0.01	True	100.0	12.0	11046.527	11046.876999999999	whisker	350.0	wS2	False		False	5.0
11056.367	2.0	trials	nogo_tone	4000.0	80.0	11056.367	0.1	False				False					nolight	0.0	nan	False		False	4.0
11069.459	2.0	trials	no_tone					True	5.0	11070.459	0.01	False					nolight	0.0	nan	True	11072.5	False	5.0
11080.777	2.0	trials	go_tone	8000.0	80.0	11080.777	0.1	True	5.0	11081.777	0.01	False					nolight	0.0	nan	True	11083.574	False	1.0
11091.766	2.0	trials	nogo_tone	4000.0	80.0	11091.766	0.1	True	5.0	11092.766	0.01	False					nolight	0.0	nan	False		False	3.0
11102.588	2.0	trials	no_tone					True	5.0	11103.588	0.01	True	100.0	12.0	11102.538	11102.988	audio	450.0	wS2	False		False	5.0
11113.629	2.0	trials	no_tone					True	5.0	11114.629	0.01	False					nolight	0.0	nan	False		False	5.0
11124.459	2.0	trials	nogo_tone	4000.0	80.0	11124.459	0.1	False				False					nolight	0.0	nan	False		False	4.0
11135.409	2.0	trials	nogo_tone	4000.0	80.0	11135.409	0.1	False				False					nolight	0.0	nan	False		False	4.0
11146.239	2.0	trials	go_tone	8000.0	80.0	11146.239	0.1	True	5.0	11147.239	0.01	False					nolight	0.0	nan	True	11149.385	False	1.0
11157.53	2.0	trials	no_tone					True	5.0	11158.53	0.01	False					nolight	0.0	nan	False		False	5.0
11168.28	2.0	trials	go_tone	8000.0	80.0	11168.28	0.1	True	5.0	11169.28	0.01	True	100.0	12.0	11168.230000000001	11168.68	audio	450.0	wS2	True	11171.058	False	1.0
11179.309	2.0	trials	go_tone	8000.0	80.0	11179.309	0.1	False				False					nolight	0.0	nan	False		False	2.0
11190.331	2.0	trials	nogo_tone	4000.0	80.0	11190.331	0.1	True	5.0	11191.331	0.01	True	100.0	12.0	11191.281	11191.631	whisker	350.0	wS2	False		False	3.0
11201.161	2.0	trials	no_tone					True	5.0	11202.161	0.01	True	100.0	12.0	11202.111	11202.461	whisker	350.0	wS2	False		False	5.0
11211.742	2.0	trials	go_tone	8000.0	80.0	11211.742	0.1	False				False					nolight	0.0	nan	True	11213.92	True	2.0
11223.92	2.0	trials	go_tone	8000.0	80.0	11223.92	0.1	False				False					nolight	0.0	nan	True	11224.613	True	2.0
11234.622	2.0	trials	go_tone	8000.0	80.0	11234.622	0.1	False				False					nolight	0.0	nan	False		False	2.0
11246.091	2.0	trials	nogo_tone	4000.0	80.0	11246.091	0.1	True	5.0	11247.091	0.01	False					nolight	0.0	nan	False		False	3.0
11256.773	2.0	trials	nogo_tone	4000.0	80.0	11256.773	0.1	False				True	100.0	12.0	11257.172999999999	11257.723	delay	550.0	wS2	False		False	4.0
11267.741	2.0	trials	no_tone					True	5.0	11268.741	0.01	False					nolight	0.0	nan	False		False	5.0
11278.751	2.0	trials	nogo_tone	4000.0	80.0	11278.751	0.1	False				True	100.0	12.0	11278.701000000001	11279.151	audio	450.0	wS2	False		False	4.0
11290.421	2.0	trials	nogo_tone	4000.0	80.0	11290.421	0.1	False				True	100.0	12.0	11291.371000000001	11291.721	whisker	350.0	wS2	False		False	4.0
11301.464	2.0	trials	nogo_tone	4000.0	80.0	11301.464	0.1	True	5.0	11302.464	0.01	False					nolight	0.0	nan	False		False	3.0
11312.401	2.0	trials	nogo_tone	4000.0	80.0	11312.401	0.1	False				False					nolight	0.0	nan	False		False	4.0
11323.624	2.0	trials	go_tone	8000.0	80.0	11323.624	0.1	True	5.0	11324.624	0.01	True	100.0	12.0	11324.574	11324.923999999999	whisker	350.0	wS2	False		False	1.0
11335.054	2.0	trials	nogo_tone	4000.0	80.0	11335.054	0.1	True	5.0	11336.054	0.01	True	100.0	12.0	11335.004	11335.454	audio	450.0	wS2	False		False	3.0
11346.072	2.0	trials	no_tone					True	5.0	11347.072	0.01	False					nolight	0.0	nan	False		False	5.0
11357.624	2.0	trials	go_tone	8000.0	80.0	11357.624	0.1	True	5.0	11358.624	0.01	False					nolight	0.0	nan	True	11360.869	False	1.0
11376.235	2.0	trials	nogo_tone	4000.0	80.0	11376.235	0.1	False				False					nolight	0.0	nan	False		False	4.0
11387.575	2.0	trials	nogo_tone	4000.0	80.0	11387.575	0.1	False				False					nolight	0.0	nan	False		False	4.0
11398.725	2.0	trials	go_tone	8000.0	80.0	11398.725	0.1	False				False					nolight	0.0	nan	False		False	2.0
11410.215	2.0	trials	go_tone	8000.0	80.0	11410.215	0.1	False				False					nolight	0.0	nan	False		False	2.0
11420.985	2.0	trials	go_tone	8000.0	80.0	11420.985	0.1	True	5.0	11421.985	0.01	False					nolight	0.0	nan	False		False	1.0
11431.604	2.0	trials	no_tone					True	5.0	11432.604	0.01	False					nolight	0.0	nan	True	11434.184	False	5.0
11442.374	2.0	trials	go_tone	8000.0	80.0	11442.374	0.1	False				False					nolight	0.0	nan	False		False	2.0
11453.136	2.0	trials	go_tone	8000.0	80.0	11453.136	0.1	True	5.0	11454.136	0.01	True	100.0	12.0	11453.536	11454.086000000001	delay	550.0	wS2	False		False	1.0
11463.846	2.0	trials	no_tone					True	5.0	11464.846	0.01	True	100.0	12.0	11464.246	11464.796	delay	550.0	wS2	False		False	5.0
11474.536	2.0	trials	go_tone	8000.0	80.0	11474.536	0.1	False				True	100.0	12.0	11474.486	11474.936	audio	450.0	wS2	False		False	2.0
11485.792	2.0	trials	nogo_tone	4000.0	80.0	11485.792	0.1	True	5.0	11486.792	0.01	False					nolight	0.0	nan	False		False	3.0
11497.225	2.0	trials	go_tone	8000.0	80.0	11497.225	0.1	True	5.0	11498.225	0.01	False					nolight	0.0	nan	True	11500.202000000001	False	1.0
11508.677	2.0	trials	go_tone	8000.0	80.0	11508.677	0.1	True	5.0	11509.677	0.01	False					nolight	0.0	nan	True	11509.164999999999	True	1.0
11519.647	2.0	trials	go_tone	8000.0	80.0	11519.647	0.1	True	5.0	11520.647	0.01	False					nolight	0.0	nan	True	11522.617	False	1.0
11530.227	2.0	trials	nogo_tone	4000.0	80.0	11530.227	0.1	True	5.0	11531.227	0.01	False					nolight	0.0	nan	False		False	3.0
11540.918	2.0	trials	nogo_tone	4000.0	80.0	11540.918	0.1	False				False					nolight	0.0	nan	False		False	4.0
11551.648	2.0	trials	nogo_tone	4000.0	80.0	11551.648	0.1	True	5.0	11552.648	0.01	False					nolight	0.0	nan	False		False	3.0
11562.246	2.0	trials	nogo_tone	4000.0	80.0	11562.246	0.1	True	5.0	11563.246	0.01	True	100.0	12.0	11562.645999999999	11563.196	delay	550.0	wS2	False		False	3.0
11573.156	2.0	trials	go_tone	8000.0	80.0	11573.156	0.1	False				True	100.0	12.0	11574.106000000002	11574.456	whisker	350.0	wS2	True	11575.597000000002	True	2.0
11585.607	2.0	trials	go_tone	8000.0	80.0	11585.607	0.1	False				True	100.0	12.0	11586.557	11586.907	whisker	350.0	wS2	True	11585.896	True	2.0
11595.899	2.0	trials	go_tone	8000.0	80.0	11595.899	0.1	False				True	100.0	12.0	11596.849	11597.198999999999	whisker	350.0	wS2	False		False	2.0
11606.969	2.0	trials	go_tone	8000.0	80.0	11606.969	0.1	False				False					nolight	0.0	nan	False		False	2.0
11618.057	2.0	trials	no_tone					True	5.0	11619.057	0.01	False					nolight	0.0	nan	False		False	5.0
11629.467	2.0	trials	go_tone	8000.0	80.0	11629.467	0.1	False				True	100.0	12.0	11629.867	11630.417000000001	delay	550.0	wS2	False		False	2.0
11640.418	2.0	trials	go_tone	8000.0	80.0	11640.418	0.1	True	5.0	11641.418	0.01	False					nolight	0.0	nan	True	11643.75	False	1.0
11651.137	2.0	trials	nogo_tone	4000.0	80.0	11651.137	0.1	False				False					nolight	0.0	nan	True	11654.302000000001	False	4.0
11662.548	2.0	trials	nogo_tone	4000.0	80.0	11662.548	0.1	True	5.0	11663.548	0.01	True	100.0	12.0	11662.498000000001	11662.948	audio	450.0	wS2	False		False	3.0
11673.768	2.0	trials	nogo_tone	4000.0	80.0	11673.768	0.1	True	5.0	11674.768	0.01	True	100.0	12.0	11674.718	11675.068	whisker	350.0	wS2	False		False	3.0
