onset	duration	nwb_table	context	auditory_stim_frequency	auditory_stim_amplitude	auditory_stim_time	auditory_stim_duration	whisker_stim	whisker_stim_amplitude	whisker_stim_time	whisker_stim_duration	opto_stim	opto_stim_frequency	opto_stim_amplitude	opto_stim_start_time	opto_stim_stop_time	opto_window	opto_duration	opto_area	lick_flag	lick_time	early_lick	trial_type
11.502	2.0	trials	go_tone	8000.0	80.0	11.502	0.1	False				False					nolight	0.0	nan	True	14.418000000000001	False	2.0
34.432	2.0	trials	nogo_tone	4000.0	80.0	34.432	0.1	False				False					nolight	0.0	nan	False		False	4.0
46.112	2.0	trials	go_tone	8000.0	80.0	46.112	0.1	True	5.0	47.112	0.01	False					nolight	0.0	nan	True	48.843	False	1.0
57.712	2.0	trials	nogo_tone	4000.0	80.0	57.712	0.1	False				False					nolight	0.0	nan	False		False	4.0
68.322	2.0	trials	go_tone	8000.0	80.0	68.322	0.1	True	5.0	69.322	0.01	False					nolight	0.0	nan	True	70.988	False	1.0
79.503	2.0	trials	nogo_tone	4000.0	80.0	79.503	0.1	True	5.0	80.503	0.01	False					nolight	0.0	nan	True	82.171	False	3.0
106.123	2.0	trials	no_tone					True	5.0	107.123	0.01	False					nolight	0.0	nan	True	107.71300000000001	True	5.0
117.713	2.0	trials	no_tone					True	5.0	118.713	0.01	False					nolight	0.0	nan	False		False	5.0
128.503	2.0	trials	go_tone	8000.0	80.0	128.503	0.1	True	5.0	129.503	0.01	False					nolight	0.0	nan	True	131.159	False	1.0
139.774	2.0	trials	go_tone	8000.0	80.0	139.774	0.1	False				False					nolight	0.0	nan	True	141.998	True	2.0
152.004	2.0	trials	go_tone	8000.0	80.0	152.004	0.1	False				False					nolight	0.0	nan	False		False	2.0
162.59	2.0	trials	nogo_tone	4000.0	80.0	162.59	0.1	False				False					nolight	0.0	nan	False		False	4.0
174.085	2.0	trials	nogo_tone	4000.0	80.0	174.085	0.1	True	5.0	175.085	0.01	False					nolight	0.0	nan	False		False	3.0
184.844	2.0	trials	go_tone	8000.0	80.0	184.844	0.1	True	5.0	185.844	0.01	False					nolight	0.0	nan	True	187.537	False	1.0
196.235	2.0	trials	nogo_tone	4000.0	80.0	196.235	0.1	True	5.0	197.235	0.01	False					nolight	0.0	nan	True	198.93400000000003	False	3.0
223.525	2.0	trials	go_tone	8000.0	80.0	223.525	0.1	True	5.0	224.525	0.01	False					nolight	0.0	nan	True	225.88500000000002	True	1.0
235.886	2.0	trials	go_tone	8000.0	80.0	235.886	0.1	True	5.0	236.886	0.01	False					nolight	0.0	nan	True	238.54	False	1.0
246.642	2.0	trials	no_tone					True	5.0	247.642	0.01	False					nolight	0.0	nan	True	249.168	True	5.0
259.176	2.0	trials	no_tone					True	5.0	260.176	0.01	False					nolight	0.0	nan	False		False	5.0
270.216	2.0	trials	nogo_tone	4000.0	80.0	270.216	0.1	False				False					nolight	0.0	nan	False		False	4.0
281.346	2.0	trials	nogo_tone	4000.0	80.0	281.346	0.1	False				False					nolight	0.0	nan	False		False	4.0
292.876	2.0	trials	go_tone	8000.0	80.0	292.876	0.1	False				False					nolight	0.0	nan	False		False	2.0
304.043	2.0	trials	go_tone	8000.0	80.0	304.043	0.1	False				False					nolight	0.0	nan	False		False	2.0
315.177	2.0	trials	nogo_tone	4000.0	80.0	315.177	0.1	True	5.0	316.177	0.01	False					nolight	0.0	nan	False		False	3.0
325.827	2.0	trials	no_tone					True	5.0	326.827	0.01	False					nolight	0.0	nan	False		False	5.0
336.417	2.0	trials	nogo_tone	4000.0	80.0	336.417	0.1	True	5.0	337.417	0.01	False					nolight	0.0	nan	False		False	3.0
347.857	2.0	trials	go_tone	8000.0	80.0	347.857	0.1	True	5.0	348.857	0.01	False					nolight	0.0	nan	False		False	1.0
359.197	2.0	trials	nogo_tone	4000.0	80.0	359.197	0.1	False				False					nolight	0.0	nan	False		False	4.0
370.417	2.0	trials	no_tone					True	5.0	371.417	0.01	False					nolight	0.0	nan	False		False	5.0
381.208	2.0	trials	no_tone					True	5.0	382.208	0.01	False					nolight	0.0	nan	False		False	5.0
392.288	2.0	trials	go_tone	8000.0	80.0	392.288	0.1	False				False					nolight	0.0	nan	True	394.942	False	2.0
419.679	2.0	trials	no_tone					True	5.0	420.679	0.01	False					nolight	0.0	nan	False		False	5.0
430.659	2.0	trials	go_tone	8000.0	80.0	430.659	0.1	False				False					nolight	0.0	nan	False		False	2.0
442.199	2.0	trials	nogo_tone	4000.0	80.0	442.199	0.1	True	5.0	443.199	0.01	False					nolight	0.0	nan	False		False	3.0
452.899	2.0	trials	go_tone	8000.0	80.0	452.899	0.1	False				False					nolight	0.0	nan	False		False	2.0
463.849	2.0	trials	no_tone					True	5.0	464.849	0.01	False					nolight	0.0	nan	False		False	5.0
475.079	2.0	trials	go_tone	8000.0	80.0	475.079	0.1	False				False					nolight	0.0	nan	False		False	2.0
486.44	2.0	trials	go_tone	8000.0	80.0	486.44	0.1	True	5.0	487.44	0.01	False					nolight	0.0	nan	True	489.176	False	1.0
497.87	2.0	trials	no_tone					True	5.0	498.87	0.01	False					nolight	0.0	nan	False		False	5.0
508.644	2.0	trials	go_tone	8000.0	80.0	508.644	0.1	False				False					nolight	0.0	nan	False		False	2.0
519.81	2.0	trials	no_tone					True	5.0	520.81	0.01	False					nolight	0.0	nan	False		False	5.0
530.62	2.0	trials	nogo_tone	4000.0	80.0	530.62	0.1	False				False					nolight	0.0	nan	False		False	4.0
541.28	2.0	trials	go_tone	8000.0	80.0	541.28	0.1	False				False					nolight	0.0	nan	True	543.951	False	2.0
568.231	2.0	trials	go_tone	8000.0	80.0	568.231	0.1	False				False					nolight	0.0	nan	False		False	2.0
579.521	2.0	trials	go_tone	8000.0	80.0	579.521	0.1	True	5.0	580.521	0.01	False					nolight	0.0	nan	True	582.245	False	1.0
590.652	2.0	trials	no_tone					True	5.0	591.652	0.01	False					nolight	0.0	nan	False		False	5.0
601.732	2.0	trials	nogo_tone	4000.0	80.0	601.732	0.1	True	5.0	602.732	0.01	False					nolight	0.0	nan	False		False	3.0
612.352	2.0	trials	go_tone	8000.0	80.0	612.352	0.1	True	5.0	613.352	0.01	False					nolight	0.0	nan	True	615.028	False	1.0
623.252	2.0	trials	nogo_tone	4000.0	80.0	623.252	0.1	False				False					nolight	0.0	nan	False		False	4.0
634.342	2.0	trials	nogo_tone	4000.0	80.0	634.342	0.1	True	5.0	635.342	0.01	False					nolight	0.0	nan	True	636.042	True	3.0
646.042	2.0	trials	nogo_tone	4000.0	80.0	646.042	0.1	True	5.0	647.042	0.01	False					nolight	0.0	nan	False		False	3.0
657.543	2.0	trials	nogo_tone	4000.0	80.0	657.543	0.1	False				False					nolight	0.0	nan	False		False	4.0
668.539	2.0	trials	nogo_tone	4000.0	80.0	668.539	0.1	True	5.0	669.539	0.01	False					nolight	0.0	nan	False		False	3.0
679.223	2.0	trials	go_tone	8000.0	80.0	679.223	0.1	False				False					nolight	0.0	nan	False		False	2.0
689.913	2.0	trials	go_tone	8000.0	80.0	689.913	0.1	True	5.0	690.913	0.01	False					nolight	0.0	nan	True	692.61	False	1.0
700.993	2.0	trials	nogo_tone	4000.0	80.0	700.993	0.1	False				False					nolight	0.0	nan	False		False	4.0
712.353	2.0	trials	nogo_tone	4000.0	80.0	712.353	0.1	False				False					nolight	0.0	nan	False		False	4.0
723.754	2.0	trials	no_tone					True	5.0	724.754	0.01	False					nolight	0.0	nan	False		False	5.0
735.064	2.0	trials	no_tone					True	5.0	736.064	0.01	False					nolight	0.0	nan	False		False	5.0
746.004	2.0	trials	go_tone	8000.0	80.0	746.004	0.1	True	5.0	747.004	0.01	False					nolight	0.0	nan	True	748.701	False	1.0
756.624	2.0	trials	nogo_tone	4000.0	80.0	756.624	0.1	False				False					nolight	0.0	nan	False		False	4.0
767.875	2.0	trials	nogo_tone	4000.0	80.0	767.875	0.1	True	5.0	768.875	0.01	False					nolight	0.0	nan	True	770.6	False	3.0
794.655	2.0	trials	go_tone	8000.0	80.0	794.655	0.1	True	5.0	795.655	0.01	False					nolight	0.0	nan	True	797.3539999999999	False	1.0
805.335	2.0	trials	nogo_tone	4000.0	80.0	805.335	0.1	True	5.0	806.335	0.01	False					nolight	0.0	nan	False		False	3.0
816.226	2.0	trials	nogo_tone	4000.0	80.0	816.226	0.1	True	5.0	817.226	0.01	False					nolight	0.0	nan	True	817.496	True	3.0
827.496	2.0	trials	nogo_tone	4000.0	80.0	827.496	0.1	True	5.0	828.496	0.01	False					nolight	0.0	nan	False		False	3.0
838.316	2.0	trials	go_tone	8000.0	80.0	838.316	0.1	True	5.0	839.316	0.01	False					nolight	0.0	nan	True	841.0500000000001	False	1.0
848.986	2.0	trials	go_tone	8000.0	80.0	848.986	0.1	False				False					nolight	0.0	nan	True	851.667	False	2.0
876.047	2.0	trials	nogo_tone	4000.0	80.0	876.047	0.1	False				False					nolight	0.0	nan	False		False	4.0
886.927	2.0	trials	go_tone	8000.0	80.0	886.927	0.1	True	5.0	887.927	0.01	False					nolight	0.0	nan	True	889.3770000000001	True	1.0
900.117	2.0	trials	go_tone	8000.0	80.0	900.117	0.1	True	5.0	901.117	0.01	False					nolight	0.0	nan	True	900.341	True	1.0
910.347	2.0	trials	go_tone	8000.0	80.0	910.347	0.1	True	5.0	911.347	0.01	False					nolight	0.0	nan	True	912.982	False	1.0
921.257	2.0	trials	nogo_tone	4000.0	80.0	921.257	0.1	True	5.0	922.257	0.01	False					nolight	0.0	nan	True	922.2819999999999	True	3.0
932.287	2.0	trials	nogo_tone	4000.0	80.0	932.287	0.1	True	5.0	933.287	0.01	False					nolight	0.0	nan	False		False	3.0
943.468	2.0	trials	go_tone	8000.0	80.0	943.468	0.1	False				False					nolight	0.0	nan	True	946.0179999999999	True	2.0
956.018	2.0	trials	go_tone	8000.0	80.0	956.018	0.1	False				False					nolight	0.0	nan	False		False	2.0
966.928	2.0	trials	go_tone	8000.0	80.0	966.928	0.1	True	5.0	967.928	0.01	False					nolight	0.0	nan	True	969.6129999999999	False	1.0
977.728	2.0	trials	nogo_tone	4000.0	80.0	977.728	0.1	False				False					nolight	0.0	nan	False		False	4.0
988.568	2.0	trials	go_tone	8000.0	80.0	988.568	0.1	False				False					nolight	0.0	nan	True	990.891	True	2.0
1000.899	2.0	trials	go_tone	8000.0	80.0	1000.899	0.1	False				False					nolight	0.0	nan	False		False	2.0
1011.589	2.0	trials	go_tone	8000.0	80.0	1011.589	0.1	False				False					nolight	0.0	nan	False		False	2.0
1022.489	2.0	trials	go_tone	8000.0	80.0	1022.489	0.1	False				False					nolight	0.0	nan	False		False	2.0
1033.781	2.0	trials	go_tone	8000.0	80.0	1033.781	0.1	True	5.0	1034.781	0.01	False					nolight	0.0	nan	True	1036.398	False	1.0
1045.109	2.0	trials	go_tone	8000.0	80.0	1045.109	0.1	False				False					nolight	0.0	nan	True	1047.7959999999998	False	2.0
1072.31	2.0	trials	nogo_tone	4000.0	80.0	1072.31	0.1	False				False					nolight	0.0	nan	False		False	4.0
1082.89	2.0	trials	nogo_tone	4000.0	80.0	1082.89	0.1	False				False					nolight	0.0	nan	False		False	4.0
1093.981	2.0	trials	nogo_tone	4000.0	80.0	1093.981	0.1	True	5.0	1094.981	0.01	False					nolight	0.0	nan	False		False	3.0
1105.081	2.0	trials	no_tone					True	5.0	1106.081	0.01	False					nolight	0.0	nan	False		False	5.0
1116.041	2.0	trials	no_tone					True	5.0	1117.041	0.01	False					nolight	0.0	nan	True	1118.7949999999998	False	5.0
1143.592	2.0	trials	nogo_tone	4000.0	80.0	1143.592	0.1	False				False					nolight	0.0	nan	False		False	4.0
1154.281	2.0	trials	go_tone	8000.0	80.0	1154.281	0.1	True	5.0	1155.281	0.01	False					nolight	0.0	nan	True	1156.706	True	1.0
1166.712	2.0	trials	go_tone	8000.0	80.0	1166.712	0.1	True	5.0	1167.712	0.01	False					nolight	0.0	nan	True	1169.386	False	1.0
1177.372	2.0	trials	go_tone	8000.0	80.0	1177.372	0.1	True	5.0	1178.372	0.01	False					nolight	0.0	nan	True	1179.631	True	1.0
1189.632	2.0	trials	go_tone	8000.0	80.0	1189.632	0.1	True	5.0	1190.632	0.01	False					nolight	0.0	nan	True	1192.092	True	1.0
1202.092	2.0	trials	go_tone	8000.0	80.0	1202.092	0.1	True	5.0	1203.092	0.01	False					nolight	0.0	nan	True	1204.4240000000002	True	1.0
1214.432	2.0	trials	go_tone	8000.0	80.0	1214.432	0.1	True	5.0	1215.432	0.01	False					nolight	0.0	nan	True	1217.053	False	1.0
1225.463	2.0	trials	nogo_tone	4000.0	80.0	1225.463	0.1	False				False					nolight	0.0	nan	False		False	4.0
1236.083	2.0	trials	no_tone					True	5.0	1237.083	0.01	False					nolight	0.0	nan	False		False	5.0
1246.833	2.0	trials	nogo_tone	4000.0	80.0	1246.833	0.1	True	5.0	1247.833	0.01	False					nolight	0.0	nan	False		False	3.0
1257.719	2.0	trials	no_tone					True	5.0	1258.719	0.01	False					nolight	0.0	nan	False		False	5.0
1269.053	2.0	trials	no_tone					True	5.0	1270.053	0.01	False					nolight	0.0	nan	False		False	5.0
1279.623	2.0	trials	nogo_tone	4000.0	80.0	1279.623	0.1	True	5.0	1280.623	0.01	False					nolight	0.0	nan	False		False	3.0
1291.004	2.0	trials	nogo_tone	4000.0	80.0	1291.004	0.1	True	5.0	1292.004	0.01	False					nolight	0.0	nan	False		False	3.0
1302.354	2.0	trials	no_tone					True	5.0	1303.354	0.01	False					nolight	0.0	nan	True	1304.886	True	5.0
1314.894	2.0	trials	no_tone					True	5.0	1315.894	0.01	False					nolight	0.0	nan	False		False	5.0
1326.345	2.0	trials	nogo_tone	4000.0	80.0	1326.345	0.1	True	5.0	1327.345	0.01	False					nolight	0.0	nan	True	1329.0910000000001	False	3.0
1353.135	2.0	trials	nogo_tone	4000.0	80.0	1353.135	0.1	True	5.0	1354.135	0.01	False					nolight	0.0	nan	False		False	3.0
1364.329	2.0	trials	no_tone					True	5.0	1365.329	0.01	False					nolight	0.0	nan	False		False	5.0
1375.155	2.0	trials	nogo_tone	4000.0	80.0	1375.155	0.1	False				False					nolight	0.0	nan	False		False	4.0
1386.235	2.0	trials	no_tone					True	5.0	1387.235	0.01	False					nolight	0.0	nan	False		False	5.0
1424.012	2.0	trials	nogo_tone	4000.0	80.0	1424.012	0.1	True	5.0	1425.012	0.01	False					nolight	0.0	nan	False		False	3.0
1435.196	2.0	trials	go_tone	8000.0	80.0	1435.196	0.1	False				False					nolight	0.0	nan	True	1437.5559999999998	True	2.0
1447.56	2.0	trials	go_tone	8000.0	80.0	1447.56	0.1	False				False					nolight	0.0	nan	True	1450.498	False	2.0
1474.377	2.0	trials	go_tone	8000.0	80.0	1474.377	0.1	True	5.0	1475.377	0.01	False					nolight	0.0	nan	True	1477.1219999999998	False	1.0
1485.367	2.0	trials	go_tone	8000.0	80.0	1485.367	0.1	True	5.0	1486.367	0.01	False					nolight	0.0	nan	True	1487.907	True	1.0
1497.917	2.0	trials	go_tone	8000.0	80.0	1497.917	0.1	True	5.0	1498.917	0.01	False					nolight	0.0	nan	True	1500.4409999999998	True	1.0
1510.448	2.0	trials	go_tone	8000.0	80.0	1510.448	0.1	True	5.0	1511.448	0.01	False					nolight	0.0	nan	True	1513.0790000000002	False	1.0
1521.008	2.0	trials	go_tone	8000.0	80.0	1521.008	0.1	True	5.0	1522.008	0.01	False					nolight	0.0	nan	True	1523.6670000000001	False	1.0
1532.358	2.0	trials	no_tone					True	5.0	1533.358	0.01	False					nolight	0.0	nan	False		False	5.0
1543.429	2.0	trials	go_tone	8000.0	80.0	1543.429	0.1	True	5.0	1544.429	0.01	False					nolight	0.0	nan	True	1545.9180000000001	True	1.0
1555.918	2.0	trials	go_tone	8000.0	80.0	1555.918	0.1	True	5.0	1556.918	0.01	False					nolight	0.0	nan	True	1558.58	False	1.0
1566.865	2.0	trials	no_tone					True	5.0	1567.865	0.01	False					nolight	0.0	nan	False		False	5.0
1578.179	2.0	trials	no_tone					True	5.0	1579.179	0.01	False					nolight	0.0	nan	True	1580.8480000000002	False	5.0
1604.769	2.0	trials	nogo_tone	4000.0	80.0	1604.769	0.1	False				False					nolight	0.0	nan	False		False	4.0
1615.499	2.0	trials	nogo_tone	4000.0	80.0	1615.499	0.1	False				False					nolight	0.0	nan	False		False	4.0
1627.06	2.0	trials	nogo_tone	4000.0	80.0	1627.06	0.1	False				False					nolight	0.0	nan	False		False	4.0
1637.69	2.0	trials	go_tone	8000.0	80.0	1637.69	0.1	False				False					nolight	0.0	nan	False		False	2.0
1648.456	2.0	trials	go_tone	8000.0	80.0	1648.456	0.1	False				False					nolight	0.0	nan	False		False	2.0
1659.73	2.0	trials	nogo_tone	4000.0	80.0	1659.73	0.1	True	5.0	1660.73	0.01	False					nolight	0.0	nan	False		False	3.0
1671.28	2.0	trials	no_tone					True	5.0	1672.28	0.01	False					nolight	0.0	nan	False		False	5.0
1682.47	2.0	trials	nogo_tone	4000.0	80.0	1682.47	0.1	False				False					nolight	0.0	nan	False		False	4.0
1693.771	2.0	trials	go_tone	8000.0	80.0	1693.771	0.1	True	5.0	1694.771	0.01	False					nolight	0.0	nan	True	1696.491	False	1.0
1704.411	2.0	trials	nogo_tone	4000.0	80.0	1704.411	0.1	True	5.0	1705.411	0.01	False					nolight	0.0	nan	False		False	3.0
1715.841	2.0	trials	go_tone	8000.0	80.0	1715.841	0.1	False				False					nolight	0.0	nan	True	1718.665	False	2.0
1742.672	2.0	trials	go_tone	8000.0	80.0	1742.672	0.1	False				False					nolight	0.0	nan	True	1745.0330000000001	True	2.0
1755.042	2.0	trials	go_tone	8000.0	80.0	1755.042	0.1	False				False					nolight	0.0	nan	False		False	2.0
1766.252	2.0	trials	go_tone	8000.0	80.0	1766.252	0.1	True	5.0	1767.252	0.01	False					nolight	0.0	nan	True	1768.778	True	1.0
1778.783	2.0	trials	go_tone	8000.0	80.0	1778.783	0.1	True	5.0	1779.783	0.01	False					nolight	0.0	nan	True	1781.5069999999998	False	1.0
1789.692	2.0	trials	nogo_tone	4000.0	80.0	1789.692	0.1	False				True	100.0	12.0	1790.642	1790.992	whisker	350.0	wS1	False		False	4.0
1800.773	2.0	trials	go_tone	8000.0	80.0	1800.773	0.1	False				False					nolight	0.0	nan	False		False	2.0
1811.703	2.0	trials	nogo_tone	4000.0	80.0	1811.703	0.1	True	5.0	1812.703	0.01	True	100.0	12.0	1812.653	1813.003	whisker	350.0	wS1	False		False	3.0
1822.793	2.0	trials	nogo_tone	4000.0	80.0	1822.793	0.1	True	5.0	1823.793	0.01	False					nolight	0.0	nan	False		False	3.0
1834.323	2.0	trials	nogo_tone	4000.0	80.0	1834.323	0.1	False				False					nolight	0.0	nan	False		False	4.0
1845.213	2.0	trials	no_tone					True	5.0	1846.213	0.01	False					nolight	0.0	nan	False		False	5.0
1856.303	2.0	trials	go_tone	8000.0	80.0	1856.303	0.1	True	5.0	1857.303	0.01	False					nolight	0.0	nan	True	1858.9350000000002	False	1.0
1867.774	2.0	trials	go_tone	8000.0	80.0	1867.774	0.1	False				True	100.0	12.0	1868.724	1869.0739999999998	whisker	350.0	wS1	False		False	2.0
1906.099	2.0	trials	nogo_tone	4000.0	80.0	1906.099	0.1	False				False					nolight	0.0	nan	False		False	4.0
1917.145	2.0	trials	go_tone	8000.0	80.0	1917.145	0.1	True	5.0	1918.145	0.01	True	100.0	12.0	1918.095	1918.445	whisker	350.0	wS1	True	1919.866	False	1.0
1928.385	2.0	trials	nogo_tone	4000.0	80.0	1928.385	0.1	False				False					nolight	0.0	nan	False		False	4.0
1939.885	2.0	trials	nogo_tone	4000.0	80.0	1939.885	0.1	True	5.0	1940.885	0.01	True	100.0	12.0	1940.835	1941.185	whisker	350.0	wS1	False		False	3.0
1950.505	2.0	trials	nogo_tone	4000.0	80.0	1950.505	0.1	True	5.0	1951.505	0.01	False					nolight	0.0	nan	False		False	3.0
1961.216	2.0	trials	go_tone	8000.0	80.0	1961.216	0.1	False				False					nolight	0.0	nan	False		False	2.0
1972.696	2.0	trials	no_tone					True	5.0	1973.696	0.01	True	100.0	12.0	1973.646	1973.9959999999999	whisker	350.0	wS1	False		False	5.0
1983.306	2.0	trials	no_tone					True	5.0	1984.306	0.01	True	100.0	12.0	1984.256	1984.606	whisker	350.0	wS1	False		False	5.0
1994.476	2.0	trials	nogo_tone	4000.0	80.0	1994.476	0.1	False				True	100.0	12.0	1995.4260000000002	1995.776	whisker	350.0	wS1	False		False	4.0
2005.346	2.0	trials	no_tone					True	5.0	2006.346	0.01	False					nolight	0.0	nan	False		False	5.0
2016.726	2.0	trials	nogo_tone	4000.0	80.0	2016.726	0.1	True	5.0	2017.726	0.01	True	100.0	12.0	2017.6760000000002	2018.026	whisker	350.0	wS1	False		False	3.0
2027.877	2.0	trials	no_tone					True	5.0	2028.877	0.01	False					nolight	0.0	nan	False		False	5.0
2038.657	2.0	trials	go_tone	8000.0	80.0	2038.657	0.1	False				False					nolight	0.0	nan	True	2041.3809999999999	False	2.0
2065.787	2.0	trials	go_tone	8000.0	80.0	2065.787	0.1	True	5.0	2066.787	0.01	True	100.0	12.0	2066.7369999999996	2067.087	whisker	350.0	wS1	True	2068.4599999999996	False	1.0
2104.749	2.0	trials	go_tone	8000.0	80.0	2104.749	0.1	True	5.0	2105.749	0.01	False					nolight	0.0	nan	False		False	1.0
2115.908	2.0	trials	go_tone	8000.0	80.0	2115.908	0.1	False				False					nolight	0.0	nan	True	2118.89	False	2.0
2156.182	2.0	trials	nogo_tone	4000.0	80.0	2156.182	0.1	True	5.0	2157.182	0.01	False					nolight	0.0	nan	True	2156.1969999999997	True	3.0
2166.199	2.0	trials	nogo_tone	4000.0	80.0	2166.199	0.1	True	5.0	2167.199	0.01	False					nolight	0.0	nan	True	2168.92	False	3.0
2193.38	2.0	trials	nogo_tone	4000.0	80.0	2193.38	0.1	False				True	100.0	12.0	2194.33	2194.6800000000003	whisker	350.0	wS1	False		False	4.0
2204.88	2.0	trials	nogo_tone	4000.0	80.0	2204.88	0.1	True	5.0	2205.88	0.01	False					nolight	0.0	nan	True	2207.752	False	3.0
2231.45	2.0	trials	go_tone	8000.0	80.0	2231.45	0.1	True	5.0	2232.45	0.01	False					nolight	0.0	nan	True	2233.776	True	1.0
2243.787	2.0	trials	go_tone	8000.0	80.0	2243.787	0.1	True	5.0	2244.787	0.01	False					nolight	0.0	nan	True	2246.417	False	1.0
2255.291	2.0	trials	no_tone					True	5.0	2256.291	0.01	False					nolight	0.0	nan	True	2257.985	False	5.0
2281.918	2.0	trials	nogo_tone	4000.0	80.0	2281.918	0.1	True	5.0	2282.918	0.01	False					nolight	0.0	nan	True	2284.5930000000003	False	3.0
2309.352	2.0	trials	nogo_tone	4000.0	80.0	2309.352	0.1	False				False					nolight	0.0	nan	False		False	4.0
2319.932	2.0	trials	go_tone	8000.0	80.0	2319.932	0.1	True	5.0	2320.932	0.01	False					nolight	0.0	nan	True	2322.5609999999997	False	1.0
2331.292	2.0	trials	go_tone	8000.0	80.0	2331.292	0.1	False				False					nolight	0.0	nan	True	2333.578	True	2.0
2343.582	2.0	trials	go_tone	8000.0	80.0	2343.582	0.1	False				False					nolight	0.0	nan	False		False	2.0
2354.972	2.0	trials	go_tone	8000.0	80.0	2354.972	0.1	False				True	100.0	12.0	2355.922	2356.2720000000004	whisker	350.0	wS1	False		False	2.0
2365.573	2.0	trials	go_tone	8000.0	80.0	2365.573	0.1	False				True	100.0	12.0	2366.5229999999997	2366.873	whisker	350.0	wS1	True	2368.732	False	2.0
2376.403	2.0	trials	nogo_tone	4000.0	80.0	2376.403	0.1	False				False					nolight	0.0	nan	False		False	4.0
2387.173	2.0	trials	nogo_tone	4000.0	80.0	2387.173	0.1	False				False					nolight	0.0	nan	False		False	4.0
2397.753	2.0	trials	no_tone					True	5.0	2398.753	0.01	False					nolight	0.0	nan	False		False	5.0
2408.803	2.0	trials	go_tone	8000.0	80.0	2408.803	0.1	True	5.0	2409.803	0.01	True	100.0	12.0	2409.7529999999997	2410.103	whisker	350.0	wS1	True	2411.1929999999998	True	1.0
2421.193	2.0	trials	go_tone	8000.0	80.0	2421.193	0.1	True	5.0	2422.193	0.01	True	100.0	12.0	2422.143	2422.4930000000004	whisker	350.0	wS1	True	2423.376	True	1.0
2433.384	2.0	trials	go_tone	8000.0	80.0	2433.384	0.1	True	5.0	2434.384	0.01	True	100.0	12.0	2434.334	2434.684	whisker	350.0	wS1	False		False	1.0
2444.104	2.0	trials	no_tone					True	5.0	2445.104	0.01	False					nolight	0.0	nan	False		False	5.0
2455.245	2.0	trials	nogo_tone	4000.0	80.0	2455.245	0.1	True	5.0	2456.245	0.01	False					nolight	0.0	nan	False		False	3.0
2465.934	2.0	trials	go_tone	8000.0	80.0	2465.934	0.1	False				False					nolight	0.0	nan	False		False	2.0
2476.974	2.0	trials	no_tone					True	5.0	2477.974	0.01	False					nolight	0.0	nan	False		False	5.0
2487.585	2.0	trials	nogo_tone	4000.0	80.0	2487.585	0.1	False				True	100.0	12.0	2488.535	2488.885	whisker	350.0	wS1	False		False	4.0
2498.855	2.0	trials	no_tone					True	5.0	2499.855	0.01	False					nolight	0.0	nan	True	2501.938	False	5.0
2509.435	2.0	trials	go_tone	8000.0	80.0	2509.435	0.1	False				False					nolight	0.0	nan	False		False	2.0
2520.416	2.0	trials	nogo_tone	4000.0	80.0	2520.416	0.1	False				False					nolight	0.0	nan	False		False	4.0
2531.875	2.0	trials	go_tone	8000.0	80.0	2531.875	0.1	False				True	100.0	12.0	2532.825	2533.175	whisker	350.0	wS1	False		False	2.0
2542.866	2.0	trials	go_tone	8000.0	80.0	2542.866	0.1	False				False					nolight	0.0	nan	False		False	2.0
2553.606	2.0	trials	nogo_tone	4000.0	80.0	2553.606	0.1	False				False					nolight	0.0	nan	False		False	4.0
2564.336	2.0	trials	nogo_tone	4000.0	80.0	2564.336	0.1	True	5.0	2565.336	0.01	False					nolight	0.0	nan	False		False	3.0
2575.356	2.0	trials	nogo_tone	4000.0	80.0	2575.356	0.1	False				True	100.0	12.0	2576.306	2576.6560000000004	whisker	350.0	wS1	False		False	4.0
2586.396	2.0	trials	nogo_tone	4000.0	80.0	2586.396	0.1	True	5.0	2587.396	0.01	True	100.0	12.0	2587.346	2587.6960000000004	whisker	350.0	wS1	False		False	3.0
2597.697	2.0	trials	go_tone	8000.0	80.0	2597.697	0.1	True	5.0	2598.697	0.01	False					nolight	0.0	nan	True	2600.621	False	1.0
2608.387	2.0	trials	go_tone	8000.0	80.0	2608.387	0.1	True	5.0	2609.387	0.01	False					nolight	0.0	nan	True	2610.918	True	1.0
2620.927	2.0	trials	go_tone	8000.0	80.0	2620.927	0.1	True	5.0	2621.927	0.01	False					nolight	0.0	nan	True	2623.5660000000003	False	1.0
2631.707	2.0	trials	no_tone					True	5.0	2632.707	0.01	True	100.0	12.0	2632.6569999999997	2633.007	whisker	350.0	wS1	False		False	5.0
2643.134	2.0	trials	go_tone	8000.0	80.0	2643.134	0.1	True	5.0	2644.134	0.01	True	100.0	12.0	2644.084	2644.434	whisker	350.0	wS1	True	2645.812	False	1.0
2654.098	2.0	trials	no_tone					True	5.0	2655.098	0.01	True	100.0	12.0	2655.048	2655.398	whisker	350.0	wS1	False		False	5.0
2665.228	2.0	trials	go_tone	8000.0	80.0	2665.228	0.1	True	5.0	2666.228	0.01	False					nolight	0.0	nan	True	2667.916	False	1.0
2676.058	2.0	trials	nogo_tone	4000.0	80.0	2676.058	0.1	True	5.0	2677.058	0.01	False					nolight	0.0	nan	True	2678.781	False	3.0
2687.423	2.0	trials	nogo_tone	4000.0	80.0	2687.423	0.1	True	5.0	2688.423	0.01	False					nolight	0.0	nan	False		False	3.0
2700.125	2.0	trials	nogo_tone	4000.0	80.0	2700.125	0.1	True	5.0	2701.125	0.01	True	100.0	12.0	2701.075	2701.425	whisker	350.0	wS1	False		False	3.0
2711.259	2.0	trials	go_tone	8000.0	80.0	2711.259	0.1	True	5.0	2712.259	0.01	False					nolight	0.0	nan	True	2713.889	False	1.0
2722.009	2.0	trials	go_tone	8000.0	80.0	2722.009	0.1	False				False					nolight	0.0	nan	False		False	2.0
2733.099	2.0	trials	nogo_tone	4000.0	80.0	2733.099	0.1	True	5.0	2734.099	0.01	False					nolight	0.0	nan	False		False	3.0
2744.629	2.0	trials	no_tone					True	5.0	2745.629	0.01	True	100.0	12.0	2745.5789999999997	2745.929	whisker	350.0	wS1	False		False	5.0
2755.902	2.0	trials	no_tone					True	5.0	2756.902	0.01	False					nolight	0.0	nan	False		False	5.0
2767.08	2.0	trials	go_tone	8000.0	80.0	2767.08	0.1	False				False					nolight	0.0	nan	False		False	2.0
2778.1	2.0	trials	nogo_tone	4000.0	80.0	2778.1	0.1	True	5.0	2779.1	0.01	True	100.0	12.0	2779.0499999999997	2779.4	whisker	350.0	wS1	False		False	3.0
2788.83	2.0	trials	nogo_tone	4000.0	80.0	2788.83	0.1	True	5.0	2789.83	0.01	True	100.0	12.0	2789.7799999999997	2790.13	whisker	350.0	wS1	False		False	3.0
2800.21	2.0	trials	go_tone	8000.0	80.0	2800.21	0.1	False				False					nolight	0.0	nan	True	2802.7980000000002	False	2.0
2810.86	2.0	trials	nogo_tone	4000.0	80.0	2810.86	0.1	False				True	100.0	12.0	2811.81	2812.1600000000003	whisker	350.0	wS1	False		False	4.0
2822.181	2.0	trials	go_tone	8000.0	80.0	2822.181	0.1	True	5.0	2823.181	0.01	True	100.0	12.0	2823.131	2823.481	whisker	350.0	wS1	False		False	1.0
2833.701	2.0	trials	go_tone	8000.0	80.0	2833.701	0.1	False				False					nolight	0.0	nan	False		False	2.0
2844.951	2.0	trials	go_tone	8000.0	80.0	2844.951	0.1	True	5.0	2845.951	0.01	False					nolight	0.0	nan	True	2847.643	False	1.0
2856.161	2.0	trials	nogo_tone	4000.0	80.0	2856.161	0.1	True	5.0	2857.161	0.01	False					nolight	0.0	nan	True	2856.241	True	3.0
2866.241	2.0	trials	nogo_tone	4000.0	80.0	2866.241	0.1	True	5.0	2867.241	0.01	False					nolight	0.0	nan	False		False	3.0
2876.892	2.0	trials	nogo_tone	4000.0	80.0	2876.892	0.1	True	5.0	2877.892	0.01	False					nolight	0.0	nan	False		False	3.0
2888.325	2.0	trials	nogo_tone	4000.0	80.0	2888.325	0.1	False				False					nolight	0.0	nan	False		False	4.0
2899.093	2.0	trials	nogo_tone	4000.0	80.0	2899.093	0.1	True	5.0	2900.093	0.01	False					nolight	0.0	nan	False		False	3.0
2909.932	2.0	trials	go_tone	8000.0	80.0	2909.932	0.1	False				False					nolight	0.0	nan	True	2912.5069999999996	False	2.0
2921.473	2.0	trials	go_tone	8000.0	80.0	2921.473	0.1	True	5.0	2922.473	0.01	False					nolight	0.0	nan	True	2924.038	False	1.0
2932.412	2.0	trials	no_tone					True	5.0	2933.412	0.01	False					nolight	0.0	nan	True	2935.086	False	5.0
2943.863	2.0	trials	no_tone					True	5.0	2944.863	0.01	False					nolight	0.0	nan	False		False	5.0
2955.843	2.0	trials	nogo_tone	4000.0	80.0	2955.843	0.1	False				False					nolight	0.0	nan	False		False	4.0
2966.629	2.0	trials	nogo_tone	4000.0	80.0	2966.629	0.1	False				False					nolight	0.0	nan	False		False	4.0
2977.473	2.0	trials	no_tone					True	5.0	2978.473	0.01	True	100.0	12.0	2978.423	2978.773	whisker	350.0	wS1	False		False	5.0
2988.524	2.0	trials	go_tone	8000.0	80.0	2988.524	0.1	False				True	100.0	12.0	2989.4739999999997	2989.824	whisker	350.0	wS1	True	2990.784	True	2.0
3000.784	2.0	trials	go_tone	8000.0	80.0	3000.784	0.1	False				True	100.0	12.0	3001.734	3002.0840000000003	whisker	350.0	wS1	False		False	2.0
3011.904	2.0	trials	nogo_tone	4000.0	80.0	3011.904	0.1	False				False					nolight	0.0	nan	False		False	4.0
3023.454	2.0	trials	go_tone	8000.0	80.0	3023.454	0.1	True	5.0	3024.454	0.01	False					nolight	0.0	nan	True	3025.88	True	1.0
3035.884	2.0	trials	go_tone	8000.0	80.0	3035.884	0.1	True	5.0	3036.884	0.01	False					nolight	0.0	nan	True	3038.034	True	1.0
3048.044	2.0	trials	go_tone	8000.0	80.0	3048.044	0.1	True	5.0	3049.044	0.01	False					nolight	0.0	nan	True	3050.6839999999997	False	1.0
3058.715	2.0	trials	go_tone	8000.0	80.0	3058.715	0.1	False				True	100.0	12.0	3059.665	3060.0150000000003	whisker	350.0	wS1	True	3061.469	False	2.0
3070.156	2.0	trials	nogo_tone	4000.0	80.0	3070.156	0.1	False				True	100.0	12.0	3071.1059999999998	3071.456	whisker	350.0	wS1	False		False	4.0
3081.695	2.0	trials	no_tone					True	5.0	3082.695	0.01	False					nolight	0.0	nan	True	3084.4610000000002	False	5.0
3092.516	2.0	trials	go_tone	8000.0	80.0	3092.516	0.1	True	5.0	3093.516	0.01	False					nolight	0.0	nan	True	3094.946	True	1.0
3104.947	2.0	trials	go_tone	8000.0	80.0	3104.947	0.1	True	5.0	3105.947	0.01	False					nolight	0.0	nan	True	3107.425	True	1.0
3117.426	2.0	trials	go_tone	8000.0	80.0	3117.426	0.1	True	5.0	3118.426	0.01	False					nolight	0.0	nan	True	3119.8959999999997	True	1.0
3129.897	2.0	trials	go_tone	8000.0	80.0	3129.897	0.1	True	5.0	3130.897	0.01	False					nolight	0.0	nan	True	3132.5589999999997	False	1.0
3141.416	2.0	trials	go_tone	8000.0	80.0	3141.416	0.1	True	5.0	3142.416	0.01	True	100.0	12.0	3142.366	3142.7160000000003	whisker	350.0	wS1	True	3144.0820000000003	False	1.0
3152.756	2.0	trials	nogo_tone	4000.0	80.0	3152.756	0.1	False				False					nolight	0.0	nan	False		False	4.0
3163.807	2.0	trials	nogo_tone	4000.0	80.0	3163.807	0.1	False				False					nolight	0.0	nan	False		False	4.0
3174.727	2.0	trials	no_tone					True	5.0	3175.727	0.01	False					nolight	0.0	nan	True	3177.47	False	5.0
3185.507	2.0	trials	go_tone	8000.0	80.0	3185.507	0.1	False				False					nolight	0.0	nan	False		False	2.0
3196.677	2.0	trials	go_tone	8000.0	80.0	3196.677	0.1	True	5.0	3197.677	0.01	True	100.0	12.0	3197.627	3197.9770000000003	whisker	350.0	wS1	True	3199.532	False	1.0
3208.067	2.0	trials	nogo_tone	4000.0	80.0	3208.067	0.1	True	5.0	3209.067	0.01	True	100.0	12.0	3209.017	3209.367	whisker	350.0	wS1	False		False	3.0
3218.918	2.0	trials	no_tone					True	5.0	3219.918	0.01	False					nolight	0.0	nan	True	3221.636	False	5.0
3229.988	2.0	trials	no_tone					True	5.0	3230.988	0.01	False					nolight	0.0	nan	False		False	5.0
3240.778	2.0	trials	go_tone	8000.0	80.0	3240.778	0.1	False				False					nolight	0.0	nan	True	3243.423	False	2.0
3251.478	2.0	trials	nogo_tone	4000.0	80.0	3251.478	0.1	False				False					nolight	0.0	nan	False		False	4.0
3262.598	2.0	trials	nogo_tone	4000.0	80.0	3262.598	0.1	False				True	100.0	12.0	3263.548	3263.898	whisker	350.0	wS1	False		False	4.0
3273.499	2.0	trials	nogo_tone	4000.0	80.0	3273.499	0.1	True	5.0	3274.499	0.01	True	100.0	12.0	3274.4489999999996	3274.799	whisker	350.0	wS1	False		False	3.0
3284.569	2.0	trials	go_tone	8000.0	80.0	3284.569	0.1	True	5.0	3285.569	0.01	False					nolight	0.0	nan	True	3287.162	False	1.0
3295.949	2.0	trials	go_tone	8000.0	80.0	3295.949	0.1	True	5.0	3296.949	0.01	False					nolight	0.0	nan	True	3298.61	False	1.0
3307.229	2.0	trials	go_tone	8000.0	80.0	3307.229	0.1	False				False					nolight	0.0	nan	False		False	2.0
3317.869	2.0	trials	nogo_tone	4000.0	80.0	3317.869	0.1	True	5.0	3318.869	0.01	False					nolight	0.0	nan	False		False	3.0
3328.629	2.0	trials	go_tone	8000.0	80.0	3328.629	0.1	True	5.0	3329.629	0.01	False					nolight	0.0	nan	True	3331.089	True	1.0
3341.09	2.0	trials	go_tone	8000.0	80.0	3341.09	0.1	True	5.0	3342.09	0.01	False					nolight	0.0	nan	True	3343.7650000000003	False	1.0
3352.491	2.0	trials	go_tone	8000.0	80.0	3352.491	0.1	False				True	100.0	12.0	3353.441	3353.791	whisker	350.0	wS1	True	3355.282	False	2.0
3363.541	2.0	trials	no_tone					True	5.0	3364.541	0.01	True	100.0	12.0	3364.491	3364.8410000000003	whisker	350.0	wS1	False		False	5.0
3374.65	2.0	trials	no_tone					True	5.0	3375.65	0.01	True	100.0	12.0	3375.6	3375.9500000000003	whisker	350.0	wS1	False		False	5.0
3385.581	2.0	trials	nogo_tone	4000.0	80.0	3385.581	0.1	False				True	100.0	12.0	3386.531	3386.8810000000003	whisker	350.0	wS1	False		False	4.0
3397.137	2.0	trials	nogo_tone	4000.0	80.0	3397.137	0.1	True	5.0	3398.137	0.01	False					nolight	0.0	nan	False		False	3.0
3408.617	2.0	trials	no_tone					True	5.0	3409.617	0.01	False					nolight	0.0	nan	False		False	5.0
3420.131	2.0	trials	nogo_tone	4000.0	80.0	3420.131	0.1	False				False					nolight	0.0	nan	False		False	4.0
3431.091	2.0	trials	nogo_tone	4000.0	80.0	3431.091	0.1	True	5.0	3432.091	0.01	False					nolight	0.0	nan	True	3433.814	False	3.0
3441.881	2.0	trials	go_tone	8000.0	80.0	3441.881	0.1	True	5.0	3442.881	0.01	False					nolight	0.0	nan	True	3444.5589999999997	False	1.0
3453.372	2.0	trials	nogo_tone	4000.0	80.0	3453.372	0.1	True	5.0	3454.372	0.01	False					nolight	0.0	nan	False		False	3.0
3464.882	2.0	trials	go_tone	8000.0	80.0	3464.882	0.1	False				True	100.0	12.0	3465.832	3466.1820000000002	whisker	350.0	wS1	True	3467.666	False	2.0
3475.472	2.0	trials	go_tone	8000.0	80.0	3475.472	0.1	True	5.0	3476.472	0.01	True	100.0	12.0	3476.422	3476.7720000000004	whisker	350.0	wS1	True	3477.652	True	1.0
3487.652	2.0	trials	go_tone	8000.0	80.0	3487.652	0.1	True	5.0	3488.652	0.01	True	100.0	12.0	3488.602	3488.952	whisker	350.0	wS1	True	3490.382	False	1.0
3498.853	2.0	trials	go_tone	8000.0	80.0	3498.853	0.1	False				False					nolight	0.0	nan	True	3501.053	True	2.0
3511.053	2.0	trials	go_tone	8000.0	80.0	3511.053	0.1	False				False					nolight	0.0	nan	True	3513.7239999999997	False	2.0
3522.173	2.0	trials	nogo_tone	4000.0	80.0	3522.173	0.1	True	5.0	3523.173	0.01	False					nolight	0.0	nan	False		False	3.0
3532.85	2.0	trials	nogo_tone	4000.0	80.0	3532.85	0.1	False				True	100.0	12.0	3533.7999999999997	3534.15	whisker	350.0	wS1	False		False	4.0
3544.373	2.0	trials	go_tone	8000.0	80.0	3544.373	0.1	True	5.0	3545.373	0.01	True	100.0	12.0	3545.323	3545.6730000000002	whisker	350.0	wS1	True	3546.996	False	1.0
3555.174	2.0	trials	nogo_tone	4000.0	80.0	3555.174	0.1	False				False					nolight	0.0	nan	False		False	4.0
3566.564	2.0	trials	nogo_tone	4000.0	80.0	3566.564	0.1	False				False					nolight	0.0	nan	False		False	4.0
3577.957	2.0	trials	no_tone					True	5.0	3578.957	0.01	True	100.0	12.0	3578.9069999999997	3579.257	whisker	350.0	wS1	False		False	5.0
3588.674	2.0	trials	no_tone					True	5.0	3589.674	0.01	True	100.0	12.0	3589.624	3589.974	whisker	350.0	wS1	False		False	5.0
3599.506	2.0	trials	no_tone					True	5.0	3600.506	0.01	False					nolight	0.0	nan	False		False	5.0
3610.836	2.0	trials	go_tone	8000.0	80.0	3610.836	0.1	False				False					nolight	0.0	nan	True	3613.557	False	2.0
3621.605	2.0	trials	nogo_tone	4000.0	80.0	3621.605	0.1	True	5.0	3622.605	0.01	False					nolight	0.0	nan	False		False	3.0
3632.625	2.0	trials	go_tone	8000.0	80.0	3632.625	0.1	False				True	100.0	12.0	3633.575	3633.925	whisker	350.0	wS1	True	3635.074	True	2.0
3645.075	2.0	trials	go_tone	8000.0	80.0	3645.075	0.1	False				True	100.0	12.0	3646.0249999999996	3646.375	whisker	350.0	wS1	True	3647.6009999999997	True	2.0
3657.606	2.0	trials	go_tone	8000.0	80.0	3657.606	0.1	False				True	100.0	12.0	3658.556	3658.9060000000004	whisker	350.0	wS1	True	3660.1310000000003	True	2.0
3670.137	2.0	trials	go_tone	8000.0	80.0	3670.137	0.1	False				True	100.0	12.0	3671.087	3671.4370000000004	whisker	350.0	wS1	True	3672.435	True	2.0
3682.436	2.0	trials	go_tone	8000.0	80.0	3682.436	0.1	False				True	100.0	12.0	3683.386	3683.7360000000003	whisker	350.0	wS1	True	3684.436	True	2.0
3694.436	2.0	trials	go_tone	8000.0	80.0	3694.436	0.1	False				True	100.0	12.0	3695.386	3695.7360000000003	whisker	350.0	wS1	False		False	2.0
3705.116	2.0	trials	no_tone					True	5.0	3706.116	0.01	False					nolight	0.0	nan	True	3707.842	False	5.0
3716.446	2.0	trials	go_tone	8000.0	80.0	3716.446	0.1	True	5.0	3717.446	0.01	False					nolight	0.0	nan	True	3719.046	False	1.0
3727.036	2.0	trials	nogo_tone	4000.0	80.0	3727.036	0.1	False				False					nolight	0.0	nan	True	3727.536	True	4.0
3737.537	2.0	trials	nogo_tone	4000.0	80.0	3737.537	0.1	False				False					nolight	0.0	nan	False		False	4.0
3748.397	2.0	trials	nogo_tone	4000.0	80.0	3748.397	0.1	True	5.0	3749.397	0.01	True	100.0	12.0	3749.3469999999998	3749.697	whisker	350.0	wS1	False		False	3.0
3759.057	2.0	trials	no_tone					True	5.0	3760.057	0.01	False					nolight	0.0	nan	False		False	5.0
3770.244	2.0	trials	go_tone	8000.0	80.0	3770.244	0.1	False				True	100.0	12.0	3771.194	3771.5440000000003	whisker	350.0	wS1	True	3772.608	True	2.0
3782.607	2.0	trials	go_tone	8000.0	80.0	3782.607	0.1	False				True	100.0	12.0	3783.557	3783.907	whisker	350.0	wS1	True	3784.931	True	2.0
3794.938	2.0	trials	go_tone	8000.0	80.0	3794.938	0.1	False				True	100.0	12.0	3795.888	3796.2380000000003	whisker	350.0	wS1	False		False	2.0
3806.238	2.0	trials	go_tone	8000.0	80.0	3806.238	0.1	False				False					nolight	0.0	nan	True	3808.7619999999997	True	2.0
3818.768	2.0	trials	go_tone	8000.0	80.0	3818.768	0.1	False				False					nolight	0.0	nan	False		False	2.0
3829.588	2.0	trials	go_tone	8000.0	80.0	3829.588	0.1	True	5.0	3830.588	0.01	False					nolight	0.0	nan	True	3832.1290000000004	True	1.0
3842.139	2.0	trials	go_tone	8000.0	80.0	3842.139	0.1	True	5.0	3843.139	0.01	False					nolight	0.0	nan	True	3844.831	False	1.0
3852.979	2.0	trials	nogo_tone	4000.0	80.0	3852.979	0.1	True	5.0	3853.979	0.01	True	100.0	12.0	3853.9289999999996	3854.279	whisker	350.0	wS1	False		False	3.0
3864.311	2.0	trials	nogo_tone	4000.0	80.0	3864.311	0.1	True	5.0	3865.311	0.01	False					nolight	0.0	nan	False		False	3.0
3875.129	2.0	trials	go_tone	8000.0	80.0	3875.129	0.1	True	5.0	3876.129	0.01	True	100.0	12.0	3876.0789999999997	3876.429	whisker	350.0	wS1	True	3877.5589999999997	True	1.0
3887.562	2.0	trials	go_tone	8000.0	80.0	3887.562	0.1	True	5.0	3888.562	0.01	True	100.0	12.0	3888.5119999999997	3888.862	whisker	350.0	wS1	False		False	1.0
3898.67	2.0	trials	go_tone	8000.0	80.0	3898.67	0.1	False				False					nolight	0.0	nan	True	3901.17	True	2.0
3911.18	2.0	trials	go_tone	8000.0	80.0	3911.18	0.1	False				False					nolight	0.0	nan	True	3913.105	True	2.0
3923.11	2.0	trials	go_tone	8000.0	80.0	3923.11	0.1	False				False					nolight	0.0	nan	True	3925.78	False	2.0
3933.96	2.0	trials	nogo_tone	4000.0	80.0	3933.96	0.1	False				True	100.0	12.0	3934.91	3935.26	whisker	350.0	wS1	False		False	4.0
3944.661	2.0	trials	nogo_tone	4000.0	80.0	3944.661	0.1	False				False					nolight	0.0	nan	False		False	4.0
3955.431	2.0	trials	no_tone					True	5.0	3956.431	0.01	False					nolight	0.0	nan	False		False	5.0
3966.901	2.0	trials	go_tone	8000.0	80.0	3966.901	0.1	False				False					nolight	0.0	nan	True	3969.361	True	2.0
3979.361	2.0	trials	go_tone	8000.0	80.0	3979.361	0.1	False				False					nolight	0.0	nan	True	3981.861	True	2.0
3991.862	2.0	trials	go_tone	8000.0	80.0	3991.862	0.1	False				False					nolight	0.0	nan	False		False	2.0
4003.292	2.0	trials	go_tone	8000.0	80.0	4003.292	0.1	True	5.0	4004.292	0.01	False					nolight	0.0	nan	True	4005.7219999999998	True	1.0
4015.732	2.0	trials	go_tone	8000.0	80.0	4015.732	0.1	True	5.0	4016.732	0.01	False					nolight	0.0	nan	True	4017.963	True	1.0
4027.972	2.0	trials	go_tone	8000.0	80.0	4027.972	0.1	True	5.0	4028.972	0.01	False					nolight	0.0	nan	True	4030.1620000000003	True	1.0
4040.162	2.0	trials	go_tone	8000.0	80.0	4040.162	0.1	True	5.0	4041.162	0.01	False					nolight	0.0	nan	True	4042.7839999999997	False	1.0
4051.442	2.0	trials	go_tone	8000.0	80.0	4051.442	0.1	True	5.0	4052.442	0.01	False					nolight	0.0	nan	True	4053.984	True	1.0
4063.992	2.0	trials	go_tone	8000.0	80.0	4063.992	0.1	True	5.0	4064.992	0.01	False					nolight	0.0	nan	True	4066.6110000000003	False	1.0
4075.363	2.0	trials	nogo_tone	4000.0	80.0	4075.363	0.1	True	5.0	4076.363	0.01	False					nolight	0.0	nan	False		False	3.0
4086.253	2.0	trials	no_tone					True	5.0	4087.253	0.01	False					nolight	0.0	nan	False		False	5.0
4096.943	2.0	trials	go_tone	8000.0	80.0	4096.943	0.1	False				False					nolight	0.0	nan	True	4099.374	True	2.0
4109.383	2.0	trials	go_tone	8000.0	80.0	4109.383	0.1	False				False					nolight	0.0	nan	False		False	2.0
4120.883	2.0	trials	nogo_tone	4000.0	80.0	4120.883	0.1	True	5.0	4121.883	0.01	False					nolight	0.0	nan	False		False	3.0
4132.134	2.0	trials	go_tone	8000.0	80.0	4132.134	0.1	False				False					nolight	0.0	nan	True	4134.624	True	2.0
4144.624	2.0	trials	go_tone	8000.0	80.0	4144.624	0.1	False				False					nolight	0.0	nan	True	4146.9839999999995	True	2.0
4156.994	2.0	trials	go_tone	8000.0	80.0	4156.994	0.1	False				False					nolight	0.0	nan	False		False	2.0
4167.844	2.0	trials	go_tone	8000.0	80.0	4167.844	0.1	False				False					nolight	0.0	nan	False		False	2.0
4178.835	2.0	trials	go_tone	8000.0	80.0	4178.835	0.1	True	5.0	4179.835	0.01	True	100.0	12.0	4179.785	4180.135	whisker	350.0	wS1	False		False	1.0
4190.135	2.0	trials	go_tone	8000.0	80.0	4190.135	0.1	True	5.0	4191.135	0.01	True	100.0	12.0	4191.085	4191.435	whisker	350.0	wS1	False		False	1.0
4200.895	2.0	trials	nogo_tone	4000.0	80.0	4200.895	0.1	True	5.0	4201.895	0.01	False					nolight	0.0	nan	False		False	3.0
4211.635	2.0	trials	nogo_tone	4000.0	80.0	4211.635	0.1	True	5.0	4212.635	0.01	False					nolight	0.0	nan	False		False	3.0
4222.945	2.0	trials	no_tone					True	5.0	4223.945	0.01	False					nolight	0.0	nan	False		False	5.0
4234.195	2.0	trials	nogo_tone	4000.0	80.0	4234.195	0.1	True	5.0	4235.195	0.01	True	100.0	12.0	4235.1449999999995	4235.495	whisker	350.0	wS1	False		False	3.0
4244.766	2.0	trials	go_tone	8000.0	80.0	4244.766	0.1	True	5.0	4245.766	0.01	False					nolight	0.0	nan	True	4247.401	False	1.0
4256.356	2.0	trials	go_tone	8000.0	80.0	4256.356	0.1	True	5.0	4257.356	0.01	False					nolight	0.0	nan	True	4258.905	False	1.0
4267.616	2.0	trials	nogo_tone	4000.0	80.0	4267.616	0.1	True	5.0	4268.616	0.01	True	100.0	12.0	4268.566	4268.916	whisker	350.0	wS1	False		False	3.0
4278.576	2.0	trials	go_tone	8000.0	80.0	4278.576	0.1	True	5.0	4279.576	0.01	False					nolight	0.0	nan	True	4280.907	True	1.0
4295.917	2.0	trials	go_tone	8000.0	80.0	4295.917	0.1	True	5.0	4296.917	0.01	False					nolight	0.0	nan	True	4298.549	False	1.0
4306.943	2.0	trials	nogo_tone	4000.0	80.0	4306.943	0.1	False				False					nolight	0.0	nan	False		False	4.0
4317.837	2.0	trials	nogo_tone	4000.0	80.0	4317.837	0.1	True	5.0	4318.837	0.01	False					nolight	0.0	nan	False		False	3.0
4328.887	2.0	trials	nogo_tone	4000.0	80.0	4328.887	0.1	False				False					nolight	0.0	nan	False		False	4.0
4339.607	2.0	trials	nogo_tone	4000.0	80.0	4339.607	0.1	False				True	100.0	12.0	4340.557	4340.907	whisker	350.0	wS1	False		False	4.0
4351.087	2.0	trials	no_tone					True	5.0	4352.087	0.01	True	100.0	12.0	4352.037	4352.387000000001	whisker	350.0	wS1	False		False	5.0
4362.618	2.0	trials	no_tone					True	5.0	4363.618	0.01	False					nolight	0.0	nan	True	4365.417	False	5.0
4373.818	2.0	trials	go_tone	8000.0	80.0	4373.818	0.1	False				False					nolight	0.0	nan	True	4376.068	True	2.0
4391.068	2.0	trials	go_tone	8000.0	80.0	4391.068	0.1	False				False					nolight	0.0	nan	True	4393.548	True	2.0
4408.549	2.0	trials	go_tone	8000.0	80.0	4408.549	0.1	False				False					nolight	0.0	nan	True	4410.98	True	2.0
4425.989	2.0	trials	go_tone	8000.0	80.0	4425.989	0.1	False				False					nolight	0.0	nan	True	4428.5199999999995	True	2.0
4443.529	2.0	trials	go_tone	8000.0	80.0	4443.529	0.1	False				False					nolight	0.0	nan	True	4446.150000000001	False	2.0
4454.239	2.0	trials	no_tone					True	5.0	4455.239	0.01	False					nolight	0.0	nan	False		False	5.0
4464.939	2.0	trials	nogo_tone	4000.0	80.0	4464.939	0.1	False				False					nolight	0.0	nan	False		False	4.0
4476.39	2.0	trials	no_tone					True	5.0	4477.39	0.01	True	100.0	12.0	4477.34	4477.6900000000005	whisker	350.0	wS1	False		False	5.0
4487.93	2.0	trials	go_tone	8000.0	80.0	4487.93	0.1	False				True	100.0	12.0	4488.88	4489.2300000000005	whisker	350.0	wS1	True	4490.3550000000005	True	2.0
4505.36	2.0	trials	go_tone	8000.0	80.0	4505.36	0.1	False				True	100.0	12.0	4506.3099999999995	4506.66	whisker	350.0	wS1	True	4508.009999999999	False	2.0
4516.32	2.0	trials	go_tone	8000.0	80.0	4516.32	0.1	True	5.0	4517.32	0.01	False					nolight	0.0	nan	True	4519.018	False	1.0
4527.527	2.0	trials	go_tone	8000.0	80.0	4527.527	0.1	False				True	100.0	12.0	4528.477	4528.827	whisker	350.0	wS1	True	4529.791	True	2.0
4544.791	2.0	trials	go_tone	8000.0	80.0	4544.791	0.1	False				True	100.0	12.0	4545.741	4546.091	whisker	350.0	wS1	False		False	2.0
4556.001	2.0	trials	nogo_tone	4000.0	80.0	4556.001	0.1	False				True	100.0	12.0	4556.951	4557.301	whisker	350.0	wS1	False		False	4.0
4567.391	2.0	trials	nogo_tone	4000.0	80.0	4567.391	0.1	False				False					nolight	0.0	nan	False		False	4.0
4578.002	2.0	trials	no_tone					True	5.0	4579.002	0.01	True	100.0	12.0	4578.952	4579.302000000001	whisker	350.0	wS1	False		False	5.0
4589.222	2.0	trials	nogo_tone	4000.0	80.0	4589.222	0.1	True	5.0	4590.222	0.01	False					nolight	0.0	nan	False		False	3.0
4600.552	2.0	trials	nogo_tone	4000.0	80.0	4600.552	0.1	False				False					nolight	0.0	nan	False		False	4.0
4611.292	2.0	trials	go_tone	8000.0	80.0	4611.292	0.1	True	5.0	4612.292	0.01	True	100.0	12.0	4612.242	4612.592000000001	whisker	350.0	wS1	True	4613.523	True	1.0
4628.532	2.0	trials	go_tone	8000.0	80.0	4628.532	0.1	True	5.0	4629.532	0.01	True	100.0	12.0	4629.482	4629.832	whisker	350.0	wS1	False		False	1.0
4639.843	2.0	trials	nogo_tone	4000.0	80.0	4639.843	0.1	True	5.0	4640.843	0.01	False					nolight	0.0	nan	False		False	3.0
4650.973	2.0	trials	nogo_tone	4000.0	80.0	4650.973	0.1	False				False					nolight	0.0	nan	True	4653.252	True	4.0
4668.253	2.0	trials	nogo_tone	4000.0	80.0	4668.253	0.1	False				False					nolight	0.0	nan	False		False	4.0
4679.237	2.0	trials	nogo_tone	4000.0	80.0	4679.237	0.1	False				True	100.0	12.0	4680.187	4680.537	whisker	350.0	wS1	False		False	4.0
4690.083	2.0	trials	go_tone	8000.0	80.0	4690.083	0.1	True	5.0	4691.083	0.01	False					nolight	0.0	nan	False		False	1.0
4701.444	2.0	trials	go_tone	8000.0	80.0	4701.444	0.1	False				True	100.0	12.0	4702.394	4702.744000000001	whisker	350.0	wS1	True	4703.969	True	2.0
4718.974	2.0	trials	go_tone	8000.0	80.0	4718.974	0.1	False				True	100.0	12.0	4719.924	4720.274	whisker	350.0	wS1	True	4721.005	True	2.0
4736.014	2.0	trials	go_tone	8000.0	80.0	4736.014	0.1	False				True	100.0	12.0	4736.964	4737.314	whisker	350.0	wS1	True	4738.555	True	2.0
4753.565	2.0	trials	go_tone	8000.0	80.0	4753.565	0.1	False				True	100.0	12.0	4754.514999999999	4754.865	whisker	350.0	wS1	False		False	2.0
4764.135	2.0	trials	nogo_tone	4000.0	80.0	4764.135	0.1	False				False					nolight	0.0	nan	False		False	4.0
4775.535	2.0	trials	no_tone					True	5.0	4776.535	0.01	True	100.0	12.0	4776.485	4776.835	whisker	350.0	wS1	False		False	5.0
4786.659	2.0	trials	nogo_tone	4000.0	80.0	4786.659	0.1	True	5.0	4787.659	0.01	True	100.0	12.0	4787.6089999999995	4787.959	whisker	350.0	wS1	False		False	3.0
4797.875	2.0	trials	no_tone					True	5.0	4798.875	0.01	False					nolight	0.0	nan	False		False	5.0
4809.375	2.0	trials	go_tone	8000.0	80.0	4809.375	0.1	True	5.0	4810.375	0.01	False					nolight	0.0	nan	False		False	1.0
4820.716	2.0	trials	no_tone					True	5.0	4821.716	0.01	False					nolight	0.0	nan	False		False	5.0
4831.466	2.0	trials	nogo_tone	4000.0	80.0	4831.466	0.1	True	5.0	4832.466	0.01	True	100.0	12.0	4832.416	4832.7660000000005	whisker	350.0	wS1	False		False	3.0
4842.946	2.0	trials	go_tone	8000.0	80.0	4842.946	0.1	False				False					nolight	0.0	nan	False		False	2.0
4854.166	2.0	trials	go_tone	8000.0	80.0	4854.166	0.1	False				False					nolight	0.0	nan	False		False	2.0
4865.087	2.0	trials	go_tone	8000.0	80.0	4865.087	0.1	True	5.0	4866.087	0.01	False					nolight	0.0	nan	False		False	1.0
4875.877	2.0	trials	nogo_tone	4000.0	80.0	4875.877	0.1	True	5.0	4876.877	0.01	False					nolight	0.0	nan	False		False	3.0
4887.257	2.0	trials	nogo_tone	4000.0	80.0	4887.257	0.1	False				True	100.0	12.0	4888.206999999999	4888.557	whisker	350.0	wS1	False		False	4.0
4898.127	2.0	trials	go_tone	8000.0	80.0	4898.127	0.1	True	5.0	4899.127	0.01	False					nolight	0.0	nan	False		False	1.0
4909.018	2.0	trials	nogo_tone	4000.0	80.0	4909.018	0.1	False				False					nolight	0.0	nan	False		False	4.0
4919.848	2.0	trials	go_tone	8000.0	80.0	4919.848	0.1	True	5.0	4920.848	0.01	True	100.0	12.0	4920.798	4921.148	whisker	350.0	wS1	False		False	1.0
4931.078	2.0	trials	go_tone	8000.0	80.0	4931.078	0.1	False				True	100.0	12.0	4932.028	4932.378000000001	whisker	350.0	wS1	False		False	2.0
4942.238	2.0	trials	no_tone					True	5.0	4943.238	0.01	False					nolight	0.0	nan	False		False	5.0
4953.238	2.0	trials	go_tone	8000.0	80.0	4953.238	0.1	False				False					nolight	0.0	nan	False		False	2.0
4963.858	2.0	trials	go_tone	8000.0	80.0	4963.858	0.1	False				False					nolight	0.0	nan	False		False	2.0
4975.255	2.0	trials	no_tone					True	5.0	4976.255	0.01	False					nolight	0.0	nan	False		False	5.0
4987.289	2.0	trials	nogo_tone	4000.0	80.0	4987.289	0.1	True	5.0	4988.289	0.01	False					nolight	0.0	nan	False		False	3.0
4998.109	2.0	trials	go_tone	8000.0	80.0	4998.109	0.1	False				False					nolight	0.0	nan	False		False	2.0
5009.359	2.0	trials	go_tone	8000.0	80.0	5009.359	0.1	False				True	100.0	12.0	5010.309	5010.659000000001	whisker	350.0	wS1	False		False	2.0
5020.099	2.0	trials	go_tone	8000.0	80.0	5020.099	0.1	True	5.0	5021.099	0.01	False					nolight	0.0	nan	False		False	1.0
5030.85	2.0	trials	no_tone					True	5.0	5031.85	0.01	False					nolight	0.0	nan	False		False	5.0
5041.79	2.0	trials	no_tone					True	5.0	5042.79	0.01	False					nolight	0.0	nan	True	5044.771	False	5.0
5053.22	2.0	trials	go_tone	8000.0	80.0	5053.22	0.1	False				False					nolight	0.0	nan	False		False	2.0
5063.817	2.0	trials	nogo_tone	4000.0	80.0	5063.817	0.1	False				True	100.0	12.0	5064.767	5065.117	whisker	350.0	wS1	False		False	4.0
5075.35	2.0	trials	nogo_tone	4000.0	80.0	5075.35	0.1	False				False					nolight	0.0	nan	False		False	4.0
5086.851	2.0	trials	nogo_tone	4000.0	80.0	5086.851	0.1	True	5.0	5087.851	0.01	False					nolight	0.0	nan	False		False	3.0
5097.751	2.0	trials	no_tone					True	5.0	5098.751	0.01	True	100.0	12.0	5098.701	5099.051	whisker	350.0	wS1	False		False	5.0
5108.571	2.0	trials	go_tone	8000.0	80.0	5108.571	0.1	True	5.0	5109.571	0.01	False					nolight	0.0	nan	False		False	1.0
5119.331	2.0	trials	go_tone	8000.0	80.0	5119.331	0.1	False				False					nolight	0.0	nan	False		False	2.0
5130.261	2.0	trials	go_tone	8000.0	80.0	5130.261	0.1	True	5.0	5131.261	0.01	True	100.0	12.0	5131.211	5131.561000000001	whisker	350.0	wS1	False		False	1.0
5141.801	2.0	trials	go_tone	8000.0	80.0	5141.801	0.1	True	5.0	5142.801	0.01	False					nolight	0.0	nan	False		False	1.0
5153.092	2.0	trials	no_tone					True	5.0	5154.092	0.01	True	100.0	12.0	5154.0419999999995	5154.392	whisker	350.0	wS1	False		False	5.0
5164.452	2.0	trials	go_tone	8000.0	80.0	5164.452	0.1	True	5.0	5165.452	0.01	True	100.0	12.0	5165.402	5165.752	whisker	350.0	wS1	False		False	1.0
5175.756	2.0	trials	nogo_tone	4000.0	80.0	5175.756	0.1	False				True	100.0	12.0	5176.706	5177.0560000000005	whisker	350.0	wS1	False		False	4.0
5187.182	2.0	trials	no_tone					True	5.0	5188.182	0.01	False					nolight	0.0	nan	False		False	5.0
5197.753	2.0	trials	nogo_tone	4000.0	80.0	5197.753	0.1	False				False					nolight	0.0	nan	False		False	4.0
5208.933	2.0	trials	no_tone					True	5.0	5209.933	0.01	False					nolight	0.0	nan	False		False	5.0
5219.593	2.0	trials	nogo_tone	4000.0	80.0	5219.593	0.1	True	5.0	5220.593	0.01	True	100.0	12.0	5220.543	5220.893	whisker	350.0	wS1	False		False	3.0
5230.903	2.0	trials	go_tone	8000.0	80.0	5230.903	0.1	True	5.0	5231.903	0.01	False					nolight	0.0	nan	False		False	1.0
5242.143	2.0	trials	nogo_tone	4000.0	80.0	5242.143	0.1	False				False					nolight	0.0	nan	False		False	4.0
5252.973	2.0	trials	nogo_tone	4000.0	80.0	5252.973	0.1	True	5.0	5253.973	0.01	False					nolight	0.0	nan	False		False	3.0
5263.714	2.0	trials	go_tone	8000.0	80.0	5263.714	0.1	False				True	100.0	12.0	5264.664	5265.014	whisker	350.0	wS1	False		False	2.0
5274.774	2.0	trials	nogo_tone	4000.0	80.0	5274.774	0.1	False				False					nolight	0.0	nan	False		False	4.0
5286.314	2.0	trials	go_tone	8000.0	80.0	5286.314	0.1	False				False					nolight	0.0	nan	False		False	2.0
5297.264	2.0	trials	nogo_tone	4000.0	80.0	5297.264	0.1	True	5.0	5298.264	0.01	False					nolight	0.0	nan	True	5298.624	True	3.0
5313.634	2.0	trials	nogo_tone	4000.0	80.0	5313.634	0.1	True	5.0	5314.634	0.01	False					nolight	0.0	nan	False		False	3.0
5325.095	2.0	trials	nogo_tone	4000.0	80.0	5325.095	0.1	True	5.0	5326.095	0.01	True	100.0	12.0	5326.045	5326.395	whisker	350.0	wS1	False		False	3.0
5335.825	2.0	trials	nogo_tone	4000.0	80.0	5335.825	0.1	True	5.0	5336.825	0.01	False					nolight	0.0	nan	False		False	3.0
5346.975	2.0	trials	go_tone	8000.0	80.0	5346.975	0.1	False				False					nolight	0.0	nan	False		False	2.0
5357.905	2.0	trials	nogo_tone	4000.0	80.0	5357.905	0.1	False				False					nolight	0.0	nan	False		False	4.0
5368.476	2.0	trials	nogo_tone	4000.0	80.0	5368.476	0.1	True	5.0	5369.476	0.01	False					nolight	0.0	nan	False		False	3.0
5379.206	2.0	trials	nogo_tone	4000.0	80.0	5379.206	0.1	True	5.0	5380.206	0.01	True	100.0	12.0	5380.156	5380.506	whisker	350.0	wS1	False		False	3.0
5390.548	2.0	trials	nogo_tone	4000.0	80.0	5390.548	0.1	True	5.0	5391.548	0.01	False					nolight	0.0	nan	False		False	3.0
5401.677	2.0	trials	go_tone	8000.0	80.0	5401.677	0.1	False				False					nolight	0.0	nan	False		False	2.0
5413.026	2.0	trials	no_tone					True	5.0	5414.026	0.01	False					nolight	0.0	nan	False		False	5.0
5423.748	2.0	trials	nogo_tone	4000.0	80.0	5423.748	0.1	True	5.0	5424.748	0.01	False					nolight	0.0	nan	False		False	3.0
5435.057	2.0	trials	no_tone					True	5.0	5436.057	0.01	False					nolight	0.0	nan	False		False	5.0
5445.747	2.0	trials	go_tone	8000.0	80.0	5445.747	0.1	True	5.0	5446.747	0.01	False					nolight	0.0	nan	True	5449.030000000001	False	1.0
5456.407	2.0	trials	nogo_tone	4000.0	80.0	5456.407	0.1	False				True	100.0	12.0	5457.357	5457.707	whisker	350.0	wS1	False		False	4.0
5467.177	2.0	trials	nogo_tone	4000.0	80.0	5467.177	0.1	False				False					nolight	0.0	nan	False		False	4.0
5478.697	2.0	trials	go_tone	8000.0	80.0	5478.697	0.1	False				True	100.0	12.0	5479.647	5479.997	whisker	350.0	wS1	False		False	2.0
5489.628	2.0	trials	go_tone	8000.0	80.0	5489.628	0.1	True	5.0	5490.628	0.01	True	100.0	12.0	5490.5779999999995	5490.928	whisker	350.0	wS1	False		False	1.0
5500.418	2.0	trials	go_tone	8000.0	80.0	5500.418	0.1	False				True	100.0	12.0	5501.3679999999995	5501.718	whisker	350.0	wS1	False		False	2.0
5511.928	2.0	trials	go_tone	8000.0	80.0	5511.928	0.1	False				False					nolight	0.0	nan	False		False	2.0
5522.788	2.0	trials	go_tone	8000.0	80.0	5522.788	0.1	True	5.0	5523.788	0.01	False					nolight	0.0	nan	True	5525.478999999999	False	1.0
5533.369	2.0	trials	no_tone					True	5.0	5534.369	0.01	False					nolight	0.0	nan	True	5536.099999999999	False	5.0
5544.879	2.0	trials	go_tone	8000.0	80.0	5544.879	0.1	False				False					nolight	0.0	nan	True	5547.458	False	2.0
5556.309	2.0	trials	nogo_tone	4000.0	80.0	5556.309	0.1	False				False					nolight	0.0	nan	False		False	4.0
5567.829	2.0	trials	nogo_tone	4000.0	80.0	5567.829	0.1	False				False					nolight	0.0	nan	False		False	4.0
5579.089	2.0	trials	nogo_tone	4000.0	80.0	5579.089	0.1	True	5.0	5580.089	0.01	False					nolight	0.0	nan	False		False	3.0
5590.079	2.0	trials	go_tone	8000.0	80.0	5590.079	0.1	True	5.0	5591.079	0.01	True	100.0	12.0	5591.0289999999995	5591.379	whisker	350.0	wS1	False		False	1.0
5600.94	2.0	trials	no_tone					True	5.0	5601.94	0.01	True	100.0	12.0	5601.889999999999	5602.24	whisker	350.0	wS1	False		False	5.0
5611.81	2.0	trials	no_tone					True	5.0	5612.81	0.01	False					nolight	0.0	nan	False		False	5.0
5622.52	2.0	trials	nogo_tone	4000.0	80.0	5622.52	0.1	True	5.0	5623.52	0.01	True	100.0	12.0	5623.47	5623.820000000001	whisker	350.0	wS1	False		False	3.0
5633.27	2.0	trials	nogo_tone	4000.0	80.0	5633.27	0.1	False				True	100.0	12.0	5634.22	5634.570000000001	whisker	350.0	wS1	False		False	4.0
5644.08	2.0	trials	no_tone					True	5.0	5645.08	0.01	True	100.0	12.0	5645.03	5645.38	whisker	350.0	wS1	False		False	5.0
5654.791	2.0	trials	go_tone	8000.0	80.0	5654.791	0.1	True	5.0	5655.791	0.01	False					nolight	0.0	nan	True	5657.451	False	1.0
5666.051	2.0	trials	go_tone	8000.0	80.0	5666.051	0.1	True	5.0	5667.051	0.01	False					nolight	0.0	nan	True	5668.241	True	1.0
5683.241	2.0	trials	go_tone	8000.0	80.0	5683.241	0.1	True	5.0	5684.241	0.01	False					nolight	0.0	nan	True	5685.466	True	1.0
5700.471	2.0	trials	go_tone	8000.0	80.0	5700.471	0.1	True	5.0	5701.471	0.01	False					nolight	0.0	nan	True	5703.132	False	1.0
5711.361	2.0	trials	nogo_tone	4000.0	80.0	5711.361	0.1	True	5.0	5712.361	0.01	True	100.0	12.0	5712.311	5712.661	whisker	350.0	wS1	True	5713.031	True	3.0
5728.035	2.0	trials	nogo_tone	4000.0	80.0	5728.035	0.1	True	5.0	5729.035	0.01	True	100.0	12.0	5728.985	5729.335	whisker	350.0	wS1	False		False	3.0
5739.202	2.0	trials	nogo_tone	4000.0	80.0	5739.202	0.1	True	5.0	5740.202	0.01	False					nolight	0.0	nan	False		False	3.0
5749.962	2.0	trials	go_tone	8000.0	80.0	5749.962	0.1	False				False					nolight	0.0	nan	True	5751.012000000001	True	2.0
5766.022	2.0	trials	go_tone	8000.0	80.0	5766.022	0.1	False				False					nolight	0.0	nan	False		False	2.0
5777.173	2.0	trials	go_tone	8000.0	80.0	5777.173	0.1	False				False					nolight	0.0	nan	False		False	2.0
5788.307	2.0	trials	no_tone					True	5.0	5789.307	0.01	False					nolight	0.0	nan	False		False	5.0
5799.673	2.0	trials	no_tone					True	5.0	5800.673	0.01	True	100.0	12.0	5800.623	5800.973	whisker	350.0	wS1	False		False	5.0
5811.063	2.0	trials	no_tone					True	5.0	5812.063	0.01	True	100.0	12.0	5812.013	5812.363	whisker	350.0	wS1	False		False	5.0
5822.543	2.0	trials	nogo_tone	4000.0	80.0	5822.543	0.1	True	5.0	5823.543	0.01	False					nolight	0.0	nan	True	5825.3009999999995	False	3.0
5834.073	2.0	trials	go_tone	8000.0	80.0	5834.073	0.1	True	5.0	5835.073	0.01	False					nolight	0.0	nan	True	5836.737	False	1.0
5847.094	2.0	trials	nogo_tone	4000.0	80.0	5847.094	0.1	False				True	100.0	12.0	5848.044	5848.394	whisker	350.0	wS1	False		False	4.0
5858.104	2.0	trials	go_tone	8000.0	80.0	5858.104	0.1	False				True	100.0	12.0	5859.054	5859.404	whisker	350.0	wS1	True	5860.7970000000005	False	2.0
5869.124	2.0	trials	no_tone					True	5.0	5870.124	0.01	False					nolight	0.0	nan	False		False	5.0
5880.324	2.0	trials	nogo_tone	4000.0	80.0	5880.324	0.1	True	5.0	5881.324	0.01	True	100.0	12.0	5881.273999999999	5881.624	whisker	350.0	wS1	False		False	3.0
5891.405	2.0	trials	go_tone	8000.0	80.0	5891.405	0.1	False				False					nolight	0.0	nan	True	5893.929999999999	True	2.0
5908.935	2.0	trials	go_tone	8000.0	80.0	5908.935	0.1	False				False					nolight	0.0	nan	True	5911.956	False	2.0
5919.665	2.0	trials	nogo_tone	4000.0	80.0	5919.665	0.1	False				False					nolight	0.0	nan	False		False	4.0
5930.855	2.0	trials	go_tone	8000.0	80.0	5930.855	0.1	True	5.0	5931.855	0.01	True	100.0	12.0	5931.804999999999	5932.155	whisker	350.0	wS1	False		False	1.0
5941.906	2.0	trials	nogo_tone	4000.0	80.0	5941.906	0.1	False				True	100.0	12.0	5942.856	5943.206	whisker	350.0	wS1	False		False	4.0
5952.606	2.0	trials	nogo_tone	4000.0	80.0	5952.606	0.1	False				False					nolight	0.0	nan	False		False	4.0
5963.276	2.0	trials	nogo_tone	4000.0	80.0	5963.276	0.1	False				False					nolight	0.0	nan	False		False	4.0
5974.216	2.0	trials	go_tone	8000.0	80.0	5974.216	0.1	False				False					nolight	0.0	nan	True	5977.107	False	2.0
5985.666	2.0	trials	no_tone					True	5.0	5986.666	0.01	False					nolight	0.0	nan	False		False	5.0
5997.057	2.0	trials	nogo_tone	4000.0	80.0	5997.057	0.1	True	5.0	5998.057	0.01	False					nolight	0.0	nan	True	5999.785	False	3.0
6008.277	2.0	trials	no_tone					True	5.0	6009.277	0.01	False					nolight	0.0	nan	False		False	5.0
6019.467	2.0	trials	go_tone	8000.0	80.0	6019.467	0.1	True	5.0	6020.467	0.01	False					nolight	0.0	nan	True	6022.057	False	1.0
6030.587	2.0	trials	go_tone	8000.0	80.0	6030.587	0.1	False				True	100.0	12.0	6031.537	6031.887000000001	whisker	350.0	wS1	True	6032.767000000001	True	2.0
6047.767	2.0	trials	go_tone	8000.0	80.0	6047.767	0.1	False				True	100.0	12.0	6048.717	6049.067	whisker	350.0	wS1	True	6050.090999999999	True	2.0
6065.098	2.0	trials	go_tone	8000.0	80.0	6065.098	0.1	False				True	100.0	12.0	6066.048	6066.398	whisker	350.0	wS1	True	6067.531	True	2.0
6082.538	2.0	trials	go_tone	8000.0	80.0	6082.538	0.1	False				True	100.0	12.0	6083.487999999999	6083.838	whisker	350.0	wS1	False		False	2.0
6093.858	2.0	trials	nogo_tone	4000.0	80.0	6093.858	0.1	False				False					nolight	0.0	nan	False		False	4.0
6105.339	2.0	trials	go_tone	8000.0	80.0	6105.339	0.1	True	5.0	6106.339	0.01	True	100.0	12.0	6106.289	6106.639	whisker	350.0	wS1	False		False	1.0
6116.618	2.0	trials	nogo_tone	4000.0	80.0	6116.618	0.1	True	5.0	6117.618	0.01	False					nolight	0.0	nan	False		False	3.0
6127.979	2.0	trials	go_tone	8000.0	80.0	6127.979	0.1	True	5.0	6128.979	0.01	False					nolight	0.0	nan	True	6130.369000000001	True	1.0
6145.369	2.0	trials	go_tone	8000.0	80.0	6145.369	0.1	True	5.0	6146.369	0.01	False					nolight	0.0	nan	True	6148.089999999999	False	1.0
6156.449	2.0	trials	go_tone	8000.0	80.0	6156.449	0.1	True	5.0	6157.449	0.01	False					nolight	0.0	nan	True	6157.989	True	1.0
6172.999	2.0	trials	go_tone	8000.0	80.0	6172.999	0.1	True	5.0	6173.999	0.01	False					nolight	0.0	nan	True	6175.630999999999	False	1.0
6183.7	2.0	trials	nogo_tone	4000.0	80.0	6183.7	0.1	False				False					nolight	0.0	nan	True	6186.318	False	4.0
6195.13	2.0	trials	go_tone	8000.0	80.0	6195.13	0.1	False				True	100.0	12.0	6196.08	6196.43	whisker	350.0	wS1	True	6197.68	False	2.0
6206.49	2.0	trials	no_tone					True	5.0	6207.49	0.01	True	100.0	12.0	6207.44	6207.79	whisker	350.0	wS1	False		False	5.0
6217.76	2.0	trials	nogo_tone	4000.0	80.0	6217.76	0.1	True	5.0	6218.76	0.01	True	100.0	12.0	6218.71	6219.06	whisker	350.0	wS1	False		False	3.0
6228.533	2.0	trials	go_tone	8000.0	80.0	6228.533	0.1	False				False					nolight	0.0	nan	True	6231.072	True	2.0
6246.081	2.0	trials	go_tone	8000.0	80.0	6246.081	0.1	False				False					nolight	0.0	nan	False		False	2.0
6257.611	2.0	trials	nogo_tone	4000.0	80.0	6257.611	0.1	False				True	100.0	12.0	6258.561	6258.911	whisker	350.0	wS1	False		False	4.0
6268.931	2.0	trials	nogo_tone	4000.0	80.0	6268.931	0.1	False				False					nolight	0.0	nan	False		False	4.0
6279.631	2.0	trials	go_tone	8000.0	80.0	6279.631	0.1	True	5.0	6280.631	0.01	False					nolight	0.0	nan	True	6282.131	True	1.0
6297.132	2.0	trials	go_tone	8000.0	80.0	6297.132	0.1	True	5.0	6298.132	0.01	False					nolight	0.0	nan	True	6299.821	False	1.0
6308.672	2.0	trials	no_tone					True	5.0	6309.672	0.01	True	100.0	12.0	6309.621999999999	6309.972	whisker	350.0	wS1	False		False	5.0
6319.592	2.0	trials	nogo_tone	4000.0	80.0	6319.592	0.1	True	5.0	6320.592	0.01	True	100.0	12.0	6320.5419999999995	6320.892	whisker	350.0	wS1	False		False	3.0
6330.202	2.0	trials	nogo_tone	4000.0	80.0	6330.202	0.1	True	5.0	6331.202	0.01	False					nolight	0.0	nan	False		False	3.0
6340.882	2.0	trials	go_tone	8000.0	80.0	6340.882	0.1	False				False					nolight	0.0	nan	True	6343.557	False	2.0
6351.673	2.0	trials	nogo_tone	4000.0	80.0	6351.673	0.1	True	5.0	6352.673	0.01	False					nolight	0.0	nan	False		False	3.0
6362.743	2.0	trials	nogo_tone	4000.0	80.0	6362.743	0.1	False				False					nolight	0.0	nan	False		False	4.0
6374.293	2.0	trials	nogo_tone	4000.0	80.0	6374.293	0.1	True	5.0	6375.293	0.01	False					nolight	0.0	nan	False		False	3.0
6385.743	2.0	trials	go_tone	8000.0	80.0	6385.743	0.1	False				False					nolight	0.0	nan	True	6388.463000000001	False	2.0
6397.205	2.0	trials	no_tone					True	5.0	6398.205	0.01	False					nolight	0.0	nan	False		False	5.0
6408.374	2.0	trials	nogo_tone	4000.0	80.0	6408.374	0.1	True	5.0	6409.374	0.01	False					nolight	0.0	nan	False		False	3.0
6418.964	2.0	trials	go_tone	8000.0	80.0	6418.964	0.1	True	5.0	6419.964	0.01	True	100.0	12.0	6419.914	6420.264	whisker	350.0	wS1	True	6421.589	False	1.0
6430.144	2.0	trials	go_tone	8000.0	80.0	6430.144	0.1	True	5.0	6431.144	0.01	False					nolight	0.0	nan	True	6432.369000000001	True	1.0
6447.374	2.0	trials	go_tone	8000.0	80.0	6447.374	0.1	True	5.0	6448.374	0.01	False					nolight	0.0	nan	True	6449.929999999999	False	1.0
6458.234	2.0	trials	go_tone	8000.0	80.0	6458.234	0.1	False				False					nolight	0.0	nan	True	6460.658	True	2.0
6475.665	2.0	trials	go_tone	8000.0	80.0	6475.665	0.1	False				False					nolight	0.0	nan	True	6477.955	True	2.0
6492.965	2.0	trials	go_tone	8000.0	80.0	6492.965	0.1	False				False					nolight	0.0	nan	False		False	2.0
6503.886	2.0	trials	go_tone	8000.0	80.0	6503.886	0.1	True	5.0	6504.886	0.01	False					nolight	0.0	nan	True	6506.616	False	1.0
6514.675	2.0	trials	no_tone					True	5.0	6515.675	0.01	False					nolight	0.0	nan	False		False	5.0
6525.976	2.0	trials	nogo_tone	4000.0	80.0	6525.976	0.1	False				False					nolight	0.0	nan	False		False	4.0
6536.857	2.0	trials	go_tone	8000.0	80.0	6536.857	0.1	True	5.0	6537.857	0.01	True	100.0	12.0	6537.807	6538.157	whisker	350.0	wS1	True	6539.326	True	1.0
6554.336	2.0	trials	go_tone	8000.0	80.0	6554.336	0.1	True	5.0	6555.336	0.01	True	100.0	12.0	6555.286	6555.636	whisker	350.0	wS1	True	6556.893	False	1.0
6565.558	2.0	trials	no_tone					True	5.0	6566.558	0.01	False					nolight	0.0	nan	False		False	5.0
6576.847	2.0	trials	nogo_tone	4000.0	80.0	6576.847	0.1	False				True	100.0	12.0	6577.797	6578.147	whisker	350.0	wS1	False		False	4.0
6587.427	2.0	trials	no_tone					True	5.0	6588.427	0.01	False					nolight	0.0	nan	False		False	5.0
6598.607	2.0	trials	go_tone	8000.0	80.0	6598.607	0.1	True	5.0	6599.607	0.01	False					nolight	0.0	nan	True	6600.967	True	1.0
6615.977	2.0	trials	go_tone	8000.0	80.0	6615.977	0.1	True	5.0	6616.977	0.01	False					nolight	0.0	nan	True	6618.665	False	1.0
6627.157	2.0	trials	go_tone	8000.0	80.0	6627.157	0.1	False				True	100.0	12.0	6628.107	6628.457	whisker	350.0	wS1	True	6629.517	True	2.0
6644.518	2.0	trials	go_tone	8000.0	80.0	6644.518	0.1	False				True	100.0	12.0	6645.468	6645.818	whisker	350.0	wS1	True	6647.07	False	2.0
6655.198	2.0	trials	nogo_tone	4000.0	80.0	6655.198	0.1	False				False					nolight	0.0	nan	False		False	4.0
6666.238	2.0	trials	no_tone					True	5.0	6667.238	0.01	False					nolight	0.0	nan	False		False	5.0
6677.458	2.0	trials	nogo_tone	4000.0	80.0	6677.458	0.1	False				True	100.0	12.0	6678.407999999999	6678.758	whisker	350.0	wS1	False		False	4.0
6688.089	2.0	trials	nogo_tone	4000.0	80.0	6688.089	0.1	False				False					nolight	0.0	nan	False		False	4.0
6699.389	2.0	trials	go_tone	8000.0	80.0	6699.389	0.1	False				False					nolight	0.0	nan	True	6701.831	True	2.0
6716.84	2.0	trials	go_tone	8000.0	80.0	6716.84	0.1	False				False					nolight	0.0	nan	True	6719.426	False	2.0
6728.339	2.0	trials	nogo_tone	4000.0	80.0	6728.339	0.1	True	5.0	6729.339	0.01	True	100.0	12.0	6729.289	6729.639	whisker	350.0	wS1	False		False	3.0
6739.709	2.0	trials	go_tone	8000.0	80.0	6739.709	0.1	False				False					nolight	0.0	nan	True	6741.84	True	2.0
6756.85	2.0	trials	go_tone	8000.0	80.0	6756.85	0.1	False				False					nolight	0.0	nan	True	6759.280000000001	True	2.0
6774.29	2.0	trials	go_tone	8000.0	80.0	6774.29	0.1	False				False					nolight	0.0	nan	True	6776.615	True	2.0
6791.621	2.0	trials	go_tone	8000.0	80.0	6791.621	0.1	False				False					nolight	0.0	nan	True	6794.82	False	2.0
6803.021	2.0	trials	go_tone	8000.0	80.0	6803.021	0.1	False				True	100.0	12.0	6803.971	6804.321	whisker	350.0	wS1	True	6805.352	True	2.0
6820.361	2.0	trials	go_tone	8000.0	80.0	6820.361	0.1	False				True	100.0	12.0	6821.311	6821.661	whisker	350.0	wS1	True	6822.711	True	2.0
6837.721	2.0	trials	go_tone	8000.0	80.0	6837.721	0.1	False				True	100.0	12.0	6838.670999999999	6839.021	whisker	350.0	wS1	False		False	2.0
6848.391	2.0	trials	go_tone	8000.0	80.0	6848.391	0.1	True	5.0	6849.391	0.01	True	100.0	12.0	6849.340999999999	6849.691	whisker	350.0	wS1	False		False	1.0
6859.682	2.0	trials	go_tone	8000.0	80.0	6859.682	0.1	True	5.0	6860.682	0.01	False					nolight	0.0	nan	True	6862.208	True	1.0
6877.212	2.0	trials	go_tone	8000.0	80.0	6877.212	0.1	True	5.0	6878.212	0.01	False					nolight	0.0	nan	True	6879.436000000001	True	1.0
6894.444	2.0	trials	go_tone	8000.0	80.0	6894.444	0.1	True	5.0	6895.444	0.01	False					nolight	0.0	nan	True	6896.988	True	1.0
6911.992	2.0	trials	go_tone	8000.0	80.0	6911.992	0.1	True	5.0	6912.992	0.01	False					nolight	0.0	nan	True	6914.669	False	1.0
6923.273	2.0	trials	go_tone	8000.0	80.0	6923.273	0.1	True	5.0	6924.273	0.01	False					nolight	0.0	nan	True	6925.543000000001	True	1.0
6940.543	2.0	trials	go_tone	8000.0	80.0	6940.543	0.1	True	5.0	6941.543	0.01	False					nolight	0.0	nan	True	6942.902999999999	True	1.0
6957.903	2.0	trials	go_tone	8000.0	80.0	6957.903	0.1	True	5.0	6958.903	0.01	False					nolight	0.0	nan	True	6960.575	False	1.0
6968.543	2.0	trials	no_tone					True	5.0	6969.543	0.01	False					nolight	0.0	nan	True	6971.24	False	5.0
6979.434	2.0	trials	go_tone	8000.0	80.0	6979.434	0.1	False				False					nolight	0.0	nan	True	6981.964	True	2.0
6996.974	2.0	trials	go_tone	8000.0	80.0	6996.974	0.1	False				False					nolight	0.0	nan	True	6999.643	False	2.0
7007.825	2.0	trials	go_tone	8000.0	80.0	7007.825	0.1	False				True	100.0	12.0	7008.775	7009.125	whisker	350.0	wS1	False		False	2.0
7019.384	2.0	trials	go_tone	8000.0	80.0	7019.384	0.1	True	5.0	7020.384	0.01	False					nolight	0.0	nan	True	7022.017	False	1.0
7030.665	2.0	trials	nogo_tone	4000.0	80.0	7030.665	0.1	True	5.0	7031.665	0.01	False					nolight	0.0	nan	False		False	3.0
7041.315	2.0	trials	go_tone	8000.0	80.0	7041.315	0.1	True	5.0	7042.315	0.01	False					nolight	0.0	nan	True	7043.933999999999	False	1.0
7052.495	2.0	trials	nogo_tone	4000.0	80.0	7052.495	0.1	False				False					nolight	0.0	nan	False		False	4.0
7063.575	2.0	trials	nogo_tone	4000.0	80.0	7063.575	0.1	False				False					nolight	0.0	nan	False		False	4.0
7075.075	2.0	trials	go_tone	8000.0	80.0	7075.075	0.1	True	5.0	7076.075	0.01	True	100.0	12.0	7076.025	7076.375	whisker	350.0	wS1	True	7077.695	False	1.0
7085.916	2.0	trials	no_tone					True	5.0	7086.916	0.01	False					nolight	0.0	nan	False		False	5.0
7096.816	2.0	trials	nogo_tone	4000.0	80.0	7096.816	0.1	True	5.0	7097.816	0.01	False					nolight	0.0	nan	False		False	3.0
7108.286	2.0	trials	go_tone	8000.0	80.0	7108.286	0.1	False				False					nolight	0.0	nan	True	7111.165	False	2.0
7119.336	2.0	trials	no_tone					True	5.0	7120.336	0.01	True	100.0	12.0	7120.286	7120.636	whisker	350.0	wS1	False		False	5.0
7130.498	2.0	trials	no_tone					True	5.0	7131.498	0.01	False					nolight	0.0	nan	False		False	5.0
7141.896	2.0	trials	nogo_tone	4000.0	80.0	7141.896	0.1	True	5.0	7142.896	0.01	True	100.0	12.0	7142.846	7143.196	whisker	350.0	wS1	False		False	3.0
7153.197	2.0	trials	nogo_tone	4000.0	80.0	7153.197	0.1	False				True	100.0	12.0	7154.147	7154.497	whisker	350.0	wS1	False		False	4.0
7164.327	2.0	trials	no_tone					True	5.0	7165.327	0.01	True	100.0	12.0	7165.277	7165.627	whisker	350.0	wS1	False		False	5.0
7175.727	2.0	trials	nogo_tone	4000.0	80.0	7175.727	0.1	True	5.0	7176.727	0.01	False					nolight	0.0	nan	False		False	3.0
7187.057	2.0	trials	nogo_tone	4000.0	80.0	7187.057	0.1	True	5.0	7188.057	0.01	False					nolight	0.0	nan	False		False	3.0
7197.688	2.0	trials	nogo_tone	4000.0	80.0	7197.688	0.1	False				False					nolight	0.0	nan	False		False	4.0
7208.378	2.0	trials	no_tone					True	5.0	7209.378	0.01	False					nolight	0.0	nan	False		False	5.0
7219.458	2.0	trials	go_tone	8000.0	80.0	7219.458	0.1	True	5.0	7220.458	0.01	True	100.0	12.0	7220.407999999999	7220.758	whisker	350.0	wS1	True	7221.728	True	1.0
7236.738	2.0	trials	go_tone	8000.0	80.0	7236.738	0.1	True	5.0	7237.738	0.01	True	100.0	12.0	7237.688	7238.0380000000005	whisker	350.0	wS1	True	7239.128000000001	True	1.0
7254.129	2.0	trials	go_tone	8000.0	80.0	7254.129	0.1	True	5.0	7255.129	0.01	True	100.0	12.0	7255.079	7255.429	whisker	350.0	wS1	True	7256.686	False	1.0
7264.829	2.0	trials	go_tone	8000.0	80.0	7264.829	0.1	True	5.0	7265.829	0.01	False					nolight	0.0	nan	False		False	1.0
7275.829	2.0	trials	go_tone	8000.0	80.0	7275.829	0.1	False				True	100.0	12.0	7276.7789999999995	7277.129	whisker	350.0	wS1	True	7278.169	True	2.0
7293.179	2.0	trials	go_tone	8000.0	80.0	7293.179	0.1	False				True	100.0	12.0	7294.129	7294.479	whisker	350.0	wS1	True	7295.796	False	2.0
7304.079	2.0	trials	nogo_tone	4000.0	80.0	7304.079	0.1	False				True	100.0	12.0	7305.0289999999995	7305.379	whisker	350.0	wS1	False		False	4.0
7314.729	2.0	trials	nogo_tone	4000.0	80.0	7314.729	0.1	False				False					nolight	0.0	nan	False		False	4.0
7326.03	2.0	trials	go_tone	8000.0	80.0	7326.03	0.1	False				True	100.0	12.0	7326.98	7327.33	whisker	350.0	wS1	False		False	2.0
7337.42	2.0	trials	no_tone					True	5.0	7338.42	0.01	False					nolight	0.0	nan	False		False	5.0
7348.95	2.0	trials	go_tone	8000.0	80.0	7348.95	0.1	True	5.0	7349.95	0.01	False					nolight	0.0	nan	True	7351.63	False	1.0
7359.621	2.0	trials	nogo_tone	4000.0	80.0	7359.621	0.1	False				True	100.0	12.0	7360.571	7360.921	whisker	350.0	wS1	False		False	4.0
7370.811	2.0	trials	go_tone	8000.0	80.0	7370.811	0.1	True	5.0	7371.811	0.01	True	100.0	12.0	7371.7609999999995	7372.111	whisker	350.0	wS1	True	7373.3009999999995	True	1.0
7388.301	2.0	trials	go_tone	8000.0	80.0	7388.301	0.1	True	5.0	7389.301	0.01	True	100.0	12.0	7389.251	7389.601000000001	whisker	350.0	wS1	False		False	1.0
7399.521	2.0	trials	nogo_tone	4000.0	80.0	7399.521	0.1	True	5.0	7400.521	0.01	False					nolight	0.0	nan	False		False	3.0
7410.241	2.0	trials	nogo_tone	4000.0	80.0	7410.241	0.1	True	5.0	7411.241	0.01	False					nolight	0.0	nan	False		False	3.0
7421.421	2.0	trials	go_tone	8000.0	80.0	7421.421	0.1	False				False					nolight	0.0	nan	True	7423.771000000001	True	2.0
7438.774	2.0	trials	go_tone	8000.0	80.0	7438.774	0.1	False				False					nolight	0.0	nan	True	7441.252	True	2.0
7456.252	2.0	trials	go_tone	8000.0	80.0	7456.252	0.1	False				False					nolight	0.0	nan	True	7458.984	False	2.0
7466.823	2.0	trials	no_tone					True	5.0	7467.823	0.01	True	100.0	12.0	7467.773	7468.1230000000005	whisker	350.0	wS1	False		False	5.0
7477.702	2.0	trials	go_tone	8000.0	80.0	7477.702	0.1	True	5.0	7478.702	0.01	False					nolight	0.0	nan	True	7480.028	True	1.0
7495.033	2.0	trials	go_tone	8000.0	80.0	7495.033	0.1	True	5.0	7496.033	0.01	False					nolight	0.0	nan	True	7497.667	False	1.0
7505.803	2.0	trials	no_tone					True	5.0	7506.803	0.01	True	100.0	12.0	7506.753	7507.103	whisker	350.0	wS1	False		False	5.0
7516.583	2.0	trials	nogo_tone	4000.0	80.0	7516.583	0.1	False				False					nolight	0.0	nan	False		False	4.0
7527.203	2.0	trials	go_tone	8000.0	80.0	7527.203	0.1	True	5.0	7528.203	0.01	False					nolight	0.0	nan	True	7529.463000000001	True	1.0
7544.464	2.0	trials	go_tone	8000.0	80.0	7544.464	0.1	True	5.0	7545.464	0.01	False					nolight	0.0	nan	True	7547.138	False	1.0
7555.954	2.0	trials	nogo_tone	4000.0	80.0	7555.954	0.1	False				False					nolight	0.0	nan	False		False	4.0
7566.824	2.0	trials	go_tone	8000.0	80.0	7566.824	0.1	False				False					nolight	0.0	nan	True	7569.249	True	2.0
7584.254	2.0	trials	go_tone	8000.0	80.0	7584.254	0.1	False				False					nolight	0.0	nan	True	7586.714	True	2.0
7601.715	2.0	trials	go_tone	8000.0	80.0	7601.715	0.1	False				False					nolight	0.0	nan	False		False	2.0
7613.095	2.0	trials	nogo_tone	4000.0	80.0	7613.095	0.1	True	5.0	7614.095	0.01	False					nolight	0.0	nan	False		False	3.0
7624.595	2.0	trials	go_tone	8000.0	80.0	7624.595	0.1	False				False					nolight	0.0	nan	False		False	2.0
7635.275	2.0	trials	go_tone	8000.0	80.0	7635.275	0.1	False				False					nolight	0.0	nan	True	7638.090999999999	False	2.0
7645.836	2.0	trials	no_tone					True	5.0	7646.836	0.01	False					nolight	0.0	nan	False		False	5.0
7657.246	2.0	trials	nogo_tone	4000.0	80.0	7657.246	0.1	True	5.0	7658.246	0.01	False					nolight	0.0	nan	False		False	3.0
7668.306	2.0	trials	nogo_tone	4000.0	80.0	7668.306	0.1	True	5.0	7669.306	0.01	True	100.0	12.0	7669.255999999999	7669.606	whisker	350.0	wS1	False		False	3.0
7679.496	2.0	trials	nogo_tone	4000.0	80.0	7679.496	0.1	True	5.0	7680.496	0.01	True	100.0	12.0	7680.446	7680.796	whisker	350.0	wS1	False		False	3.0
7690.076	2.0	trials	no_tone					True	5.0	7691.076	0.01	False					nolight	0.0	nan	False		False	5.0
7701.447	2.0	trials	go_tone	8000.0	80.0	7701.447	0.1	True	5.0	7702.447	0.01	True	100.0	12.0	7702.397	7702.747	whisker	350.0	wS1	True	7704.064	False	1.0
7712.117	2.0	trials	nogo_tone	4000.0	80.0	7712.117	0.1	False				False					nolight	0.0	nan	False		False	4.0
7723.237	2.0	trials	nogo_tone	4000.0	80.0	7723.237	0.1	False				False					nolight	0.0	nan	False		False	4.0
7734.137	2.0	trials	go_tone	8000.0	80.0	7734.137	0.1	False				False					nolight	0.0	nan	True	7736.487999999999	True	2.0
7751.497	2.0	trials	go_tone	8000.0	80.0	7751.497	0.1	False				False					nolight	0.0	nan	True	7754.316000000001	False	2.0
7762.327	2.0	trials	nogo_tone	4000.0	80.0	7762.327	0.1	True	5.0	7763.327	0.01	False					nolight	0.0	nan	True	7765.078	False	3.0
7773.037	2.0	trials	go_tone	8000.0	80.0	7773.037	0.1	False				True	100.0	12.0	7773.987	7774.337	whisker	350.0	wS1	True	7775.5070000000005	True	2.0
7790.518	2.0	trials	go_tone	8000.0	80.0	7790.518	0.1	False				True	100.0	12.0	7791.468	7791.818	whisker	350.0	wS1	False		False	2.0
7801.538	2.0	trials	go_tone	8000.0	80.0	7801.538	0.1	True	5.0	7802.538	0.01	False					nolight	0.0	nan	True	7804.254	False	1.0
7812.278	2.0	trials	nogo_tone	4000.0	80.0	7812.278	0.1	True	5.0	7813.278	0.01	False					nolight	0.0	nan	True	7814.916	False	3.0
7823.428	2.0	trials	go_tone	8000.0	80.0	7823.428	0.1	False				False					nolight	0.0	nan	True	7825.994	False	2.0
7834.899	2.0	trials	nogo_tone	4000.0	80.0	7834.899	0.1	True	5.0	7835.899	0.01	False					nolight	0.0	nan	False		False	3.0
7846.409	2.0	trials	nogo_tone	4000.0	80.0	7846.409	0.1	False				False					nolight	0.0	nan	False		False	4.0
7857.829	2.0	trials	go_tone	8000.0	80.0	7857.829	0.1	False				False					nolight	0.0	nan	True	7860.57	False	2.0
7868.539	2.0	trials	no_tone					True	5.0	7869.539	0.01	True	100.0	12.0	7869.489	7869.839	whisker	350.0	wS1	False		False	5.0
7879.439	2.0	trials	no_tone					True	5.0	7880.439	0.01	False					nolight	0.0	nan	False		False	5.0
7890.13	2.0	trials	go_tone	8000.0	80.0	7890.13	0.1	True	5.0	7891.13	0.01	False					nolight	0.0	nan	True	7892.807	False	1.0
7901.066	2.0	trials	go_tone	8000.0	80.0	7901.066	0.1	False				False					nolight	0.0	nan	True	7903.45	True	2.0
7918.45	2.0	trials	go_tone	8000.0	80.0	7918.45	0.1	False				False					nolight	0.0	nan	True	7920.92	True	2.0
7935.924	2.0	trials	go_tone	8000.0	80.0	7935.924	0.1	False				False					nolight	0.0	nan	True	7938.301	True	2.0
7953.301	2.0	trials	go_tone	8000.0	80.0	7953.301	0.1	False				False					nolight	0.0	nan	True	7955.761	True	2.0
7970.768	2.0	trials	go_tone	8000.0	80.0	7970.768	0.1	False				False					nolight	0.0	nan	False		False	2.0
7981.371	2.0	trials	go_tone	8000.0	80.0	7981.371	0.1	True	5.0	7982.371	0.01	False					nolight	0.0	nan	True	7983.9130000000005	True	1.0
7998.921	2.0	trials	go_tone	8000.0	80.0	7998.921	0.1	True	5.0	7999.921	0.01	False					nolight	0.0	nan	True	8001.572	False	1.0
8009.642	2.0	trials	go_tone	8000.0	80.0	8009.642	0.1	True	5.0	8010.642	0.01	True	100.0	12.0	8010.592	8010.942	whisker	350.0	wS1	False		False	1.0
8020.472	2.0	trials	nogo_tone	4000.0	80.0	8020.472	0.1	True	5.0	8021.472	0.01	False					nolight	0.0	nan	False		False	3.0
8031.562	2.0	trials	no_tone					True	5.0	8032.562	0.01	True	100.0	12.0	8032.512	8032.862	whisker	350.0	wS1	False		False	5.0
8042.793	2.0	trials	nogo_tone	4000.0	80.0	8042.793	0.1	False				True	100.0	12.0	8043.7429999999995	8044.093	whisker	350.0	wS1	False		False	4.0
8053.742	2.0	trials	no_tone					True	5.0	8054.742	0.01	False					nolight	0.0	nan	False		False	5.0
8064.833	2.0	trials	go_tone	8000.0	80.0	8064.833	0.1	True	5.0	8065.833	0.01	False					nolight	0.0	nan	True	8067.499	False	1.0
8076.043	2.0	trials	no_tone					True	5.0	8077.043	0.01	False					nolight	0.0	nan	False		False	5.0
8087.373	2.0	trials	nogo_tone	4000.0	80.0	8087.373	0.1	False				True	100.0	12.0	8088.322999999999	8088.673	whisker	350.0	wS1	False		False	4.0
8098.213	2.0	trials	no_tone					True	5.0	8099.213	0.01	False					nolight	0.0	nan	False		False	5.0
8109.654	2.0	trials	nogo_tone	4000.0	80.0	8109.654	0.1	False				False					nolight	0.0	nan	True	8112.079000000001	True	4.0
8127.084	2.0	trials	nogo_tone	4000.0	80.0	8127.084	0.1	False				False					nolight	0.0	nan	False		False	4.0
8138.424	2.0	trials	go_tone	8000.0	80.0	8138.424	0.1	False				True	100.0	12.0	8139.374	8139.724	whisker	350.0	wS1	True	8140.9039999999995	True	2.0
8155.904	2.0	trials	go_tone	8000.0	80.0	8155.904	0.1	False				True	100.0	12.0	8156.854	8157.204000000001	whisker	350.0	wS1	False		False	2.0
8166.855	2.0	trials	nogo_tone	4000.0	80.0	8166.855	0.1	True	5.0	8167.855	0.01	True	100.0	12.0	8167.804999999999	8168.155	whisker	350.0	wS1	False		False	3.0
8177.615	2.0	trials	nogo_tone	4000.0	80.0	8177.615	0.1	True	5.0	8178.615	0.01	True	100.0	12.0	8178.565	8178.915	whisker	350.0	wS1	False		False	3.0
8189.045	2.0	trials	no_tone					True	5.0	8190.045	0.01	True	100.0	12.0	8189.995	8190.345	whisker	350.0	wS1	False		False	5.0
8200.445	2.0	trials	nogo_tone	4000.0	80.0	8200.445	0.1	False				False					nolight	0.0	nan	False		False	4.0
8211.735	2.0	trials	nogo_tone	4000.0	80.0	8211.735	0.1	False				False					nolight	0.0	nan	False		False	4.0
8222.366	2.0	trials	nogo_tone	4000.0	80.0	8222.366	0.1	True	5.0	8223.366	0.01	False					nolight	0.0	nan	False		False	3.0
8233.856	2.0	trials	nogo_tone	4000.0	80.0	8233.856	0.1	True	5.0	8234.856	0.01	True	100.0	12.0	8234.806	8235.155999999999	whisker	350.0	wS1	False		False	3.0
8244.736	2.0	trials	no_tone					True	5.0	8245.736	0.01	False					nolight	0.0	nan	False		False	5.0
8255.876	2.0	trials	nogo_tone	4000.0	80.0	8255.876	0.1	False				False					nolight	0.0	nan	False		False	4.0
8266.656	2.0	trials	no_tone					True	5.0	8267.656	0.01	False					nolight	0.0	nan	False		False	5.0
8277.806	2.0	trials	nogo_tone	4000.0	80.0	8277.806	0.1	True	5.0	8278.806	0.01	True	100.0	12.0	8278.756000000001	8279.106	whisker	350.0	wS1	False		False	3.0
8289.229	2.0	trials	no_tone					True	5.0	8290.229	0.01	False					nolight	0.0	nan	False		False	5.0
8300.677	2.0	trials	go_tone	8000.0	80.0	8300.677	0.1	True	5.0	8301.677	0.01	False					nolight	0.0	nan	True	8303.118	True	1.0
8318.127	2.0	trials	go_tone	8000.0	80.0	8318.127	0.1	True	5.0	8319.127	0.01	False					nolight	0.0	nan	True	8320.827000000001	False	1.0
8329.217	2.0	trials	go_tone	8000.0	80.0	8329.217	0.1	True	5.0	8330.217	0.01	False					nolight	0.0	nan	True	8331.617	True	1.0
8348.548	2.0	trials	go_tone	8000.0	80.0	8348.548	0.1	True	5.0	8349.548	0.01	False					nolight	0.0	nan	True	8351.197	False	1.0
8359.648	2.0	trials	no_tone					True	5.0	8360.648	0.01	False					nolight	0.0	nan	False		False	5.0
8370.588	2.0	trials	go_tone	8000.0	80.0	8370.588	0.1	False				False					nolight	0.0	nan	True	8373.15	False	2.0
8381.818	2.0	trials	go_tone	8000.0	80.0	8381.818	0.1	False				True	100.0	12.0	8382.768	8383.117999999999	whisker	350.0	wS1	True	8384.402	False	2.0
8393.158	2.0	trials	nogo_tone	4000.0	80.0	8393.158	0.1	False				True	100.0	12.0	8394.108	8394.457999999999	whisker	350.0	wS1	False		False	4.0
8403.879	2.0	trials	nogo_tone	4000.0	80.0	8403.879	0.1	True	5.0	8404.879	0.01	False					nolight	0.0	nan	False		False	3.0
8414.849	2.0	trials	go_tone	8000.0	80.0	8414.849	0.1	False				True	100.0	12.0	8415.799	8416.149	whisker	350.0	wS1	False		False	2.0
8425.409	2.0	trials	go_tone	8000.0	80.0	8425.409	0.1	False				False					nolight	0.0	nan	True	8427.878999999999	True	2.0
8442.879	2.0	trials	go_tone	8000.0	80.0	8442.879	0.1	False				False					nolight	0.0	nan	True	8445.473	False	2.0
8454.329	2.0	trials	go_tone	8000.0	80.0	8454.329	0.1	True	5.0	8455.329	0.01	True	100.0	12.0	8455.279	8455.628999999999	whisker	350.0	wS1	True	8456.719	True	1.0
8471.72	2.0	trials	go_tone	8000.0	80.0	8471.72	0.1	True	5.0	8472.72	0.01	True	100.0	12.0	8472.67	8473.019999999999	whisker	350.0	wS1	True	8474.045	True	1.0
8489.05	2.0	trials	go_tone	8000.0	80.0	8489.05	0.1	True	5.0	8490.05	0.01	True	100.0	12.0	8490.0	8490.349999999999	whisker	350.0	wS1	True	8491.771999999999	False	1.0
8500.271	2.0	trials	nogo_tone	4000.0	80.0	8500.271	0.1	False				True	100.0	12.0	8501.221000000001	8501.571	whisker	350.0	wS1	False		False	4.0
8511.731	2.0	trials	no_tone					True	5.0	8512.731	0.01	True	100.0	12.0	8512.681	8513.030999999999	whisker	350.0	wS1	False		False	5.0
8523.054	2.0	trials	go_tone	8000.0	80.0	8523.054	0.1	True	5.0	8524.054	0.01	False					nolight	0.0	nan	True	8525.687	False	1.0
8533.671	2.0	trials	go_tone	8000.0	80.0	8533.671	0.1	False				False					nolight	0.0	nan	True	8536.201000000001	True	2.0
8551.211	2.0	trials	go_tone	8000.0	80.0	8551.211	0.1	False				False					nolight	0.0	nan	False		False	2.0
8562.592	2.0	trials	nogo_tone	4000.0	80.0	8562.592	0.1	True	5.0	8563.592	0.01	False					nolight	0.0	nan	False		False	3.0
8573.812	2.0	trials	nogo_tone	4000.0	80.0	8573.812	0.1	False				False					nolight	0.0	nan	False		False	4.0
8585.203	2.0	trials	go_tone	8000.0	80.0	8585.203	0.1	False				False					nolight	0.0	nan	True	8587.859	False	2.0
8595.982	2.0	trials	nogo_tone	4000.0	80.0	8595.982	0.1	True	5.0	8596.982	0.01	False					nolight	0.0	nan	False		False	3.0
8607.516	2.0	trials	go_tone	8000.0	80.0	8607.516	0.1	True	5.0	8608.516	0.01	True	100.0	12.0	8608.466	8608.815999999999	whisker	350.0	wS1	True	8610.039999999999	True	1.0
8625.043	2.0	trials	go_tone	8000.0	80.0	8625.043	0.1	True	5.0	8626.043	0.01	True	100.0	12.0	8625.993	8626.342999999999	whisker	350.0	wS1	False		False	1.0
8635.723	2.0	trials	go_tone	8000.0	80.0	8635.723	0.1	True	5.0	8636.723	0.01	False					nolight	0.0	nan	True	8638.103	True	1.0
8653.103	2.0	trials	go_tone	8000.0	80.0	8653.103	0.1	True	5.0	8654.103	0.01	False					nolight	0.0	nan	True	8655.759999999998	False	1.0
8664.393	2.0	trials	nogo_tone	4000.0	80.0	8664.393	0.1	True	5.0	8665.393	0.01	False					nolight	0.0	nan	False		False	3.0
8675.764	2.0	trials	nogo_tone	4000.0	80.0	8675.764	0.1	False				True	100.0	12.0	8676.714	8677.063999999998	whisker	350.0	wS1	False		False	4.0
8686.647	2.0	trials	go_tone	8000.0	80.0	8686.647	0.1	True	5.0	8687.647	0.01	False					nolight	0.0	nan	True	8688.994	True	1.0
8704.004	2.0	trials	go_tone	8000.0	80.0	8704.004	0.1	True	5.0	8705.004	0.01	False					nolight	0.0	nan	True	8706.593	False	1.0
8714.764	2.0	trials	go_tone	8000.0	80.0	8714.764	0.1	True	5.0	8715.764	0.01	True	100.0	12.0	8715.714	8716.063999999998	whisker	350.0	wS1	False		False	1.0
8725.924	2.0	trials	no_tone					True	5.0	8726.924	0.01	False					nolight	0.0	nan	False		False	5.0
8737.044	2.0	trials	no_tone					True	5.0	8738.044	0.01	False					nolight	0.0	nan	False		False	5.0
8748.395	2.0	trials	nogo_tone	4000.0	80.0	8748.395	0.1	False				False					nolight	0.0	nan	False		False	4.0
8759.095	2.0	trials	go_tone	8000.0	80.0	8759.095	0.1	False				False					nolight	0.0	nan	True	8761.717999999999	False	2.0
8770.545	2.0	trials	nogo_tone	4000.0	80.0	8770.545	0.1	False				False					nolight	0.0	nan	False		False	4.0
8781.915	2.0	trials	no_tone					True	5.0	8782.915	0.01	True	100.0	12.0	8782.865000000002	8783.215	whisker	350.0	wS1	False		False	5.0
8792.986	2.0	trials	go_tone	8000.0	80.0	8792.986	0.1	True	5.0	8793.986	0.01	False					nolight	0.0	nan	True	8795.211000000001	True	1.0
8810.216	2.0	trials	go_tone	8000.0	80.0	8810.216	0.1	True	5.0	8811.216	0.01	False					nolight	0.0	nan	True	8812.496000000001	True	1.0
8827.496	2.0	trials	go_tone	8000.0	80.0	8827.496	0.1	True	5.0	8828.496	0.01	False					nolight	0.0	nan	True	8830.087	False	1.0
8838.276	2.0	trials	go_tone	8000.0	80.0	8838.276	0.1	False				False					nolight	0.0	nan	True	8840.556	True	2.0
8855.563	2.0	trials	go_tone	8000.0	80.0	8855.563	0.1	False				False					nolight	0.0	nan	True	8858.183	False	2.0
8866.647	2.0	trials	go_tone	8000.0	80.0	8866.647	0.1	True	5.0	8867.647	0.01	False					nolight	0.0	nan	True	8869.293000000001	False	1.0
8877.847	2.0	trials	go_tone	8000.0	80.0	8877.847	0.1	False				False					nolight	0.0	nan	True	8880.739	False	2.0
8888.838	2.0	trials	nogo_tone	4000.0	80.0	8888.838	0.1	True	5.0	8889.838	0.01	False					nolight	0.0	nan	False		False	3.0
8899.844	2.0	trials	nogo_tone	4000.0	80.0	8899.844	0.1	True	5.0	8900.844	0.01	False					nolight	0.0	nan	False		False	3.0
8911.248	2.0	trials	go_tone	8000.0	80.0	8911.248	0.1	True	5.0	8912.248	0.01	True	100.0	12.0	8912.198	8912.547999999999	whisker	350.0	wS1	False		False	1.0
8922.498	2.0	trials	nogo_tone	4000.0	80.0	8922.498	0.1	False				True	100.0	12.0	8923.448	8923.797999999999	whisker	350.0	wS1	False		False	4.0
8933.089	2.0	trials	nogo_tone	4000.0	80.0	8933.089	0.1	True	5.0	8934.089	0.01	True	100.0	12.0	8934.039	8934.389	whisker	350.0	wS1	False		False	3.0
8943.948	2.0	trials	nogo_tone	4000.0	80.0	8943.948	0.1	True	5.0	8944.948	0.01	True	100.0	12.0	8944.898000000001	8945.248	whisker	350.0	wS1	True	8947.102	False	3.0
8955.078	2.0	trials	nogo_tone	4000.0	80.0	8955.078	0.1	False				False					nolight	0.0	nan	False		False	4.0
8966.309	2.0	trials	go_tone	8000.0	80.0	8966.309	0.1	False				False					nolight	0.0	nan	True	8968.956	False	2.0
8976.889	2.0	trials	nogo_tone	4000.0	80.0	8976.889	0.1	True	5.0	8977.889	0.01	False					nolight	0.0	nan	False		False	3.0
8988.359	2.0	trials	go_tone	8000.0	80.0	8988.359	0.1	True	5.0	8989.359	0.01	False					nolight	0.0	nan	True	8990.908000000001	False	1.0
8999.579	2.0	trials	no_tone					True	5.0	9000.579	0.01	False					nolight	0.0	nan	False		False	5.0
9010.609	2.0	trials	no_tone					True	5.0	9011.609	0.01	False					nolight	0.0	nan	False		False	5.0
9021.799	2.0	trials	no_tone					True	5.0	9022.799	0.01	True	100.0	12.0	9022.749000000002	9023.099	whisker	350.0	wS1	False		False	5.0
9032.38	2.0	trials	nogo_tone	4000.0	80.0	9032.38	0.1	False				False					nolight	0.0	nan	False		False	4.0
9043.32	2.0	trials	go_tone	8000.0	80.0	9043.32	0.1	False				True	100.0	12.0	9044.27	9044.619999999999	whisker	350.0	wS1	True	9045.875	False	2.0
9054.24	2.0	trials	go_tone	8000.0	80.0	9054.24	0.1	False				True	100.0	12.0	9055.19	9055.539999999999	whisker	350.0	wS1	True	9056.766	True	2.0
9071.771	2.0	trials	go_tone	8000.0	80.0	9071.771	0.1	False				True	100.0	12.0	9072.721000000001	9073.071	whisker	350.0	wS1	True	9074.121000000001	True	2.0
9089.131	2.0	trials	go_tone	8000.0	80.0	9089.131	0.1	False				True	100.0	12.0	9090.081	9090.430999999999	whisker	350.0	wS1	True	9091.76	False	2.0
9100.631	2.0	trials	nogo_tone	4000.0	80.0	9100.631	0.1	True	5.0	9101.631	0.01	True	100.0	12.0	9101.581	9101.930999999999	whisker	350.0	wS1	False		False	3.0
9111.771	2.0	trials	nogo_tone	4000.0	80.0	9111.771	0.1	True	5.0	9112.771	0.01	False					nolight	0.0	nan	False		False	3.0
9122.485	2.0	trials	nogo_tone	4000.0	80.0	9122.485	0.1	True	5.0	9123.485	0.01	True	100.0	12.0	9123.435000000001	9123.785	whisker	350.0	wS1	False		False	3.0
9133.602	2.0	trials	go_tone	8000.0	80.0	9133.602	0.1	False				True	100.0	12.0	9134.552000000001	9134.902	whisker	350.0	wS1	True	9136.28	False	2.0
9144.312	2.0	trials	go_tone	8000.0	80.0	9144.312	0.1	True	5.0	9145.312	0.01	True	100.0	12.0	9145.262	9145.612	whisker	350.0	wS1	False		False	1.0
9155.742	2.0	trials	go_tone	8000.0	80.0	9155.742	0.1	False				False					nolight	0.0	nan	True	9158.17	True	2.0
9173.172	2.0	trials	go_tone	8000.0	80.0	9173.172	0.1	False				False					nolight	0.0	nan	True	9175.93	False	2.0
9184.642	2.0	trials	go_tone	8000.0	80.0	9184.642	0.1	False				False					nolight	0.0	nan	True	9187.067	True	2.0
9202.073	2.0	trials	go_tone	8000.0	80.0	9202.073	0.1	False				False					nolight	0.0	nan	True	9204.453	True	2.0
9219.453	2.0	trials	go_tone	8000.0	80.0	9219.453	0.1	False				False					nolight	0.0	nan	True	9221.733	True	2.0
9236.733	2.0	trials	go_tone	8000.0	80.0	9236.733	0.1	False				False					nolight	0.0	nan	True	9239.203	True	2.0
9254.204	2.0	trials	go_tone	8000.0	80.0	9254.204	0.1	False				False					nolight	0.0	nan	False		False	2.0
9265.274	2.0	trials	no_tone					True	5.0	9266.274	0.01	True	100.0	12.0	9266.224	9266.573999999999	whisker	350.0	wS1	False		False	5.0
9276.514	2.0	trials	no_tone					True	5.0	9277.514	0.01	False					nolight	0.0	nan	False		False	5.0
9287.174	2.0	trials	go_tone	8000.0	80.0	9287.174	0.1	False				True	100.0	12.0	9288.124000000002	9288.474	whisker	350.0	wS1	True	9289.998000000001	False	2.0
9298.074	2.0	trials	nogo_tone	4000.0	80.0	9298.074	0.1	True	5.0	9299.074	0.01	False					nolight	0.0	nan	False		False	3.0
9309.441	2.0	trials	no_tone					True	5.0	9310.441	0.01	False					nolight	0.0	nan	False		False	5.0
9320.615	2.0	trials	nogo_tone	4000.0	80.0	9320.615	0.1	False				False					nolight	0.0	nan	False		False	4.0
9331.835	2.0	trials	nogo_tone	4000.0	80.0	9331.835	0.1	True	5.0	9332.835	0.01	False					nolight	0.0	nan	False		False	3.0
9342.575	2.0	trials	go_tone	8000.0	80.0	9342.575	0.1	False				False					nolight	0.0	nan	True	9345.264000000001	False	2.0
9353.915	2.0	trials	nogo_tone	4000.0	80.0	9353.915	0.1	False				True	100.0	12.0	9354.865000000002	9355.215	whisker	350.0	wS1	False		False	4.0
9365.236	2.0	trials	no_tone					True	5.0	9366.236	0.01	False					nolight	0.0	nan	False		False	5.0
9376.252	2.0	trials	nogo_tone	4000.0	80.0	9376.252	0.1	False				False					nolight	0.0	nan	False		False	4.0
9387.386	2.0	trials	go_tone	8000.0	80.0	9387.386	0.1	True	5.0	9388.386	0.01	True	100.0	12.0	9388.336000000001	9388.686	whisker	350.0	wS1	True	9390.107	False	1.0
9398.146	2.0	trials	no_tone					True	5.0	9399.146	0.01	False					nolight	0.0	nan	False		False	5.0
9409.328	2.0	trials	go_tone	8000.0	80.0	9409.328	0.1	False				False					nolight	0.0	nan	True	9411.921999999999	False	2.0
9420.537	2.0	trials	go_tone	8000.0	80.0	9420.537	0.1	True	5.0	9421.537	0.01	False					nolight	0.0	nan	True	9423.027	True	1.0
9438.037	2.0	trials	go_tone	8000.0	80.0	9438.037	0.1	True	5.0	9439.037	0.01	False					nolight	0.0	nan	True	9440.692000000001	False	1.0
9449.317	2.0	trials	nogo_tone	4000.0	80.0	9449.317	0.1	False				False					nolight	0.0	nan	False		False	4.0
9460.877	2.0	trials	nogo_tone	4000.0	80.0	9460.877	0.1	False				False					nolight	0.0	nan	False		False	4.0
9472.238	2.0	trials	go_tone	8000.0	80.0	9472.238	0.1	True	5.0	9473.238	0.01	False					nolight	0.0	nan	True	9474.937	False	1.0
9483.248	2.0	trials	go_tone	8000.0	80.0	9483.248	0.1	True	5.0	9484.248	0.01	False					nolight	0.0	nan	True	9485.648	True	1.0
9500.648	2.0	trials	go_tone	8000.0	80.0	9500.648	0.1	True	5.0	9501.648	0.01	False					nolight	0.0	nan	True	9503.171999999999	True	1.0
9518.178	2.0	trials	go_tone	8000.0	80.0	9518.178	0.1	True	5.0	9519.178	0.01	False					nolight	0.0	nan	True	9520.708	True	1.0
9535.718	2.0	trials	go_tone	8000.0	80.0	9535.718	0.1	True	5.0	9536.718	0.01	False					nolight	0.0	nan	True	9538.098	True	1.0
9553.099	2.0	trials	go_tone	8000.0	80.0	9553.099	0.1	True	5.0	9554.099	0.01	False					nolight	0.0	nan	True	9555.64	True	1.0
9570.649	2.0	trials	go_tone	8000.0	80.0	9570.649	0.1	True	5.0	9571.649	0.01	False					nolight	0.0	nan	True	9573.314999999999	False	1.0
9581.589	2.0	trials	nogo_tone	4000.0	80.0	9581.589	0.1	True	5.0	9582.589	0.01	False					nolight	0.0	nan	False		False	3.0
9592.3	2.0	trials	no_tone					True	5.0	9593.3	0.01	True	100.0	12.0	9593.25	9593.599999999999	whisker	350.0	wS1	False		False	5.0
9603.43	2.0	trials	go_tone	8000.0	80.0	9603.43	0.1	True	5.0	9604.43	0.01	False					nolight	0.0	nan	True	9606.103000000001	False	1.0
9614.16	2.0	trials	nogo_tone	4000.0	80.0	9614.16	0.1	False				True	100.0	12.0	9615.11	9615.46	whisker	350.0	wS1	False		False	4.0
9625.392	2.0	trials	go_tone	8000.0	80.0	9625.392	0.1	False				False					nolight	0.0	nan	True	9627.917	True	2.0
9642.92	2.0	trials	go_tone	8000.0	80.0	9642.92	0.1	False				False					nolight	0.0	nan	False		False	2.0
9654.451	2.0	trials	nogo_tone	4000.0	80.0	9654.451	0.1	False				False					nolight	0.0	nan	False		False	4.0
9665.661	2.0	trials	nogo_tone	4000.0	80.0	9665.661	0.1	True	5.0	9666.661	0.01	True	100.0	12.0	9666.611	9666.961	whisker	350.0	wS1	False		False	3.0
9676.971	2.0	trials	nogo_tone	4000.0	80.0	9676.971	0.1	False				True	100.0	12.0	9677.921	9678.270999999999	whisker	350.0	wS1	False		False	4.0
9687.651	2.0	trials	nogo_tone	4000.0	80.0	9687.651	0.1	True	5.0	9688.651	0.01	False					nolight	0.0	nan	False		False	3.0
9698.731	2.0	trials	go_tone	8000.0	80.0	9698.731	0.1	False				False					nolight	0.0	nan	False		False	2.0
9709.941	2.0	trials	no_tone					True	5.0	9710.941	0.01	True	100.0	12.0	9710.891000000001	9711.241	whisker	350.0	wS1	False		False	5.0
9721.242	2.0	trials	go_tone	8000.0	80.0	9721.242	0.1	False				True	100.0	12.0	9722.192000000001	9722.542	whisker	350.0	wS1	False		False	2.0
9732.532	2.0	trials	nogo_tone	4000.0	80.0	9732.532	0.1	True	5.0	9733.532	0.01	False					nolight	0.0	nan	False		False	3.0
9743.164	2.0	trials	nogo_tone	4000.0	80.0	9743.164	0.1	True	5.0	9744.164	0.01	False					nolight	0.0	nan	False		False	3.0
9753.732	2.0	trials	go_tone	8000.0	80.0	9753.732	0.1	True	5.0	9754.732	0.01	True	100.0	12.0	9754.682	9755.032	whisker	350.0	wS1	True	9756.213	True	1.0
9772.749	2.0	trials	go_tone	8000.0	80.0	9772.749	0.1	True	5.0	9773.749	0.01	True	100.0	12.0	9773.699	9774.048999999999	whisker	350.0	wS1	True	9775.303	False	1.0
9783.883	2.0	trials	go_tone	8000.0	80.0	9783.883	0.1	True	5.0	9784.883	0.01	False					nolight	0.0	nan	True	9786.552	False	1.0
9794.914	2.0	trials	go_tone	8000.0	80.0	9794.914	0.1	False				True	100.0	12.0	9795.864000000001	9796.214	whisker	350.0	wS1	True	9797.404	True	2.0
9812.413	2.0	trials	go_tone	8000.0	80.0	9812.413	0.1	False				True	100.0	12.0	9813.363000000001	9813.713	whisker	350.0	wS1	False		False	2.0
9823.784	2.0	trials	no_tone					True	5.0	9824.784	0.01	False					nolight	0.0	nan	False		False	5.0
9834.714	2.0	trials	nogo_tone	4000.0	80.0	9834.714	0.1	False				False					nolight	0.0	nan	False		False	4.0
9845.844	2.0	trials	go_tone	8000.0	80.0	9845.844	0.1	True	5.0	9846.844	0.01	False					nolight	0.0	nan	True	9848.419999999998	False	1.0
9858.214	2.0	trials	no_tone					True	5.0	9859.214	0.01	False					nolight	0.0	nan	False		False	5.0
9869.175	2.0	trials	nogo_tone	4000.0	80.0	9869.175	0.1	False				False					nolight	0.0	nan	False		False	4.0
9880.425	2.0	trials	go_tone	8000.0	80.0	9880.425	0.1	True	5.0	9881.425	0.01	False					nolight	0.0	nan	True	9883.094	False	1.0
9891.865	2.0	trials	go_tone	8000.0	80.0	9891.865	0.1	True	5.0	9892.865	0.01	False					nolight	0.0	nan	True	9894.503999999999	False	1.0
9902.615	2.0	trials	nogo_tone	4000.0	80.0	9902.615	0.1	False				True	100.0	12.0	9903.565	9903.914999999999	whisker	350.0	wS1	False		False	4.0
9913.835	2.0	trials	go_tone	8000.0	80.0	9913.835	0.1	False				False					nolight	0.0	nan	False		False	2.0
9924.816	2.0	trials	no_tone					True	5.0	9925.816	0.01	False					nolight	0.0	nan	True	9927.508	False	5.0
9935.456	2.0	trials	go_tone	8000.0	80.0	9935.456	0.1	True	5.0	9936.456	0.01	True	100.0	12.0	9936.406	9936.756	whisker	350.0	wS1	False		False	1.0
9946.686	2.0	trials	nogo_tone	4000.0	80.0	9946.686	0.1	True	5.0	9947.686	0.01	False					nolight	0.0	nan	False		False	3.0
9957.686	2.0	trials	go_tone	8000.0	80.0	9957.686	0.1	False				False					nolight	0.0	nan	True	9960.11	True	2.0
9975.116	2.0	trials	go_tone	8000.0	80.0	9975.116	0.1	False				False					nolight	0.0	nan	False		False	2.0
9986.536	2.0	trials	no_tone					True	5.0	9987.536	0.01	True	100.0	12.0	9987.486	9987.836	whisker	350.0	wS1	False		False	5.0
9997.156	2.0	trials	nogo_tone	4000.0	80.0	9997.156	0.1	False				False					nolight	0.0	nan	False		False	4.0
10008.127	2.0	trials	no_tone					True	5.0	10009.127	0.01	False					nolight	0.0	nan	False		False	5.0
10018.967	2.0	trials	nogo_tone	4000.0	80.0	10018.967	0.1	True	5.0	10019.967	0.01	True	100.0	12.0	10019.917000000001	10020.267	whisker	350.0	wS1	False		False	3.0
10030.437	2.0	trials	no_tone					True	5.0	10031.437	0.01	True	100.0	12.0	10031.387	10031.737	whisker	350.0	wS1	False		False	5.0
10041.937	2.0	trials	no_tone					True	5.0	10042.937	0.01	False					nolight	0.0	nan	False		False	5.0
10053.047	2.0	trials	go_tone	8000.0	80.0	10053.047	0.1	False				True	100.0	12.0	10053.997000000001	10054.347	whisker	350.0	wS1	False		False	2.0
10064.298	2.0	trials	nogo_tone	4000.0	80.0	10064.298	0.1	True	5.0	10065.298	0.01	False					nolight	0.0	nan	False		False	3.0
10075.308	2.0	trials	no_tone					True	5.0	10076.308	0.01	False					nolight	0.0	nan	False		False	5.0
10086.048	2.0	trials	go_tone	8000.0	80.0	10086.048	0.1	True	5.0	10087.048	0.01	False					nolight	0.0	nan	True	10088.663	False	1.0
10096.938	2.0	trials	go_tone	8000.0	80.0	10096.938	0.1	True	5.0	10097.938	0.01	True	100.0	12.0	10097.888	10098.238	whisker	350.0	wS1	False		False	1.0
10108.008	2.0	trials	nogo_tone	4000.0	80.0	10108.008	0.1	False				False					nolight	0.0	nan	False		False	4.0
10119.359	2.0	trials	no_tone					True	5.0	10120.359	0.01	False					nolight	0.0	nan	False		False	5.0
10131.219	2.0	trials	nogo_tone	4000.0	80.0	10131.219	0.1	False				False					nolight	0.0	nan	False		False	4.0
10142.279	2.0	trials	go_tone	8000.0	80.0	10142.279	0.1	False				False					nolight	0.0	nan	False		False	2.0
10153.509	2.0	trials	nogo_tone	4000.0	80.0	10153.509	0.1	True	5.0	10154.509	0.01	True	100.0	12.0	10154.459	10154.809	whisker	350.0	wS1	False		False	3.0
10164.269	2.0	trials	no_tone					True	5.0	10165.269	0.01	False					nolight	0.0	nan	False		False	5.0
10175.16	2.0	trials	nogo_tone	4000.0	80.0	10175.16	0.1	True	5.0	10176.16	0.01	False					nolight	0.0	nan	False		False	3.0
10186.12	2.0	trials	nogo_tone	4000.0	80.0	10186.12	0.1	False				False					nolight	0.0	nan	False		False	4.0
10196.93	2.0	trials	nogo_tone	4000.0	80.0	10196.93	0.1	True	5.0	10197.93	0.01	False					nolight	0.0	nan	False		False	3.0
10207.81	2.0	trials	go_tone	8000.0	80.0	10207.81	0.1	True	5.0	10208.81	0.01	False					nolight	0.0	nan	True	10210.426	False	1.0
10219.17	2.0	trials	nogo_tone	4000.0	80.0	10219.17	0.1	True	5.0	10220.17	0.01	True	100.0	12.0	10220.12	10220.47	whisker	350.0	wS1	False		False	3.0
10230.241	2.0	trials	go_tone	8000.0	80.0	10230.241	0.1	True	5.0	10231.241	0.01	False					nolight	0.0	nan	True	10232.501	True	1.0
10247.511	2.0	trials	go_tone	8000.0	80.0	10247.511	0.1	True	5.0	10248.511	0.01	False					nolight	0.0	nan	True	10249.941	True	1.0
10264.951	2.0	trials	go_tone	8000.0	80.0	10264.951	0.1	True	5.0	10265.951	0.01	False					nolight	0.0	nan	True	10267.634999999998	False	1.0
10276.245	2.0	trials	nogo_tone	4000.0	80.0	10276.245	0.1	True	5.0	10277.245	0.01	False					nolight	0.0	nan	False		False	3.0
10287.642	2.0	trials	nogo_tone	4000.0	80.0	10287.642	0.1	False				True	100.0	12.0	10288.592	10288.942	whisker	350.0	wS1	False		False	4.0
10299.092	2.0	trials	go_tone	8000.0	80.0	10299.092	0.1	False				False					nolight	0.0	nan	True	10302.128	False	2.0
10310.402	2.0	trials	go_tone	8000.0	80.0	10310.402	0.1	True	5.0	10311.402	0.01	False					nolight	0.0	nan	True	10313.095	False	1.0
10321.442	2.0	trials	go_tone	8000.0	80.0	10321.442	0.1	False				False					nolight	0.0	nan	True	10323.972	True	2.0
10338.976	2.0	trials	go_tone	8000.0	80.0	10338.976	0.1	False				False					nolight	0.0	nan	False		False	2.0
10350.353	2.0	trials	go_tone	8000.0	80.0	10350.353	0.1	False				False					nolight	0.0	nan	True	10353.483999999999	False	2.0
10361.473	2.0	trials	no_tone					True	5.0	10362.473	0.01	True	100.0	12.0	10362.423	10362.773	whisker	350.0	wS1	False		False	5.0
10372.053	2.0	trials	nogo_tone	4000.0	80.0	10372.053	0.1	False				True	100.0	12.0	10373.003	10373.353	whisker	350.0	wS1	False		False	4.0
10383.053	2.0	trials	nogo_tone	4000.0	80.0	10383.053	0.1	False				False					nolight	0.0	nan	False		False	4.0
10393.933	2.0	trials	go_tone	8000.0	80.0	10393.933	0.1	True	5.0	10394.933	0.01	True	100.0	12.0	10394.883000000002	10395.233	whisker	350.0	wS1	True	10396.730000000001	False	1.0
10404.844	2.0	trials	go_tone	8000.0	80.0	10404.844	0.1	False				True	100.0	12.0	10405.794	10406.143999999998	whisker	350.0	wS1	False		False	2.0
10415.704	2.0	trials	no_tone					True	5.0	10416.704	0.01	False					nolight	0.0	nan	False		False	5.0
10427.234	2.0	trials	no_tone					True	5.0	10428.234	0.01	False					nolight	0.0	nan	False		False	5.0
10438.445	2.0	trials	go_tone	8000.0	80.0	10438.445	0.1	True	5.0	10439.445	0.01	True	100.0	12.0	10439.395	10439.744999999999	whisker	350.0	wS1	False		False	1.0
10449.835	2.0	trials	nogo_tone	4000.0	80.0	10449.835	0.1	True	5.0	10450.835	0.01	True	100.0	12.0	10450.785	10451.134999999998	whisker	350.0	wS1	False		False	3.0
10460.635	2.0	trials	go_tone	8000.0	80.0	10460.635	0.1	True	5.0	10461.635	0.01	True	100.0	12.0	10461.585000000001	10461.935	whisker	350.0	wS1	False		False	1.0
10472.145	2.0	trials	go_tone	8000.0	80.0	10472.145	0.1	False				True	100.0	12.0	10473.095000000001	10473.445	whisker	350.0	wS1	True	10474.645	True	2.0
10489.645	2.0	trials	go_tone	8000.0	80.0	10489.645	0.1	False				True	100.0	12.0	10490.595000000001	10490.945	whisker	350.0	wS1	False		False	2.0
10500.705	2.0	trials	go_tone	8000.0	80.0	10500.705	0.1	False				False					nolight	0.0	nan	False		False	2.0
10512.156	2.0	trials	nogo_tone	4000.0	80.0	10512.156	0.1	True	5.0	10513.156	0.01	False					nolight	0.0	nan	False		False	3.0
10523.326	2.0	trials	nogo_tone	4000.0	80.0	10523.326	0.1	True	5.0	10524.326	0.01	False					nolight	0.0	nan	False		False	3.0
10533.946	2.0	trials	go_tone	8000.0	80.0	10533.946	0.1	True	5.0	10534.946	0.01	False					nolight	0.0	nan	False		False	1.0
10544.807	2.0	trials	nogo_tone	4000.0	80.0	10544.807	0.1	False				False					nolight	0.0	nan	False		False	4.0
10556.076	2.0	trials	nogo_tone	4000.0	80.0	10556.076	0.1	False				True	100.0	12.0	10557.026	10557.375999999998	whisker	350.0	wS1	False		False	4.0
10567.266	2.0	trials	go_tone	8000.0	80.0	10567.266	0.1	True	5.0	10568.266	0.01	False					nolight	0.0	nan	False		False	1.0
10578.277	2.0	trials	go_tone	8000.0	80.0	10578.277	0.1	False				True	100.0	12.0	10579.227	10579.577	whisker	350.0	wS1	False		False	2.0
10589.667	2.0	trials	nogo_tone	4000.0	80.0	10589.667	0.1	True	5.0	10590.667	0.01	False					nolight	0.0	nan	False		False	3.0
10600.56	2.0	trials	go_tone	8000.0	80.0	10600.56	0.1	True	5.0	10601.56	0.01	False					nolight	0.0	nan	False		False	1.0
10611.979	2.0	trials	go_tone	8000.0	80.0	10611.979	0.1	False				False					nolight	0.0	nan	False		False	2.0
10623.54	2.0	trials	nogo_tone	4000.0	80.0	10623.54	0.1	False				False					nolight	0.0	nan	False		False	4.0
10634.878	2.0	trials	nogo_tone	4000.0	80.0	10634.878	0.1	True	5.0	10635.878	0.01	True	100.0	12.0	10635.828000000001	10636.178	whisker	350.0	wS1	False		False	3.0
10646.138	2.0	trials	no_tone					True	5.0	10647.138	0.01	True	100.0	12.0	10647.088000000002	10647.438	whisker	350.0	wS1	True	10648.368	True	5.0
10663.378	2.0	trials	no_tone					True	5.0	10664.378	0.01	True	100.0	12.0	10664.328000000001	10664.678	whisker	350.0	wS1	False		False	5.0
10674.038	2.0	trials	no_tone					True	5.0	10675.038	0.01	True	100.0	12.0	10674.988000000001	10675.338	whisker	350.0	wS1	True	10676.575	True	5.0
10691.582	2.0	trials	no_tone					True	5.0	10692.582	0.01	True	100.0	12.0	10692.532000000001	10692.882	whisker	350.0	wS1	False		False	5.0
10702.739	2.0	trials	nogo_tone	4000.0	80.0	10702.739	0.1	True	5.0	10703.739	0.01	False					nolight	0.0	nan	False		False	3.0
10713.599	2.0	trials	nogo_tone	4000.0	80.0	10713.599	0.1	False				True	100.0	12.0	10714.549	10714.899	whisker	350.0	wS1	False		False	4.0
10724.793	2.0	trials	go_tone	8000.0	80.0	10724.793	0.1	False				False					nolight	0.0	nan	True	10727.685	False	2.0
10736.189	2.0	trials	no_tone					True	5.0	10737.189	0.01	False					nolight	0.0	nan	False		False	5.0
10746.82	2.0	trials	nogo_tone	4000.0	80.0	10746.82	0.1	False				False					nolight	0.0	nan	False		False	4.0
10758.2	2.0	trials	go_tone	8000.0	80.0	10758.2	0.1	True	5.0	10759.2	0.01	False					nolight	0.0	nan	False		False	1.0
10768.76	2.0	trials	nogo_tone	4000.0	80.0	10768.76	0.1	False				False					nolight	0.0	nan	False		False	4.0
10780.23	2.0	trials	no_tone					True	5.0	10781.23	0.01	False					nolight	0.0	nan	False		False	5.0
10791.214	2.0	trials	go_tone	8000.0	80.0	10791.214	0.1	False				False					nolight	0.0	nan	False		False	2.0
10801.793	2.0	trials	go_tone	8000.0	80.0	10801.793	0.1	True	5.0	10802.793	0.01	True	100.0	12.0	10802.743	10803.092999999999	whisker	350.0	wS1	True	10804.217999999999	True	1.0
10819.221	2.0	trials	go_tone	8000.0	80.0	10819.221	0.1	True	5.0	10820.221	0.01	True	100.0	12.0	10820.171	10820.520999999999	whisker	350.0	wS1	True	10822.073999999999	False	1.0
10829.961	2.0	trials	nogo_tone	4000.0	80.0	10829.961	0.1	False				False					nolight	0.0	nan	False		False	4.0
10840.631	2.0	trials	go_tone	8000.0	80.0	10840.631	0.1	False				False					nolight	0.0	nan	False		False	2.0
10851.552	2.0	trials	no_tone					True	5.0	10852.552	0.01	False					nolight	0.0	nan	False		False	5.0
10862.572	2.0	trials	go_tone	8000.0	80.0	10862.572	0.1	False				True	100.0	12.0	10863.522	10863.872	whisker	350.0	wS1	True	10864.552	True	2.0
10879.562	2.0	trials	go_tone	8000.0	80.0	10879.562	0.1	False				True	100.0	12.0	10880.512	10880.862	whisker	350.0	wS1	False		False	2.0
10891.042	2.0	trials	nogo_tone	4000.0	80.0	10891.042	0.1	False				True	100.0	12.0	10891.992	10892.341999999999	whisker	350.0	wS1	False		False	4.0
10902.162	2.0	trials	nogo_tone	4000.0	80.0	10902.162	0.1	True	5.0	10903.162	0.01	True	100.0	12.0	10903.112000000001	10903.462	whisker	350.0	wS1	False		False	3.0
10913.403	2.0	trials	go_tone	8000.0	80.0	10913.403	0.1	False				False					nolight	0.0	nan	False		False	2.0
10924.213	2.0	trials	nogo_tone	4000.0	80.0	10924.213	0.1	False				True	100.0	12.0	10925.163	10925.512999999999	whisker	350.0	wS1	False		False	4.0
10935.043	2.0	trials	go_tone	8000.0	80.0	10935.043	0.1	False				False					nolight	0.0	nan	False		False	2.0
10946.153	2.0	trials	go_tone	8000.0	80.0	10946.153	0.1	True	5.0	10947.153	0.01	False					nolight	0.0	nan	False		False	1.0
10957.713	2.0	trials	nogo_tone	4000.0	80.0	10957.713	0.1	True	5.0	10958.713	0.01	True	100.0	12.0	10958.663	10959.012999999999	whisker	350.0	wS1	False		False	3.0
10968.284	2.0	trials	nogo_tone	4000.0	80.0	10968.284	0.1	False				False					nolight	0.0	nan	True	10969.708	True	4.0
10984.714	2.0	trials	nogo_tone	4000.0	80.0	10984.714	0.1	False				False					nolight	0.0	nan	False		False	4.0
10995.295	2.0	trials	go_tone	8000.0	80.0	10995.295	0.1	True	5.0	10996.295	0.01	False					nolight	0.0	nan	False		False	1.0
11006.614	2.0	trials	go_tone	8000.0	80.0	11006.614	0.1	True	5.0	11007.614	0.01	False					nolight	0.0	nan	False		False	1.0
11017.724	2.0	trials	no_tone					True	5.0	11018.724	0.01	True	100.0	12.0	11018.674	11019.024	whisker	350.0	wS1	False		False	5.0
11028.395	2.0	trials	no_tone					True	5.0	11029.395	0.01	False					nolight	0.0	nan	False		False	5.0
11039.025	2.0	trials	go_tone	8000.0	80.0	11039.025	0.1	True	5.0	11040.025	0.01	False					nolight	0.0	nan	False		False	1.0
11050.015	2.0	trials	go_tone	8000.0	80.0	11050.015	0.1	False				True	100.0	12.0	11050.965	11051.314999999999	whisker	350.0	wS1	False		False	2.0
11061.025	2.0	trials	no_tone					True	5.0	11062.025	0.01	False					nolight	0.0	nan	False		False	5.0
11072.565	2.0	trials	nogo_tone	4000.0	80.0	11072.565	0.1	True	5.0	11073.565	0.01	False					nolight	0.0	nan	False		False	3.0
11083.375	2.0	trials	go_tone	8000.0	80.0	11083.375	0.1	True	5.0	11084.375	0.01	True	100.0	12.0	11084.325	11084.675	whisker	350.0	wS1	False		False	1.0
11093.976	2.0	trials	nogo_tone	4000.0	80.0	11093.976	0.1	True	5.0	11094.976	0.01	False					nolight	0.0	nan	False		False	3.0
11104.996	2.0	trials	no_tone					True	5.0	11105.996	0.01	False					nolight	0.0	nan	False		False	5.0
11116.376	2.0	trials	nogo_tone	4000.0	80.0	11116.376	0.1	True	5.0	11117.376	0.01	False					nolight	0.0	nan	False		False	3.0
11127.336	2.0	trials	nogo_tone	4000.0	80.0	11127.336	0.1	False				False					nolight	0.0	nan	False		False	4.0
11138.367	2.0	trials	no_tone					True	5.0	11139.367	0.01	True	100.0	12.0	11139.317000000001	11139.667	whisker	350.0	wS1	False		False	5.0
11149.077	2.0	trials	nogo_tone	4000.0	80.0	11149.077	0.1	False				False					nolight	0.0	nan	False		False	4.0
11160.187	2.0	trials	nogo_tone	4000.0	80.0	11160.187	0.1	True	5.0	11161.187	0.01	False					nolight	0.0	nan	False		False	3.0
11170.882	2.0	trials	go_tone	8000.0	80.0	11170.882	0.1	False				False					nolight	0.0	nan	True	11174.115	False	2.0
11181.668	2.0	trials	go_tone	8000.0	80.0	11181.668	0.1	True	5.0	11182.668	0.01	False					nolight	0.0	nan	True	11184.342999999999	False	1.0
11192.518	2.0	trials	go_tone	8000.0	80.0	11192.518	0.1	True	5.0	11193.518	0.01	True	100.0	12.0	11193.468	11193.818	whisker	350.0	wS1	True	11194.868	True	1.0
11209.868	2.0	trials	go_tone	8000.0	80.0	11209.868	0.1	True	5.0	11210.868	0.01	True	100.0	12.0	11210.818000000001	11211.168	whisker	350.0	wS1	True	11211.5	True	1.0
11226.508	2.0	trials	go_tone	8000.0	80.0	11226.508	0.1	True	5.0	11227.508	0.01	True	100.0	12.0	11227.458	11227.807999999999	whisker	350.0	wS1	True	11228.878	True	1.0
11243.879	2.0	trials	go_tone	8000.0	80.0	11243.879	0.1	True	5.0	11244.879	0.01	True	100.0	12.0	11244.829000000002	11245.179	whisker	350.0	wS1	True	11247.325	False	1.0
11255.318	2.0	trials	no_tone					True	5.0	11256.318	0.01	False					nolight	0.0	nan	False		False	5.0
11266.079	2.0	trials	go_tone	8000.0	80.0	11266.079	0.1	False				False					nolight	0.0	nan	True	11268.863	False	2.0
11277.419	2.0	trials	go_tone	8000.0	80.0	11277.419	0.1	False				False					nolight	0.0	nan	False		False	2.0
11288.82	2.0	trials	go_tone	8000.0	80.0	11288.82	0.1	False				False					nolight	0.0	nan	False		False	2.0
11300.239	2.0	trials	go_tone	8000.0	80.0	11300.239	0.1	True	5.0	11301.239	0.01	True	100.0	12.0	11301.189	11301.538999999999	whisker	350.0	wS1	False		False	1.0
11310.809	2.0	trials	nogo_tone	4000.0	80.0	11310.809	0.1	False				False					nolight	0.0	nan	False		False	4.0
11321.7	2.0	trials	nogo_tone	4000.0	80.0	11321.7	0.1	True	5.0	11322.7	0.01	False					nolight	0.0	nan	False		False	3.0
11332.7	2.0	trials	go_tone	8000.0	80.0	11332.7	0.1	True	5.0	11333.7	0.01	False					nolight	0.0	nan	True	11335.42	False	1.0
11344.19	2.0	trials	nogo_tone	4000.0	80.0	11344.19	0.1	False				False					nolight	0.0	nan	False		False	4.0
11355.24	2.0	trials	no_tone					True	5.0	11356.24	0.01	False					nolight	0.0	nan	False		False	5.0
11366.061	2.0	trials	go_tone	8000.0	80.0	11366.061	0.1	False				True	100.0	12.0	11367.011	11367.360999999999	whisker	350.0	wS1	False		False	2.0
11377.071	2.0	trials	no_tone					True	5.0	11378.071	0.01	False					nolight	0.0	nan	False		False	5.0
11388.161	2.0	trials	nogo_tone	4000.0	80.0	11388.161	0.1	True	5.0	11389.161	0.01	False					nolight	0.0	nan	False		False	3.0
11399.131	2.0	trials	go_tone	8000.0	80.0	11399.131	0.1	True	5.0	11400.131	0.01	False					nolight	0.0	nan	True	11401.831999999999	False	1.0
11410.061	2.0	trials	nogo_tone	4000.0	80.0	11410.061	0.1	True	5.0	11411.061	0.01	False					nolight	0.0	nan	False		False	3.0
11420.722	2.0	trials	no_tone					True	5.0	11421.722	0.01	True	100.0	12.0	11421.672	11422.021999999999	whisker	350.0	wS1	False		False	5.0
11432.152	2.0	trials	nogo_tone	4000.0	80.0	11432.152	0.1	False				False					nolight	0.0	nan	False		False	4.0
11443.592	2.0	trials	go_tone	8000.0	80.0	11443.592	0.1	False				True	100.0	12.0	11444.542000000001	11444.892	whisker	350.0	wS1	False		False	2.0
11454.912	2.0	trials	go_tone	8000.0	80.0	11454.912	0.1	True	5.0	11455.912	0.01	False					nolight	0.0	nan	False		False	1.0
11466.113	2.0	trials	nogo_tone	4000.0	80.0	11466.113	0.1	False				False					nolight	0.0	nan	False		False	4.0
11476.803	2.0	trials	nogo_tone	4000.0	80.0	11476.803	0.1	True	5.0	11477.803	0.01	True	100.0	12.0	11477.753	11478.103	whisker	350.0	wS1	False		False	3.0
11488.113	2.0	trials	no_tone					True	5.0	11489.113	0.01	False					nolight	0.0	nan	False		False	5.0
11498.913	2.0	trials	nogo_tone	4000.0	80.0	11498.913	0.1	True	5.0	11499.913	0.01	True	100.0	12.0	11499.863000000001	11500.213	whisker	350.0	wS1	False		False	3.0
11509.773	2.0	trials	nogo_tone	4000.0	80.0	11509.773	0.1	False				True	100.0	12.0	11510.723	11511.072999999999	whisker	350.0	wS1	False		False	4.0
11521.003	2.0	trials	no_tone					True	5.0	11522.003	0.01	True	100.0	12.0	11521.953000000001	11522.303	whisker	350.0	wS1	False		False	5.0
11532.523	2.0	trials	nogo_tone	4000.0	80.0	11532.523	0.1	True	5.0	11533.523	0.01	False					nolight	0.0	nan	False		False	3.0
11543.254	2.0	trials	nogo_tone	4000.0	80.0	11543.254	0.1	False				True	100.0	12.0	11544.204000000002	11544.554	whisker	350.0	wS1	False		False	4.0
11553.904	2.0	trials	go_tone	8000.0	80.0	11553.904	0.1	False				False					nolight	0.0	nan	False		False	2.0
11565.464	2.0	trials	no_tone					True	5.0	11566.464	0.01	True	100.0	12.0	11566.414	11566.764	whisker	350.0	wS1	False		False	5.0
11576.504	2.0	trials	go_tone	8000.0	80.0	11576.504	0.1	True	5.0	11577.504	0.01	False					nolight	0.0	nan	True	11579.198	False	1.0
11587.825	2.0	trials	nogo_tone	4000.0	80.0	11587.825	0.1	True	5.0	11588.825	0.01	False					nolight	0.0	nan	False		False	3.0
11598.495	2.0	trials	no_tone					True	5.0	11599.495	0.01	True	100.0	12.0	11599.445000000002	11599.795	whisker	350.0	wS1	False		False	5.0
11609.775	2.0	trials	no_tone					True	5.0	11610.775	0.01	False					nolight	0.0	nan	False		False	5.0
11620.425	2.0	trials	go_tone	8000.0	80.0	11620.425	0.1	True	5.0	11621.425	0.01	False					nolight	0.0	nan	True	11623.039999999999	False	1.0
11631.555	2.0	trials	nogo_tone	4000.0	80.0	11631.555	0.1	True	5.0	11632.555	0.01	True	100.0	12.0	11632.505000000001	11632.855	whisker	350.0	wS1	False		False	3.0
11642.245	2.0	trials	go_tone	8000.0	80.0	11642.245	0.1	True	5.0	11643.245	0.01	False					nolight	0.0	nan	True	11644.968	False	1.0
11653.785	2.0	trials	no_tone					True	5.0	11654.785	0.01	False					nolight	0.0	nan	False		False	5.0
11665.186	2.0	trials	nogo_tone	4000.0	80.0	11665.186	0.1	True	5.0	11666.186	0.01	False					nolight	0.0	nan	False		False	3.0
11675.836	2.0	trials	nogo_tone	4000.0	80.0	11675.836	0.1	False				False					nolight	0.0	nan	False		False	4.0
11687.226	2.0	trials	nogo_tone	4000.0	80.0	11687.226	0.1	True	5.0	11688.226	0.01	False					nolight	0.0	nan	False		False	3.0
11698.216	2.0	trials	nogo_tone	4000.0	80.0	11698.216	0.1	False				True	100.0	12.0	11699.166000000001	11699.516	whisker	350.0	wS1	False		False	4.0
11709.623	2.0	trials	nogo_tone	4000.0	80.0	11709.623	0.1	False				False					nolight	0.0	nan	False		False	4.0
11721.057	2.0	trials	go_tone	8000.0	80.0	11721.057	0.1	False				True	100.0	12.0	11722.007000000001	11722.357	whisker	350.0	wS1	False		False	2.0
11732.047	2.0	trials	nogo_tone	4000.0	80.0	11732.047	0.1	True	5.0	11733.047	0.01	True	100.0	12.0	11732.997000000001	11733.347	whisker	350.0	wS1	False		False	3.0
11743.547	2.0	trials	nogo_tone	4000.0	80.0	11743.547	0.1	False				True	100.0	12.0	11744.497000000001	11744.847	whisker	350.0	wS1	False		False	4.0
11754.887	2.0	trials	go_tone	8000.0	80.0	11754.887	0.1	True	5.0	11755.887	0.01	True	100.0	12.0	11755.837000000001	11756.187	whisker	350.0	wS1	True	11757.237000000001	True	1.0
11772.248	2.0	trials	go_tone	8000.0	80.0	11772.248	0.1	True	5.0	11773.248	0.01	True	100.0	12.0	11773.198	11773.547999999999	whisker	350.0	wS1	False		False	1.0
11783.188	2.0	trials	go_tone	8000.0	80.0	11783.188	0.1	False				True	100.0	12.0	11784.138	11784.488	whisker	350.0	wS1	False		False	2.0
11794.258	2.0	trials	go_tone	8000.0	80.0	11794.258	0.1	False				False					nolight	0.0	nan	False		False	2.0
11804.938	2.0	trials	nogo_tone	4000.0	80.0	11804.938	0.1	False				False					nolight	0.0	nan	False		False	4.0
11815.815	2.0	trials	go_tone	8000.0	80.0	11815.815	0.1	False				False					nolight	0.0	nan	False		False	2.0
11826.659	2.0	trials	no_tone					True	5.0	11827.659	0.01	False					nolight	0.0	nan	False		False	5.0
11838.129	2.0	trials	go_tone	8000.0	80.0	11838.129	0.1	True	5.0	11839.129	0.01	True	100.0	12.0	11839.079000000002	11839.429	whisker	350.0	wS1	True	11840.984	False	1.0
11849.619	2.0	trials	go_tone	8000.0	80.0	11849.619	0.1	False				False					nolight	0.0	nan	False		False	2.0
11860.719	2.0	trials	go_tone	8000.0	80.0	11860.719	0.1	True	5.0	11861.719	0.01	False					nolight	0.0	nan	True	11863.341999999999	False	1.0
11872.229	2.0	trials	nogo_tone	4000.0	80.0	11872.229	0.1	True	5.0	11873.229	0.01	False					nolight	0.0	nan	False		False	3.0
11883.699	2.0	trials	no_tone					True	5.0	11884.699	0.01	False					nolight	0.0	nan	False		False	5.0
11895.04	2.0	trials	nogo_tone	4000.0	80.0	11895.04	0.1	False				False					nolight	0.0	nan	False		False	4.0
11905.84	2.0	trials	go_tone	8000.0	80.0	11905.84	0.1	False				False					nolight	0.0	nan	True	11908.39	True	2.0
11923.39	2.0	trials	go_tone	8000.0	80.0	11923.39	0.1	False				False					nolight	0.0	nan	True	11926.850999999999	False	2.0
11950.931	2.0	trials	nogo_tone	4000.0	80.0	11950.931	0.1	False				False					nolight	0.0	nan	False		False	4.0
11961.971	2.0	trials	go_tone	8000.0	80.0	11961.971	0.1	True	5.0	11962.971	0.01	True	100.0	12.0	11962.921	11963.270999999999	whisker	350.0	wS1	True	11964.421	True	1.0
11979.422	2.0	trials	go_tone	8000.0	80.0	11979.422	0.1	True	5.0	11980.422	0.01	True	100.0	12.0	11980.372000000001	11980.722	whisker	350.0	wS1	True	11982.191	False	1.0
11990.171	2.0	trials	go_tone	8000.0	80.0	11990.171	0.1	False				False					nolight	0.0	nan	True	11992.993	False	2.0
12017.472	2.0	trials	nogo_tone	4000.0	80.0	12017.472	0.1	True	5.0	12018.472	0.01	True	100.0	12.0	12018.422	12018.771999999999	whisker	350.0	wS1	True	12020.194	False	3.0
12044.606	2.0	trials	nogo_tone	4000.0	80.0	12044.606	0.1	True	5.0	12045.606	0.01	False					nolight	0.0	nan	False		False	3.0
12055.483	2.0	trials	go_tone	8000.0	80.0	12055.483	0.1	False				True	100.0	12.0	12056.433	12056.783	whisker	350.0	wS1	False		False	2.0
12066.413	2.0	trials	nogo_tone	4000.0	80.0	12066.413	0.1	False				False					nolight	0.0	nan	False		False	4.0
12077.703	2.0	trials	go_tone	8000.0	80.0	12077.703	0.1	True	5.0	12078.703	0.01	False					nolight	0.0	nan	True	12080.425	False	1.0
12088.383	2.0	trials	nogo_tone	4000.0	80.0	12088.383	0.1	True	5.0	12089.383	0.01	True	100.0	12.0	12089.333	12089.682999999999	whisker	350.0	wS1	False		False	3.0
12099.103	2.0	trials	nogo_tone	4000.0	80.0	12099.103	0.1	False				True	100.0	12.0	12100.053	12100.402999999998	whisker	350.0	wS1	False		False	4.0
12110.208	2.0	trials	go_tone	8000.0	80.0	12110.208	0.1	False				False					nolight	0.0	nan	True	12112.864000000001	False	2.0
12137.754	2.0	trials	go_tone	8000.0	80.0	12137.754	0.1	False				False					nolight	0.0	nan	True	12140.214	True	2.0
12155.224	2.0	trials	go_tone	8000.0	80.0	12155.224	0.1	False				False					nolight	0.0	nan	False		False	2.0
12165.968	2.0	trials	go_tone	8000.0	80.0	12165.968	0.1	True	5.0	12166.968	0.01	True	100.0	12.0	12166.918000000001	12167.268	whisker	350.0	wS1	True	12168.732	False	1.0
12177.146	2.0	trials	nogo_tone	4000.0	80.0	12177.146	0.1	False				True	100.0	12.0	12178.096000000001	12178.446	whisker	350.0	wS1	False		False	4.0
12188.085	2.0	trials	no_tone					True	5.0	12189.085	0.01	False					nolight	0.0	nan	False		False	5.0
12199.095	2.0	trials	no_tone					True	5.0	12200.095	0.01	False					nolight	0.0	nan	False		False	5.0
12209.765	2.0	trials	no_tone					True	5.0	12210.765	0.01	False					nolight	0.0	nan	False		False	5.0
12221.005	2.0	trials	go_tone	8000.0	80.0	12221.005	0.1	False				False					nolight	0.0	nan	True	12224.027	False	2.0
12247.696	2.0	trials	go_tone	8000.0	80.0	12247.696	0.1	True	5.0	12248.696	0.01	False					nolight	0.0	nan	True	12250.367	False	1.0
12258.536	2.0	trials	nogo_tone	4000.0	80.0	12258.536	0.1	False				False					nolight	0.0	nan	False		False	4.0
12269.146	2.0	trials	no_tone					True	5.0	12270.146	0.01	False					nolight	0.0	nan	False		False	5.0
12280.647	2.0	trials	go_tone	8000.0	80.0	12280.647	0.1	True	5.0	12281.647	0.01	False					nolight	0.0	nan	True	12282.997000000001	True	1.0
12297.997	2.0	trials	go_tone	8000.0	80.0	12297.997	0.1	True	5.0	12298.997	0.01	False					nolight	0.0	nan	True	12300.696	False	1.0
12308.807	2.0	trials	no_tone					True	5.0	12309.807	0.01	True	100.0	12.0	12309.757000000001	12310.107	whisker	350.0	wS1	False		False	5.0
12319.877	2.0	trials	go_tone	8000.0	80.0	12319.877	0.1	False				True	100.0	12.0	12320.827000000001	12321.177	whisker	350.0	wS1	True	12322.403	True	2.0
12337.408	2.0	trials	go_tone	8000.0	80.0	12337.408	0.1	False				True	100.0	12.0	12338.358	12338.707999999999	whisker	350.0	wS1	True	12340.003999999999	False	2.0
12364.048	2.0	trials	nogo_tone	4000.0	80.0	12364.048	0.1	False				False					nolight	0.0	nan	False		False	4.0
12375.358	2.0	trials	nogo_tone	4000.0	80.0	12375.358	0.1	True	5.0	12376.358	0.01	False					nolight	0.0	nan	False		False	3.0
12386.708	2.0	trials	go_tone	8000.0	80.0	12386.708	0.1	True	5.0	12387.708	0.01	False					nolight	0.0	nan	True	12389.359	False	1.0
12398.209	2.0	trials	nogo_tone	4000.0	80.0	12398.209	0.1	True	5.0	12399.209	0.01	False					nolight	0.0	nan	False		False	3.0
12409.519	2.0	trials	nogo_tone	4000.0	80.0	12409.519	0.1	True	5.0	12410.519	0.01	False					nolight	0.0	nan	False		False	3.0
12420.879	2.0	trials	no_tone					True	5.0	12421.879	0.01	True	100.0	12.0	12421.829000000002	12422.179	whisker	350.0	wS1	False		False	5.0
12432.029	2.0	trials	go_tone	8000.0	80.0	12432.029	0.1	False				False					nolight	0.0	nan	True	12435.007	False	2.0
12459.51	2.0	trials	nogo_tone	4000.0	80.0	12459.51	0.1	True	5.0	12460.51	0.01	True	100.0	12.0	12460.460000000001	12460.81	whisker	350.0	wS1	True	12462.195	False	3.0
12486.34	2.0	trials	no_tone					True	5.0	12487.34	0.01	False					nolight	0.0	nan	False		False	5.0
12497.86	2.0	trials	no_tone					True	5.0	12498.86	0.01	False					nolight	0.0	nan	False		False	5.0
12508.727	2.0	trials	nogo_tone	4000.0	80.0	12508.727	0.1	True	5.0	12509.727	0.01	False					nolight	0.0	nan	False		False	3.0
12519.361	2.0	trials	no_tone					True	5.0	12520.361	0.01	True	100.0	12.0	12520.311000000002	12520.661	whisker	350.0	wS1	False		False	5.0
12530.061	2.0	trials	nogo_tone	4000.0	80.0	12530.061	0.1	False				False					nolight	0.0	nan	False		False	4.0
12541.551	2.0	trials	no_tone					True	5.0	12542.551	0.01	True	100.0	12.0	12542.501	12542.850999999999	whisker	350.0	wS1	False		False	5.0
12552.531	2.0	trials	go_tone	8000.0	80.0	12552.531	0.1	True	5.0	12553.531	0.01	True	100.0	12.0	12553.481000000002	12553.831	whisker	350.0	wS1	True	12554.921	True	1.0
12569.922	2.0	trials	go_tone	8000.0	80.0	12569.922	0.1	True	5.0	12570.922	0.01	True	100.0	12.0	12570.872000000001	12571.222	whisker	350.0	wS1	True	12573.305	False	1.0
12581.052	2.0	trials	nogo_tone	4000.0	80.0	12581.052	0.1	True	5.0	12582.052	0.01	False					nolight	0.0	nan	False		False	3.0
12592.422	2.0	trials	go_tone	8000.0	80.0	12592.422	0.1	True	5.0	12593.422	0.01	False					nolight	0.0	nan	False		False	1.0
12603.752	2.0	trials	go_tone	8000.0	80.0	12603.752	0.1	True	5.0	12604.752	0.01	False					nolight	0.0	nan	False		False	1.0
12614.432	2.0	trials	go_tone	8000.0	80.0	12614.432	0.1	True	5.0	12615.432	0.01	False					nolight	0.0	nan	True	12616.912	True	1.0
12631.913	2.0	trials	go_tone	8000.0	80.0	12631.913	0.1	True	5.0	12632.913	0.01	False					nolight	0.0	nan	False		False	1.0
12642.963	2.0	trials	nogo_tone	4000.0	80.0	12642.963	0.1	True	5.0	12643.963	0.01	False					nolight	0.0	nan	False		False	3.0
12654.523	2.0	trials	go_tone	8000.0	80.0	12654.523	0.1	False				False					nolight	0.0	nan	True	12656.955	True	2.0
12671.963	2.0	trials	go_tone	8000.0	80.0	12671.963	0.1	False				False					nolight	0.0	nan	True	12675.185	False	2.0
12699.054	2.0	trials	go_tone	8000.0	80.0	12699.054	0.1	False				True	100.0	12.0	12700.004	12700.354	whisker	350.0	wS1	False		False	2.0
12710.064	2.0	trials	nogo_tone	4000.0	80.0	12710.064	0.1	False				False					nolight	0.0	nan	False		False	4.0
12721.244	2.0	trials	nogo_tone	4000.0	80.0	12721.244	0.1	False				False					nolight	0.0	nan	False		False	4.0
12731.865	2.0	trials	nogo_tone	4000.0	80.0	12731.865	0.1	False				True	100.0	12.0	12732.815	12733.164999999999	whisker	350.0	wS1	False		False	4.0
12742.731	2.0	trials	no_tone					True	5.0	12743.731	0.01	False					nolight	0.0	nan	False		False	5.0
12753.675	2.0	trials	go_tone	8000.0	80.0	12753.675	0.1	False				True	100.0	12.0	12754.625	12754.974999999999	whisker	350.0	wS1	True	12756.595	False	2.0
12780.596	2.0	trials	go_tone	8000.0	80.0	12780.596	0.1	True	5.0	12781.596	0.01	False					nolight	0.0	nan	True	12783.122	True	1.0
12798.126	2.0	trials	go_tone	8000.0	80.0	12798.126	0.1	True	5.0	12799.126	0.01	False					nolight	0.0	nan	True	12800.895	False	1.0
12809.106	2.0	trials	go_tone	8000.0	80.0	12809.106	0.1	False				False					nolight	0.0	nan	False		False	2.0
12819.856	2.0	trials	nogo_tone	4000.0	80.0	12819.856	0.1	False				False					nolight	0.0	nan	False		False	4.0
12830.896	2.0	trials	nogo_tone	4000.0	80.0	12830.896	0.1	True	5.0	12831.896	0.01	True	100.0	12.0	12831.846000000001	12832.196	whisker	350.0	wS1	False		False	3.0
12842.366	2.0	trials	nogo_tone	4000.0	80.0	12842.366	0.1	True	5.0	12843.366	0.01	False					nolight	0.0	nan	False		False	3.0
12853.517	2.0	trials	go_tone	8000.0	80.0	12853.517	0.1	False				False					nolight	0.0	nan	False		False	2.0
12864.407	2.0	trials	go_tone	8000.0	80.0	12864.407	0.1	True	5.0	12865.407	0.01	True	100.0	12.0	12865.357	12865.706999999999	whisker	350.0	wS1	False		False	1.0
12875.857	2.0	trials	no_tone					True	5.0	12876.857	0.01	False					nolight	0.0	nan	False		False	5.0
12887.057	2.0	trials	nogo_tone	4000.0	80.0	12887.057	0.1	False				True	100.0	12.0	12888.007000000001	12888.357	whisker	350.0	wS1	False		False	4.0
12897.957	2.0	trials	no_tone					True	5.0	12898.957	0.01	False					nolight	0.0	nan	False		False	5.0
12909.038	2.0	trials	go_tone	8000.0	80.0	12909.038	0.1	False				True	100.0	12.0	12909.988000000001	12910.338	whisker	350.0	wS1	False		False	2.0
12919.608	2.0	trials	go_tone	8000.0	80.0	12919.608	0.1	False				False					nolight	0.0	nan	False		False	2.0
12930.968	2.0	trials	nogo_tone	4000.0	80.0	12930.968	0.1	True	5.0	12931.968	0.01	False					nolight	0.0	nan	False		False	3.0
12942.088	2.0	trials	go_tone	8000.0	80.0	12942.088	0.1	True	5.0	12943.088	0.01	False					nolight	0.0	nan	True	12944.822	False	1.0
12953.538	2.0	trials	go_tone	8000.0	80.0	12953.538	0.1	False				False					nolight	0.0	nan	False		False	2.0
12964.859	2.0	trials	nogo_tone	4000.0	80.0	12964.859	0.1	True	5.0	12965.859	0.01	False					nolight	0.0	nan	False		False	3.0
12976.349	2.0	trials	no_tone					True	5.0	12977.349	0.01	True	100.0	12.0	12977.299	12977.649	whisker	350.0	wS1	False		False	5.0
12987.399	2.0	trials	no_tone					True	5.0	12988.399	0.01	False					nolight	0.0	nan	False		False	5.0
12998.929	2.0	trials	go_tone	8000.0	80.0	12998.929	0.1	True	5.0	12999.929	0.01	False					nolight	0.0	nan	True	13001.079	True	1.0
13016.079	2.0	trials	go_tone	8000.0	80.0	13016.079	0.1	True	5.0	13017.079	0.01	False					nolight	0.0	nan	True	13018.742	False	1.0
13026.789	2.0	trials	nogo_tone	4000.0	80.0	13026.789	0.1	True	5.0	13027.789	0.01	False					nolight	0.0	nan	False		False	3.0
13037.66	2.0	trials	go_tone	8000.0	80.0	13037.66	0.1	False				True	100.0	12.0	13038.61	13038.96	whisker	350.0	wS1	True	13040.215	False	2.0
13065.03	2.0	trials	no_tone					True	5.0	13066.03	0.01	False					nolight	0.0	nan	False		False	5.0
13076.022	2.0	trials	nogo_tone	4000.0	80.0	13076.022	0.1	False				False					nolight	0.0	nan	False		False	4.0
13087.281	2.0	trials	no_tone					True	5.0	13088.281	0.01	True	100.0	12.0	13088.231000000002	13088.581	whisker	350.0	wS1	False		False	5.0
13097.971	2.0	trials	go_tone	8000.0	80.0	13097.971	0.1	True	5.0	13098.971	0.01	False					nolight	0.0	nan	True	13100.622	False	1.0
13108.791	2.0	trials	go_tone	8000.0	80.0	13108.791	0.1	True	5.0	13109.791	0.01	False					nolight	0.0	nan	True	13111.322	True	1.0
13126.331	2.0	trials	go_tone	8000.0	80.0	13126.331	0.1	True	5.0	13127.331	0.01	False					nolight	0.0	nan	True	13128.988	False	1.0
13137.082	2.0	trials	nogo_tone	4000.0	80.0	13137.082	0.1	True	5.0	13138.082	0.01	True	100.0	12.0	13138.032000000001	13138.382	whisker	350.0	wS1	False		False	3.0
13148.072	2.0	trials	nogo_tone	4000.0	80.0	13148.072	0.1	False				False					nolight	0.0	nan	False		False	4.0
13159.262	2.0	trials	go_tone	8000.0	80.0	13159.262	0.1	False				False					nolight	0.0	nan	False		False	2.0
13170.312	2.0	trials	nogo_tone	4000.0	80.0	13170.312	0.1	True	5.0	13171.312	0.01	False					nolight	0.0	nan	True	13172.837	True	3.0
13187.843	2.0	trials	nogo_tone	4000.0	80.0	13187.843	0.1	True	5.0	13188.843	0.01	False					nolight	0.0	nan	False		False	3.0
13198.533	2.0	trials	nogo_tone	4000.0	80.0	13198.533	0.1	False				True	100.0	12.0	13199.483	13199.832999999999	whisker	350.0	wS1	False		False	4.0
13209.263	2.0	trials	go_tone	8000.0	80.0	13209.263	0.1	True	5.0	13210.263	0.01	True	100.0	12.0	13210.213000000002	13210.563	whisker	350.0	wS1	True	13211.894	False	1.0
13220.133	2.0	trials	go_tone	8000.0	80.0	13220.133	0.1	True	5.0	13221.133	0.01	True	100.0	12.0	13221.083	13221.432999999999	whisker	350.0	wS1	True	13222.881	False	1.0
13231.174	2.0	trials	nogo_tone	4000.0	80.0	13231.174	0.1	False				False					nolight	0.0	nan	False		False	4.0
13242.113	2.0	trials	nogo_tone	4000.0	80.0	13242.113	0.1	True	5.0	13243.113	0.01	True	100.0	12.0	13243.063	13243.412999999999	whisker	350.0	wS1	False		False	3.0
13253.634	2.0	trials	nogo_tone	4000.0	80.0	13253.634	0.1	False				False					nolight	0.0	nan	False		False	4.0
13264.754	2.0	trials	nogo_tone	4000.0	80.0	13264.754	0.1	False				True	100.0	12.0	13265.704000000002	13266.054	whisker	350.0	wS1	False		False	4.0
13275.514	2.0	trials	go_tone	8000.0	80.0	13275.514	0.1	False				False					nolight	0.0	nan	True	13277.983999999999	True	2.0
13292.984	2.0	trials	go_tone	8000.0	80.0	13292.984	0.1	False				False					nolight	0.0	nan	True	13295.607	False	2.0
13320.475	2.0	trials	no_tone					True	5.0	13321.475	0.01	False					nolight	0.0	nan	False		False	5.0
13331.076	2.0	trials	go_tone	8000.0	80.0	13331.076	0.1	True	5.0	13332.076	0.01	False					nolight	0.0	nan	True	13333.574999999999	True	1.0
13348.575	2.0	trials	go_tone	8000.0	80.0	13348.575	0.1	True	5.0	13349.575	0.01	False					nolight	0.0	nan	True	13351.116	False	1.0
13360.045	2.0	trials	go_tone	8000.0	80.0	13360.045	0.1	True	5.0	13361.045	0.01	True	100.0	12.0	13360.995	13361.345	whisker	350.0	wS1	True	13362.804	False	1.0
13370.706	2.0	trials	nogo_tone	4000.0	80.0	13370.706	0.1	False				False					nolight	0.0	nan	False		False	4.0
13381.298	2.0	trials	no_tone					True	5.0	13382.298	0.01	True	100.0	12.0	13382.248000000001	13382.598	whisker	350.0	wS1	False		False	5.0
13392.426	2.0	trials	nogo_tone	4000.0	80.0	13392.426	0.1	True	5.0	13393.426	0.01	False					nolight	0.0	nan	False		False	3.0
13403.206	2.0	trials	go_tone	8000.0	80.0	13403.206	0.1	True	5.0	13404.206	0.01	False					nolight	0.0	nan	True	13405.737000000001	True	1.0
13420.746	2.0	trials	go_tone	8000.0	80.0	13420.746	0.1	True	5.0	13421.746	0.01	False					nolight	0.0	nan	True	13423.116	True	1.0
13438.117	2.0	trials	go_tone	8000.0	80.0	13438.117	0.1	True	5.0	13439.117	0.01	False					nolight	0.0	nan	True	13440.843	False	1.0
13449.017	2.0	trials	go_tone	8000.0	80.0	13449.017	0.1	True	5.0	13450.017	0.01	True	100.0	12.0	13449.967	13450.317	whisker	350.0	wS1	False		False	1.0
13459.951	2.0	trials	no_tone					True	5.0	13460.951	0.01	False					nolight	0.0	nan	False		False	5.0
13471.021	2.0	trials	go_tone	8000.0	80.0	13471.021	0.1	True	5.0	13472.021	0.01	False					nolight	0.0	nan	True	13473.813	False	1.0
13482.248	2.0	trials	no_tone					True	5.0	13483.248	0.01	False					nolight	0.0	nan	False		False	5.0
13493.808	2.0	trials	nogo_tone	4000.0	80.0	13493.808	0.1	False				True	100.0	12.0	13494.758000000002	13495.108	whisker	350.0	wS1	False		False	4.0
13504.608	2.0	trials	go_tone	8000.0	80.0	13504.608	0.1	False				True	100.0	12.0	13505.558	13505.908	whisker	350.0	wS1	True	13507.139000000001	True	2.0
13522.148	2.0	trials	go_tone	8000.0	80.0	13522.148	0.1	False				True	100.0	12.0	13523.098	13523.447999999999	whisker	350.0	wS1	True	13524.537999999999	True	2.0
13539.539	2.0	trials	go_tone	8000.0	80.0	13539.539	0.1	False				True	100.0	12.0	13540.489000000001	13540.839	whisker	350.0	wS1	True	13541.978000000001	True	2.0
13556.979	2.0	trials	go_tone	8000.0	80.0	13556.979	0.1	False				True	100.0	12.0	13557.929	13558.278999999999	whisker	350.0	wS1	True	13559.349	True	2.0
13574.35	2.0	trials	go_tone	8000.0	80.0	13574.35	0.1	False				True	100.0	12.0	13575.300000000001	13575.65	whisker	350.0	wS1	False		False	2.0
13614.73	2.0	trials	go_tone	8000.0	80.0	13614.73	0.1	False				False					nolight	0.0	nan	False		False	2.0
13626.16	2.0	trials	nogo_tone	4000.0	80.0	13626.16	0.1	False				True	100.0	12.0	13627.11	13627.46	whisker	350.0	wS1	False		False	4.0
13636.91	2.0	trials	no_tone					True	5.0	13637.91	0.01	False					nolight	0.0	nan	False		False	5.0
13648.47	2.0	trials	nogo_tone	4000.0	80.0	13648.47	0.1	True	5.0	13649.47	0.01	True	100.0	12.0	13649.42	13649.769999999999	whisker	350.0	wS1	False		False	3.0
13659.741	2.0	trials	no_tone					True	5.0	13660.741	0.01	True	100.0	12.0	13660.691	13661.041	whisker	350.0	wS1	False		False	5.0
13671.104	2.0	trials	go_tone	8000.0	80.0	13671.104	0.1	False				False					nolight	0.0	nan	True	13673.641	True	2.0
13688.651	2.0	trials	go_tone	8000.0	80.0	13688.651	0.1	False				False					nolight	0.0	nan	True	13690.921	True	2.0
13705.924	2.0	trials	go_tone	8000.0	80.0	13705.924	0.1	False				False					nolight	0.0	nan	True	13708.222000000002	True	2.0
13723.222	2.0	trials	go_tone	8000.0	80.0	13723.222	0.1	False				False					nolight	0.0	nan	True	13725.806999999999	False	2.0
13750.722	2.0	trials	nogo_tone	4000.0	80.0	13750.722	0.1	False				False					nolight	0.0	nan	False		False	4.0
13761.372	2.0	trials	nogo_tone	4000.0	80.0	13761.372	0.1	True	5.0	13762.372	0.01	False					nolight	0.0	nan	False		False	3.0
13772.282	2.0	trials	nogo_tone	4000.0	80.0	13772.282	0.1	True	5.0	13773.282	0.01	False					nolight	0.0	nan	False		False	3.0
13783.203	2.0	trials	go_tone	8000.0	80.0	13783.203	0.1	False				False					nolight	0.0	nan	True	13786.333999999999	False	2.0
13810.09	2.0	trials	go_tone	8000.0	80.0	13810.09	0.1	False				False					nolight	0.0	nan	True	13812.756	False	2.0
13837.654	2.0	trials	nogo_tone	4000.0	80.0	13837.654	0.1	True	5.0	13838.654	0.01	False					nolight	0.0	nan	True	13840.414	False	3.0
13865.064	2.0	trials	no_tone					True	5.0	13866.064	0.01	False					nolight	0.0	nan	False		False	5.0
13875.774	2.0	trials	nogo_tone	4000.0	80.0	13875.774	0.1	True	5.0	13876.774	0.01	True	100.0	12.0	13876.724	13877.073999999999	whisker	350.0	wS1	False		False	3.0
13886.945	2.0	trials	go_tone	8000.0	80.0	13886.945	0.1	True	5.0	13887.945	0.01	False					nolight	0.0	nan	True	13889.345	True	1.0
13904.355	2.0	trials	go_tone	8000.0	80.0	13904.355	0.1	True	5.0	13905.355	0.01	False					nolight	0.0	nan	True	13906.585	True	1.0
13921.595	2.0	trials	go_tone	8000.0	80.0	13921.595	0.1	True	5.0	13922.595	0.01	False					nolight	0.0	nan	True	13924.119999999999	True	1.0
13939.126	2.0	trials	go_tone	8000.0	80.0	13939.126	0.1	True	5.0	13940.126	0.01	False					nolight	0.0	nan	True	13941.808	False	1.0
13949.856	2.0	trials	go_tone	8000.0	80.0	13949.856	0.1	False				True	100.0	12.0	13950.806	13951.155999999999	whisker	350.0	wS1	True	13950.046	True	2.0
13965.046	2.0	trials	go_tone	8000.0	80.0	13965.046	0.1	False				True	100.0	12.0	13965.996000000001	13966.346	whisker	350.0	wS1	True	13967.446	True	2.0
13982.446	2.0	trials	go_tone	8000.0	80.0	13982.446	0.1	False				True	100.0	12.0	13983.396	13983.746	whisker	350.0	wS1	True	13984.917	True	2.0
13999.923	2.0	trials	go_tone	8000.0	80.0	13999.923	0.1	False				True	100.0	12.0	14000.873000000001	14001.223	whisker	350.0	wS1	True	14002.391000000001	True	2.0
14017.397	2.0	trials	go_tone	8000.0	80.0	14017.397	0.1	False				True	100.0	12.0	14018.347000000002	14018.697	whisker	350.0	wS1	True	14019.95	False	2.0
14044.037	2.0	trials	nogo_tone	4000.0	80.0	14044.037	0.1	False				False					nolight	0.0	nan	False		False	4.0
14055.348	2.0	trials	nogo_tone	4000.0	80.0	14055.348	0.1	False				False					nolight	0.0	nan	False		False	4.0
14066.898	2.0	trials	go_tone	8000.0	80.0	14066.898	0.1	True	5.0	14067.898	0.01	False					nolight	0.0	nan	True	14069.628999999999	False	1.0
14077.588	2.0	trials	go_tone	8000.0	80.0	14077.588	0.1	False				False					nolight	0.0	nan	True	14080.314	False	2.0
14105.009	2.0	trials	go_tone	8000.0	80.0	14105.009	0.1	False				True	100.0	12.0	14105.959	14106.309	whisker	350.0	wS1	True	14107.593	False	2.0
14132.099	2.0	trials	no_tone					True	5.0	14133.099	0.01	True	100.0	12.0	14133.049	14133.399	whisker	350.0	wS1	False		False	5.0
14143.159	2.0	trials	nogo_tone	4000.0	80.0	14143.159	0.1	False				True	100.0	12.0	14144.109	14144.458999999999	whisker	350.0	wS1	False		False	4.0
14154.139	2.0	trials	no_tone					True	5.0	14155.139	0.01	False					nolight	0.0	nan	False		False	5.0
14164.91	2.0	trials	nogo_tone	4000.0	80.0	14164.91	0.1	True	5.0	14165.91	0.01	True	100.0	12.0	14165.86	14166.21	whisker	350.0	wS1	True	14168.135	False	3.0
14191.6	2.0	trials	no_tone					True	5.0	14192.6	0.01	False					nolight	0.0	nan	False		False	5.0
14202.43	2.0	trials	go_tone	8000.0	80.0	14202.43	0.1	True	5.0	14203.43	0.01	True	100.0	12.0	14203.380000000001	14203.73	whisker	350.0	wS1	True	14204.971	True	1.0
14219.981	2.0	trials	go_tone	8000.0	80.0	14219.981	0.1	True	5.0	14220.981	0.01	True	100.0	12.0	14220.931	14221.280999999999	whisker	350.0	wS1	True	14222.371	True	1.0
14237.371	2.0	trials	go_tone	8000.0	80.0	14237.371	0.1	True	5.0	14238.371	0.01	True	100.0	12.0	14238.321	14238.670999999998	whisker	350.0	wS1	True	14240.054999999998	False	1.0
14248.797	2.0	trials	go_tone	8000.0	80.0	14248.797	0.1	False				False					nolight	0.0	nan	True	14251.161	True	2.0
14266.171	2.0	trials	go_tone	8000.0	80.0	14266.171	0.1	False				False					nolight	0.0	nan	False		False	2.0
14277.402	2.0	trials	no_tone					True	5.0	14278.402	0.01	False					nolight	0.0	nan	False		False	5.0
14288.462	2.0	trials	nogo_tone	4000.0	80.0	14288.462	0.1	False				False					nolight	0.0	nan	False		False	4.0
14299.822	2.0	trials	nogo_tone	4000.0	80.0	14299.822	0.1	True	5.0	14300.822	0.01	False					nolight	0.0	nan	False		False	3.0
14310.803	2.0	trials	go_tone	8000.0	80.0	14310.803	0.1	False				False					nolight	0.0	nan	False		False	2.0
14321.802	2.0	trials	nogo_tone	4000.0	80.0	14321.802	0.1	True	5.0	14322.802	0.01	False					nolight	0.0	nan	False		False	3.0
14332.713	2.0	trials	nogo_tone	4000.0	80.0	14332.713	0.1	False				False					nolight	0.0	nan	False		False	4.0
14343.883	2.0	trials	no_tone					True	5.0	14344.883	0.01	False					nolight	0.0	nan	False		False	5.0
14355.163	2.0	trials	nogo_tone	4000.0	80.0	14355.163	0.1	False				True	100.0	12.0	14356.113000000001	14356.463	whisker	350.0	wS1	False		False	4.0
14366.563	2.0	trials	no_tone					True	5.0	14367.563	0.01	True	100.0	12.0	14367.513	14367.863	whisker	350.0	wS1	False		False	5.0
14378.013	2.0	trials	nogo_tone	4000.0	80.0	14378.013	0.1	True	5.0	14379.013	0.01	True	100.0	12.0	14378.963000000002	14379.313	whisker	350.0	wS1	False		False	3.0
14388.794	2.0	trials	go_tone	8000.0	80.0	14388.794	0.1	False				True	100.0	12.0	14389.744	14390.094	whisker	350.0	wS1	True	14391.530999999999	False	2.0
14415.454	2.0	trials	go_tone	8000.0	80.0	14415.454	0.1	True	5.0	14416.454	0.01	False					nolight	0.0	nan	True	14418.121	False	1.0
14426.374	2.0	trials	go_tone	8000.0	80.0	14426.374	0.1	False				False					nolight	0.0	nan	True	14428.926	False	2.0
14453.445	2.0	trials	go_tone	8000.0	80.0	14453.445	0.1	True	5.0	14454.445	0.01	False					nolight	0.0	nan	True	14456.164999999999	False	1.0
14464.935	2.0	trials	go_tone	8000.0	80.0	14464.935	0.1	True	5.0	14465.935	0.01	False					nolight	0.0	nan	True	14467.591	False	1.0
14476.225	2.0	trials	go_tone	8000.0	80.0	14476.225	0.1	True	5.0	14477.225	0.01	True	100.0	12.0	14477.175000000001	14477.525	whisker	350.0	wS1	True	14478.725	True	1.0
14493.725	2.0	trials	go_tone	8000.0	80.0	14493.725	0.1	True	5.0	14494.725	0.01	True	100.0	12.0	14494.675000000001	14495.025	whisker	350.0	wS1	True	14496.156	True	1.0
14511.166	2.0	trials	go_tone	8000.0	80.0	14511.166	0.1	True	5.0	14512.166	0.01	True	100.0	12.0	14512.116	14512.465999999999	whisker	350.0	wS1	False		False	1.0
14522.526	2.0	trials	nogo_tone	4000.0	80.0	14522.526	0.1	False				False					nolight	0.0	nan	False		False	4.0
14533.656	2.0	trials	nogo_tone	4000.0	80.0	14533.656	0.1	True	5.0	14534.656	0.01	False					nolight	0.0	nan	False		False	3.0
14545.186	2.0	trials	nogo_tone	4000.0	80.0	14545.186	0.1	True	5.0	14546.186	0.01	False					nolight	0.0	nan	False		False	3.0
14556.727	2.0	trials	nogo_tone	4000.0	80.0	14556.727	0.1	False				False					nolight	0.0	nan	False		False	4.0
14567.697	2.0	trials	nogo_tone	4000.0	80.0	14567.697	0.1	True	5.0	14568.697	0.01	False					nolight	0.0	nan	False		False	3.0
14579.107	2.0	trials	go_tone	8000.0	80.0	14579.107	0.1	True	5.0	14580.107	0.01	True	100.0	12.0	14580.057	14580.407	whisker	350.0	wS1	False		False	1.0
14589.757	2.0	trials	go_tone	8000.0	80.0	14589.757	0.1	False				False					nolight	0.0	nan	False		False	2.0
14601.277	2.0	trials	nogo_tone	4000.0	80.0	14601.277	0.1	False				False					nolight	0.0	nan	False		False	4.0
14612.227	2.0	trials	no_tone					True	5.0	14613.227	0.01	False					nolight	0.0	nan	False		False	5.0
14623.668	2.0	trials	go_tone	8000.0	80.0	14623.668	0.1	True	5.0	14624.668	0.01	False					nolight	0.0	nan	False		False	1.0
14634.468	2.0	trials	go_tone	8000.0	80.0	14634.468	0.1	False				False					nolight	0.0	nan	False		False	2.0
14645.638	2.0	trials	go_tone	8000.0	80.0	14645.638	0.1	True	5.0	14646.638	0.01	False					nolight	0.0	nan	True	14648.166000000001	True	1.0
14663.168	2.0	trials	go_tone	8000.0	80.0	14663.168	0.1	True	5.0	14664.168	0.01	False					nolight	0.0	nan	False		False	1.0
14674.318	2.0	trials	go_tone	8000.0	80.0	14674.318	0.1	False				False					nolight	0.0	nan	False		False	2.0
14684.969	2.0	trials	nogo_tone	4000.0	80.0	14684.969	0.1	True	5.0	14685.969	0.01	False					nolight	0.0	nan	False		False	3.0
14695.999	2.0	trials	no_tone					True	5.0	14696.999	0.01	False					nolight	0.0	nan	False		False	5.0
14707.479	2.0	trials	go_tone	8000.0	80.0	14707.479	0.1	False				True	100.0	12.0	14708.429	14708.778999999999	whisker	350.0	wS1	False		False	2.0
14718.519	2.0	trials	go_tone	8000.0	80.0	14718.519	0.1	False				False					nolight	0.0	nan	False		False	2.0
14729.34	2.0	trials	nogo_tone	4000.0	80.0	14729.34	0.1	False				False					nolight	0.0	nan	False		False	4.0
14739.993	2.0	trials	nogo_tone	4000.0	80.0	14739.993	0.1	True	5.0	14740.993	0.01	True	100.0	12.0	14740.943000000001	14741.293	whisker	350.0	wS1	False		False	3.0
14751.03	2.0	trials	go_tone	8000.0	80.0	14751.03	0.1	False				False					nolight	0.0	nan	False		False	2.0
14761.97	2.0	trials	no_tone					True	5.0	14762.97	0.01	False					nolight	0.0	nan	False		False	5.0
14772.99	2.0	trials	no_tone					True	5.0	14773.99	0.01	True	100.0	12.0	14773.94	14774.289999999999	whisker	350.0	wS1	False		False	5.0
14784.01	2.0	trials	go_tone	8000.0	80.0	14784.01	0.1	True	5.0	14785.01	0.01	False					nolight	0.0	nan	True	14787.487000000001	False	1.0
14795.551	2.0	trials	nogo_tone	4000.0	80.0	14795.551	0.1	True	5.0	14796.551	0.01	False					nolight	0.0	nan	False		False	3.0
14806.161	2.0	trials	go_tone	8000.0	80.0	14806.161	0.1	False				True	100.0	12.0	14807.111	14807.461	whisker	350.0	wS1	False		False	2.0
14817.001	2.0	trials	go_tone	8000.0	80.0	14817.001	0.1	False				True	100.0	12.0	14817.951000000001	14818.301	whisker	350.0	wS1	False		False	2.0
14827.971	2.0	trials	go_tone	8000.0	80.0	14827.971	0.1	False				False					nolight	0.0	nan	False		False	2.0
14839.081	2.0	trials	no_tone					True	5.0	14840.081	0.01	False					nolight	0.0	nan	False		False	5.0
14849.922	2.0	trials	nogo_tone	4000.0	80.0	14849.922	0.1	True	5.0	14850.922	0.01	False					nolight	0.0	nan	False		False	3.0
14861.052	2.0	trials	no_tone					True	5.0	14862.052	0.01	True	100.0	12.0	14862.002	14862.351999999999	whisker	350.0	wS1	False		False	5.0
14871.652	2.0	trials	go_tone	8000.0	80.0	14871.652	0.1	True	5.0	14872.652	0.01	True	100.0	12.0	14872.602	14872.952	whisker	350.0	wS1	False		False	1.0
14883.102	2.0	trials	go_tone	8000.0	80.0	14883.102	0.1	True	5.0	14884.102	0.01	False					nolight	0.0	nan	False		False	1.0
14894.623	2.0	trials	nogo_tone	4000.0	80.0	14894.623	0.1	False				True	100.0	12.0	14895.573	14895.922999999999	whisker	350.0	wS1	False		False	4.0
14906.022	2.0	trials	nogo_tone	4000.0	80.0	14906.022	0.1	True	5.0	14907.022	0.01	True	100.0	12.0	14906.972000000002	14907.322	whisker	350.0	wS1	False		False	3.0
14916.973	2.0	trials	go_tone	8000.0	80.0	14916.973	0.1	False				False					nolight	0.0	nan	False		False	2.0
14928.473	2.0	trials	nogo_tone	4000.0	80.0	14928.473	0.1	True	5.0	14929.473	0.01	False					nolight	0.0	nan	False		False	3.0
14939.123	2.0	trials	nogo_tone	4000.0	80.0	14939.123	0.1	False				False					nolight	0.0	nan	False		False	4.0
14950.543	2.0	trials	go_tone	8000.0	80.0	14950.543	0.1	False				True	100.0	12.0	14951.493	14951.842999999999	whisker	350.0	wS1	False		False	2.0
14961.305	2.0	trials	go_tone	8000.0	80.0	14961.305	0.1	False				True	100.0	12.0	14962.255000000001	14962.605	whisker	350.0	wS1	False		False	2.0
14972.644	2.0	trials	no_tone					True	5.0	14973.644	0.01	False					nolight	0.0	nan	False		False	5.0
14983.694	2.0	trials	go_tone	8000.0	80.0	14983.694	0.1	True	5.0	14984.694	0.01	False					nolight	0.0	nan	False		False	1.0
14994.454	2.0	trials	nogo_tone	4000.0	80.0	14994.454	0.1	True	5.0	14995.454	0.01	True	100.0	12.0	14995.404	14995.753999999999	whisker	350.0	wS1	False		False	3.0
15005.524	2.0	trials	go_tone	8000.0	80.0	15005.524	0.1	True	5.0	15006.524	0.01	True	100.0	12.0	15006.474	15006.823999999999	whisker	350.0	wS1	False		False	1.0
15016.434	2.0	trials	go_tone	8000.0	80.0	15016.434	0.1	False				False					nolight	0.0	nan	False		False	2.0
15027.485	2.0	trials	go_tone	8000.0	80.0	15027.485	0.1	False				False					nolight	0.0	nan	False		False	2.0
15038.385	2.0	trials	no_tone					True	5.0	15039.385	0.01	False					nolight	0.0	nan	False		False	5.0
15049.085	2.0	trials	go_tone	8000.0	80.0	15049.085	0.1	True	5.0	15050.085	0.01	False					nolight	0.0	nan	True	15051.614	True	1.0
15066.615	2.0	trials	go_tone	8000.0	80.0	15066.615	0.1	True	5.0	15067.615	0.01	False					nolight	0.0	nan	True	15069.14	True	1.0
15084.146	2.0	trials	go_tone	8000.0	80.0	15084.146	0.1	True	5.0	15085.146	0.01	False					nolight	0.0	nan	True	15086.671	True	1.0
15101.676	2.0	trials	go_tone	8000.0	80.0	15101.676	0.1	True	5.0	15102.676	0.01	False					nolight	0.0	nan	False		False	1.0
15113.236	2.0	trials	go_tone	8000.0	80.0	15113.236	0.1	True	5.0	15114.236	0.01	False					nolight	0.0	nan	False		False	1.0
15124.187	2.0	trials	go_tone	8000.0	80.0	15124.187	0.1	False				False					nolight	0.0	nan	False		False	2.0
15134.877	2.0	trials	no_tone					True	5.0	15135.877	0.01	True	100.0	12.0	15135.827000000001	15136.177	whisker	350.0	wS1	False		False	5.0
15145.697	2.0	trials	go_tone	8000.0	80.0	15145.697	0.1	False				False					nolight	0.0	nan	False		False	2.0
15157.157	2.0	trials	nogo_tone	4000.0	80.0	15157.157	0.1	True	5.0	15158.157	0.01	False					nolight	0.0	nan	False		False	3.0
15167.937	2.0	trials	nogo_tone	4000.0	80.0	15167.937	0.1	True	5.0	15168.937	0.01	True	100.0	12.0	15168.887	15169.237	whisker	350.0	wS1	False		False	3.0
15178.694	2.0	trials	nogo_tone	4000.0	80.0	15178.694	0.1	False				True	100.0	12.0	15179.644	15179.993999999999	whisker	350.0	wS1	False		False	4.0
15190.078	2.0	trials	no_tone					True	5.0	15191.078	0.01	False					nolight	0.0	nan	False		False	5.0
15201.128	2.0	trials	go_tone	8000.0	80.0	15201.128	0.1	True	5.0	15202.128	0.01	True	100.0	12.0	15202.078000000001	15202.428	whisker	350.0	wS1	False		False	1.0
15211.968	2.0	trials	no_tone					True	5.0	15212.968	0.01	False					nolight	0.0	nan	False		False	5.0
15223.392	2.0	trials	nogo_tone	4000.0	80.0	15223.392	0.1	True	5.0	15224.392	0.01	False					nolight	0.0	nan	False		False	3.0
15234.938	2.0	trials	go_tone	8000.0	80.0	15234.938	0.1	True	5.0	15235.938	0.01	False					nolight	0.0	nan	False		False	1.0
15246.119	2.0	trials	nogo_tone	4000.0	80.0	15246.119	0.1	True	5.0	15247.119	0.01	False					nolight	0.0	nan	False		False	3.0
15256.769	2.0	trials	go_tone	8000.0	80.0	15256.769	0.1	False				False					nolight	0.0	nan	False		False	2.0
15267.799	2.0	trials	nogo_tone	4000.0	80.0	15267.799	0.1	False				False					nolight	0.0	nan	False		False	4.0
15278.419	2.0	trials	go_tone	8000.0	80.0	15278.419	0.1	False				True	100.0	12.0	15279.369	15279.719	whisker	350.0	wS1	False		False	2.0
15289.149	2.0	trials	no_tone					True	5.0	15290.149	0.01	True	100.0	12.0	15290.099	15290.448999999999	whisker	350.0	wS1	False		False	5.0
15300.659	2.0	trials	go_tone	8000.0	80.0	15300.659	0.1	True	5.0	15301.659	0.01	True	100.0	12.0	15301.609	15301.958999999999	whisker	350.0	wS1	False		False	1.0
15311.83	2.0	trials	go_tone	8000.0	80.0	15311.83	0.1	True	5.0	15312.83	0.01	False					nolight	0.0	nan	False		False	1.0
15323.35	2.0	trials	nogo_tone	4000.0	80.0	15323.35	0.1	True	5.0	15324.35	0.01	False					nolight	0.0	nan	False		False	3.0
15334.086	2.0	trials	nogo_tone	4000.0	80.0	15334.086	0.1	True	5.0	15335.086	0.01	False					nolight	0.0	nan	False		False	3.0
15345.31	2.0	trials	go_tone	8000.0	80.0	15345.31	0.1	False				False					nolight	0.0	nan	False		False	2.0
15356.12	2.0	trials	go_tone	8000.0	80.0	15356.12	0.1	False				True	100.0	12.0	15357.070000000002	15357.42	whisker	350.0	wS1	False		False	2.0
15367.151	2.0	trials	nogo_tone	4000.0	80.0	15367.151	0.1	True	5.0	15368.151	0.01	False					nolight	0.0	nan	False		False	3.0
15378.461	2.0	trials	go_tone	8000.0	80.0	15378.461	0.1	False				False					nolight	0.0	nan	False		False	2.0
15389.221	2.0	trials	nogo_tone	4000.0	80.0	15389.221	0.1	False				True	100.0	12.0	15390.171	15390.520999999999	whisker	350.0	wS1	False		False	4.0
15400.121	2.0	trials	no_tone					True	5.0	15401.121	0.01	True	100.0	12.0	15401.071	15401.420999999998	whisker	350.0	wS1	False		False	5.0
15410.765	2.0	trials	nogo_tone	4000.0	80.0	15410.765	0.1	False				False					nolight	0.0	nan	False		False	4.0
15421.721	2.0	trials	no_tone					True	5.0	15422.721	0.01	False					nolight	0.0	nan	False		False	5.0
15432.512	2.0	trials	nogo_tone	4000.0	80.0	15432.512	0.1	True	5.0	15433.512	0.01	True	100.0	12.0	15433.462000000001	15433.812	whisker	350.0	wS1	False		False	3.0
15443.442	2.0	trials	nogo_tone	4000.0	80.0	15443.442	0.1	True	5.0	15444.442	0.01	True	100.0	12.0	15444.392	15444.741999999998	whisker	350.0	wS1	False		False	3.0
15454.262	2.0	trials	no_tone					True	5.0	15455.262	0.01	False					nolight	0.0	nan	False		False	5.0
15465.122	2.0	trials	go_tone	8000.0	80.0	15465.122	0.1	False				False					nolight	0.0	nan	False		False	2.0
15476.302	2.0	trials	go_tone	8000.0	80.0	15476.302	0.1	False				True	100.0	12.0	15477.252	15477.601999999999	whisker	350.0	wS1	False		False	2.0
15487.673	2.0	trials	go_tone	8000.0	80.0	15487.673	0.1	True	5.0	15488.673	0.01	False					nolight	0.0	nan	False		False	1.0
15498.773	2.0	trials	go_tone	8000.0	80.0	15498.773	0.1	False				False					nolight	0.0	nan	False		False	2.0
15510.003	2.0	trials	no_tone					True	5.0	15511.003	0.01	False					nolight	0.0	nan	False		False	5.0
15520.874	2.0	trials	go_tone	8000.0	80.0	15520.874	0.1	True	5.0	15521.874	0.01	False					nolight	0.0	nan	False		False	1.0
15532.413	2.0	trials	go_tone	8000.0	80.0	15532.413	0.1	False				False					nolight	0.0	nan	False		False	2.0
15542.984	2.0	trials	go_tone	8000.0	80.0	15542.984	0.1	True	5.0	15543.984	0.01	True	100.0	12.0	15543.934000000001	15544.284	whisker	350.0	wS1	False		False	1.0
15553.884	2.0	trials	no_tone					True	5.0	15554.884	0.01	False					nolight	0.0	nan	False		False	5.0
15564.544	2.0	trials	nogo_tone	4000.0	80.0	15564.544	0.1	True	5.0	15565.544	0.01	False					nolight	0.0	nan	False		False	3.0
15575.254	2.0	trials	go_tone	8000.0	80.0	15575.254	0.1	False				True	100.0	12.0	15576.204000000002	15576.554	whisker	350.0	wS1	False		False	2.0
15586.344	2.0	trials	go_tone	8000.0	80.0	15586.344	0.1	False				False					nolight	0.0	nan	False		False	2.0
15597.695	2.0	trials	nogo_tone	4000.0	80.0	15597.695	0.1	False				False					nolight	0.0	nan	False		False	4.0
15608.675	2.0	trials	no_tone					True	5.0	15609.675	0.01	True	100.0	12.0	15609.625	15609.974999999999	whisker	350.0	wS1	False		False	5.0
15619.967	2.0	trials	go_tone	8000.0	80.0	15619.967	0.1	True	5.0	15620.967	0.01	False					nolight	0.0	nan	False		False	1.0
15630.955	2.0	trials	go_tone	8000.0	80.0	15630.955	0.1	False				True	100.0	12.0	15631.905	15632.255	whisker	350.0	wS1	False		False	2.0
15641.594	2.0	trials	go_tone	8000.0	80.0	15641.594	0.1	False				False					nolight	0.0	nan	False		False	2.0
15652.786	2.0	trials	no_tone					True	5.0	15653.786	0.01	False					nolight	0.0	nan	False		False	5.0
15663.576	2.0	trials	go_tone	8000.0	80.0	15663.576	0.1	False				False					nolight	0.0	nan	False		False	2.0
15674.824	2.0	trials	go_tone	8000.0	80.0	15674.824	0.1	True	5.0	15675.824	0.01	False					nolight	0.0	nan	False		False	1.0
15686.096	2.0	trials	go_tone	8000.0	80.0	15686.096	0.1	True	5.0	15687.096	0.01	True	100.0	12.0	15687.046	15687.395999999999	whisker	350.0	wS1	False		False	1.0
15697.506	2.0	trials	nogo_tone	4000.0	80.0	15697.506	0.1	True	5.0	15698.506	0.01	False					nolight	0.0	nan	False		False	3.0
15708.917	2.0	trials	nogo_tone	4000.0	80.0	15708.917	0.1	False				False					nolight	0.0	nan	False		False	4.0
15720.107	2.0	trials	no_tone					True	5.0	15721.107	0.01	True	100.0	12.0	15721.057	15721.407	whisker	350.0	wS1	False		False	5.0
15731.477	2.0	trials	nogo_tone	4000.0	80.0	15731.477	0.1	True	5.0	15732.477	0.01	True	100.0	12.0	15732.427000000001	15732.777	whisker	350.0	wS1	False		False	3.0
15742.887	2.0	trials	no_tone					True	5.0	15743.887	0.01	False					nolight	0.0	nan	False		False	5.0
15753.777	2.0	trials	go_tone	8000.0	80.0	15753.777	0.1	True	5.0	15754.777	0.01	True	100.0	12.0	15754.727	15755.077	whisker	350.0	wS1	False		False	1.0
15764.778	2.0	trials	go_tone	8000.0	80.0	15764.778	0.1	False				True	100.0	12.0	15765.728000000001	15766.078	whisker	350.0	wS1	False		False	2.0
15776.218	2.0	trials	go_tone	8000.0	80.0	15776.218	0.1	False				False					nolight	0.0	nan	False		False	2.0
15787.488	2.0	trials	no_tone					True	5.0	15788.488	0.01	True	100.0	12.0	15788.438	15788.787999999999	whisker	350.0	wS1	False		False	5.0
15798.438	2.0	trials	nogo_tone	4000.0	80.0	15798.438	0.1	True	5.0	15799.438	0.01	False					nolight	0.0	nan	False		False	3.0
15809.848	2.0	trials	go_tone	8000.0	80.0	15809.848	0.1	False				False					nolight	0.0	nan	False		False	2.0
15820.764	2.0	trials	go_tone	8000.0	80.0	15820.764	0.1	True	5.0	15821.764	0.01	False					nolight	0.0	nan	False		False	1.0
15831.909	2.0	trials	no_tone					True	5.0	15832.909	0.01	False					nolight	0.0	nan	False		False	5.0
15842.789	2.0	trials	no_tone					True	5.0	15843.789	0.01	False					nolight	0.0	nan	False		False	5.0
15853.909	2.0	trials	go_tone	8000.0	80.0	15853.909	0.1	False				False					nolight	0.0	nan	False		False	2.0
15864.749	2.0	trials	nogo_tone	4000.0	80.0	15864.749	0.1	True	5.0	15865.749	0.01	True	100.0	12.0	15865.699	15866.048999999999	whisker	350.0	wS1	False		False	3.0
15875.34	2.0	trials	go_tone	8000.0	80.0	15875.34	0.1	False				True	100.0	12.0	15876.29	15876.64	whisker	350.0	wS1	False		False	2.0
15886.6	2.0	trials	nogo_tone	4000.0	80.0	15886.6	0.1	True	5.0	15887.6	0.01	False					nolight	0.0	nan	False		False	3.0
15897.56	2.0	trials	go_tone	8000.0	80.0	15897.56	0.1	True	5.0	15898.56	0.01	False					nolight	0.0	nan	False		False	1.0
15908.67	2.0	trials	go_tone	8000.0	80.0	15908.67	0.1	True	5.0	15909.67	0.01	False					nolight	0.0	nan	False		False	1.0
15919.562	2.0	trials	go_tone	8000.0	80.0	15919.562	0.1	False				False					nolight	0.0	nan	False		False	2.0
15930.331	2.0	trials	nogo_tone	4000.0	80.0	15930.331	0.1	False				False					nolight	0.0	nan	False		False	4.0
15941.051	2.0	trials	nogo_tone	4000.0	80.0	15941.051	0.1	False				True	100.0	12.0	15942.001	15942.350999999999	whisker	350.0	wS1	False		False	4.0
15952.151	2.0	trials	nogo_tone	4000.0	80.0	15952.151	0.1	True	5.0	15953.151	0.01	False					nolight	0.0	nan	False		False	3.0
15963.201	2.0	trials	nogo_tone	4000.0	80.0	15963.201	0.1	True	5.0	15964.201	0.01	False					nolight	0.0	nan	False		False	3.0
15974.431	2.0	trials	nogo_tone	4000.0	80.0	15974.431	0.1	False				False					nolight	0.0	nan	False		False	4.0
15985.791	2.0	trials	go_tone	8000.0	80.0	15985.791	0.1	True	5.0	15986.791	0.01	False					nolight	0.0	nan	False		False	1.0
15996.922	2.0	trials	go_tone	8000.0	80.0	15996.922	0.1	False				False					nolight	0.0	nan	False		False	2.0
16008.222	2.0	trials	go_tone	8000.0	80.0	16008.222	0.1	False				False					nolight	0.0	nan	False		False	2.0
16018.962	2.0	trials	go_tone	8000.0	80.0	16018.962	0.1	False				False					nolight	0.0	nan	False		False	2.0
16029.612	2.0	trials	nogo_tone	4000.0	80.0	16029.612	0.1	True	5.0	16030.612	0.01	False					nolight	0.0	nan	False		False	3.0
16040.402	2.0	trials	nogo_tone	4000.0	80.0	16040.402	0.1	True	5.0	16041.402	0.01	True	100.0	12.0	16041.352	16041.702	whisker	350.0	wS1	False		False	3.0
16051.189	2.0	trials	nogo_tone	4000.0	80.0	16051.189	0.1	True	5.0	16052.189	0.01	True	100.0	12.0	16052.139000000001	16052.489	whisker	350.0	wS1	False		False	3.0
16062.143	2.0	trials	nogo_tone	4000.0	80.0	16062.143	0.1	False				False					nolight	0.0	nan	False		False	4.0
16104.413	2.0	trials	go_tone	8000.0	80.0	16104.413	0.1	False				True	100.0	12.0	16105.363000000001	16105.713	whisker	350.0	wS1	False		False	2.0
16115.064	2.0	trials	go_tone	8000.0	80.0	16115.064	0.1	False				False					nolight	0.0	nan	False		False	2.0
16125.774	2.0	trials	go_tone	8000.0	80.0	16125.774	0.1	False				True	100.0	12.0	16126.724	16127.073999999999	whisker	350.0	wS1	False		False	2.0
16136.854	2.0	trials	no_tone					True	5.0	16137.854	0.01	True	100.0	12.0	16137.804	16138.153999999999	whisker	350.0	wS1	False		False	5.0
16147.594	2.0	trials	nogo_tone	4000.0	80.0	16147.594	0.1	True	5.0	16148.594	0.01	False					nolight	0.0	nan	False		False	3.0
16158.344	2.0	trials	nogo_tone	4000.0	80.0	16158.344	0.1	False				True	100.0	12.0	16159.294	16159.643999999998	whisker	350.0	wS1	False		False	4.0
16169.115	2.0	trials	no_tone					True	5.0	16170.115	0.01	False					nolight	0.0	nan	False		False	5.0
16179.938	2.0	trials	no_tone					True	5.0	16180.938	0.01	True	100.0	12.0	16180.888	16181.238	whisker	350.0	wS1	False		False	5.0
16190.855	2.0	trials	nogo_tone	4000.0	80.0	16190.855	0.1	True	5.0	16191.855	0.01	False					nolight	0.0	nan	False		False	3.0
16201.955	2.0	trials	go_tone	8000.0	80.0	16201.955	0.1	False				False					nolight	0.0	nan	False		False	2.0
16213.486	2.0	trials	go_tone	8000.0	80.0	16213.486	0.1	True	5.0	16214.486	0.01	True	100.0	12.0	16214.436000000002	16214.786	whisker	350.0	wS1	False		False	1.0
16224.136	2.0	trials	go_tone	8000.0	80.0	16224.136	0.1	False				False					nolight	0.0	nan	False		False	2.0
16234.856	2.0	trials	go_tone	8000.0	80.0	16234.856	0.1	True	5.0	16235.856	0.01	False					nolight	0.0	nan	False		False	1.0
16246.266	2.0	trials	no_tone					True	5.0	16247.266	0.01	False					nolight	0.0	nan	False		False	5.0
16257.187	2.0	trials	go_tone	8000.0	80.0	16257.187	0.1	False				True	100.0	12.0	16258.137	16258.487	whisker	350.0	wS1	False		False	2.0
16267.856	2.0	trials	go_tone	8000.0	80.0	16267.856	0.1	True	5.0	16268.856	0.01	False					nolight	0.0	nan	True	16270.855	False	1.0
16278.487	2.0	trials	no_tone					True	5.0	16279.487	0.01	False					nolight	0.0	nan	False		False	5.0
16289.137	2.0	trials	no_tone					True	5.0	16290.137	0.01	False					nolight	0.0	nan	False		False	5.0
16299.867	2.0	trials	go_tone	8000.0	80.0	16299.867	0.1	True	5.0	16300.867	0.01	True	100.0	12.0	16300.817000000001	16301.167	whisker	350.0	wS1	False		False	1.0
16311.377	2.0	trials	go_tone	8000.0	80.0	16311.377	0.1	True	5.0	16312.377	0.01	False					nolight	0.0	nan	True	16314.717	False	1.0
16322.557	2.0	trials	nogo_tone	4000.0	80.0	16322.557	0.1	True	5.0	16323.557	0.01	True	100.0	12.0	16323.507000000001	16323.857	whisker	350.0	wS1	False		False	3.0
16333.557	2.0	trials	nogo_tone	4000.0	80.0	16333.557	0.1	False				True	100.0	12.0	16334.507000000001	16334.857	whisker	350.0	wS1	False		False	4.0
16344.218	2.0	trials	no_tone					True	5.0	16345.218	0.01	False					nolight	0.0	nan	False		False	5.0
16354.93	2.0	trials	go_tone	8000.0	80.0	16354.93	0.1	False				False					nolight	0.0	nan	True	16357.612000000001	False	2.0
16382.388	1.999999999998181	trials	go_tone	8000.0	80.0	16382.388	0.1	False				True	100.0	12.0	16383.338000000002	16383.688	whisker	350.0	wS1	True	16384.738	True	2.0
16399.739	2.0	trials	go_tone	8000.0	80.0	16399.739	0.1	False				True	100.0	12.0	16400.689000000002	16401.039	whisker	350.0	wS1	True	16402.209000000003	True	2.0
16417.209	2.0	trials	go_tone	8000.0	80.0	16417.209	0.1	False				True	100.0	12.0	16418.159	16418.509	whisker	350.0	wS1	True	16419.864999999998	False	2.0
16444.49	2.0	trials	no_tone					True	5.0	16445.49	0.01	False					nolight	0.0	nan	False		False	5.0
16456.05	2.0	trials	go_tone	8000.0	80.0	16456.05	0.1	False				True	100.0	12.0	16457.0	16457.35	whisker	350.0	wS1	False		False	2.0
16466.87	2.0	trials	nogo_tone	4000.0	80.0	16466.87	0.1	False				False					nolight	0.0	nan	False		False	4.0
16478.29	2.0	trials	go_tone	8000.0	80.0	16478.29	0.1	False				True	100.0	12.0	16479.24	16479.59	whisker	350.0	wS1	True	16480.879	False	2.0
16505.477	2.0	trials	go_tone	8000.0	80.0	16505.477	0.1	True	5.0	16506.477	0.01	False					nolight	0.0	nan	True	16508.25	False	1.0
16516.144	2.0	trials	nogo_tone	4000.0	80.0	16516.144	0.1	True	5.0	16517.144	0.01	True	100.0	12.0	16517.094	16517.444	whisker	350.0	wS1	False		False	3.0
16527.241	2.0	trials	go_tone	8000.0	80.0	16527.241	0.1	False				False					nolight	0.0	nan	True	16530.064000000002	False	2.0
16553.921	2.0	trials	no_tone					True	5.0	16554.921	0.01	False					nolight	0.0	nan	False		False	5.0
16564.682	2.0	trials	nogo_tone	4000.0	80.0	16564.682	0.1	False				False					nolight	0.0	nan	False		False	4.0
16575.402	2.0	trials	go_tone	8000.0	80.0	16575.402	0.1	True	5.0	16576.402	0.01	False					nolight	0.0	nan	True	16578.378999999997	False	1.0
16586.322	2.0	trials	no_tone					True	5.0	16587.322	0.01	True	100.0	12.0	16587.272	16587.622	whisker	350.0	wS1	False		False	5.0
16597.662	2.0	trials	go_tone	8000.0	80.0	16597.662	0.1	False				False					nolight	0.0	nan	True	16600.194	True	2.0
16615.202	2.0	trials	go_tone	8000.0	80.0	16615.202	0.1	False				False					nolight	0.0	nan	True	16617.866	False	2.0
16641.823	2.0	trials	go_tone	8000.0	80.0	16641.823	0.1	False				False					nolight	0.0	nan	True	16644.68	False	2.0
16669.233	2.0	trials	no_tone					True	5.0	16670.233	0.01	True	100.0	12.0	16670.183	16670.533	whisker	350.0	wS1	False		False	5.0
16680.184	2.0	trials	nogo_tone	4000.0	80.0	16680.184	0.1	True	5.0	16681.184	0.01	False					nolight	0.0	nan	False		False	3.0
16690.784	2.0	trials	go_tone	8000.0	80.0	16690.784	0.1	True	5.0	16691.784	0.01	False					nolight	0.0	nan	True	16693.542	False	1.0
16701.756	2.0	trials	nogo_tone	4000.0	80.0	16701.756	0.1	True	5.0	16702.756	0.01	False					nolight	0.0	nan	False		False	3.0
16712.424	2.0	trials	go_tone	8000.0	80.0	16712.424	0.1	False				False					nolight	0.0	nan	True	16714.974	True	2.0
16729.974	2.0	trials	go_tone	8000.0	80.0	16729.974	0.1	False				False					nolight	0.0	nan	False		False	2.0
16741.231	2.0	trials	no_tone					True	5.0	16742.231	0.01	False					nolight	0.0	nan	False		False	5.0
16751.857	2.0	trials	go_tone	8000.0	80.0	16751.857	0.1	False				False					nolight	0.0	nan	True	16754.215	True	2.0
16769.225	2.0	trials	go_tone	8000.0	80.0	16769.225	0.1	False				False					nolight	0.0	nan	False		False	2.0
16780.516	2.0	trials	go_tone	8000.0	80.0	16780.516	0.1	True	5.0	16781.516	0.01	True	100.0	12.0	16781.466	16781.816	whisker	350.0	wS1	False		False	1.0
16791.445	2.0	trials	nogo_tone	4000.0	80.0	16791.445	0.1	True	5.0	16792.445	0.01	False					nolight	0.0	nan	False		False	3.0
16802.536	2.0	trials	go_tone	8000.0	80.0	16802.536	0.1	True	5.0	16803.536	0.01	False					nolight	0.0	nan	True	16805.356	False	1.0
16813.196	2.0	trials	nogo_tone	4000.0	80.0	16813.196	0.1	True	5.0	16814.196	0.01	False					nolight	0.0	nan	False		False	3.0
16824.306	2.0	trials	go_tone	8000.0	80.0	16824.306	0.1	True	5.0	16825.306	0.01	True	100.0	12.0	16825.256	16825.606	whisker	350.0	wS1	True	16826.731	True	1.0
16841.736	2.0	trials	go_tone	8000.0	80.0	16841.736	0.1	True	5.0	16842.736	0.01	True	100.0	12.0	16842.686	16843.036	whisker	350.0	wS1	True	16844.634000000002	False	1.0
16852.967	2.0	trials	nogo_tone	4000.0	80.0	16852.967	0.1	True	5.0	16853.967	0.01	False					nolight	0.0	nan	False		False	3.0
16863.877	2.0	trials	go_tone	8000.0	80.0	16863.877	0.1	False				False					nolight	0.0	nan	True	16866.504	False	2.0
16890.807	2.0	trials	nogo_tone	4000.0	80.0	16890.807	0.1	False				False					nolight	0.0	nan	False		False	4.0
16901.667	2.0	trials	no_tone					True	5.0	16902.667	0.01	False					nolight	0.0	nan	False		False	5.0
16912.738	2.0	trials	nogo_tone	4000.0	80.0	16912.738	0.1	True	5.0	16913.738	0.01	True	100.0	12.0	16913.688000000002	16914.038	whisker	350.0	wS1	False		False	3.0
16924.094	2.0	trials	no_tone					True	5.0	16925.094	0.01	False					nolight	0.0	nan	False		False	5.0
16934.754	2.0	trials	go_tone	8000.0	80.0	16934.754	0.1	True	5.0	16935.754	0.01	False					nolight	0.0	nan	True	16937.54	False	1.0
16945.918	2.0	trials	nogo_tone	4000.0	80.0	16945.918	0.1	True	5.0	16946.918	0.01	False					nolight	0.0	nan	False		False	3.0
16957.478	2.0	trials	go_tone	8000.0	80.0	16957.478	0.1	False				False					nolight	0.0	nan	True	16960.362999999998	False	2.0
16984.679	2.0	trials	go_tone	8000.0	80.0	16984.679	0.1	False				True	100.0	12.0	16985.629	16985.979	whisker	350.0	wS1	True	16987.299	False	2.0
17012.109	2.0	trials	go_tone	8000.0	80.0	17012.109	0.1	False				True	100.0	12.0	17013.059	17013.409	whisker	350.0	wS1	True	17015.128	False	2.0
17038.74	2.0	trials	nogo_tone	4000.0	80.0	17038.74	0.1	True	5.0	17039.74	0.01	False					nolight	0.0	nan	False		False	3.0
17049.36	2.0	trials	go_tone	8000.0	80.0	17049.36	0.1	False				False					nolight	0.0	nan	True	17052.135000000002	False	2.0
17076.371	2.0	trials	go_tone	8000.0	80.0	17076.371	0.1	True	5.0	17077.371	0.01	True	100.0	12.0	17077.321	17077.671	whisker	350.0	wS1	False		False	1.0
17087.081	2.0	trials	go_tone	8000.0	80.0	17087.081	0.1	False				True	100.0	12.0	17088.031	17088.380999999998	whisker	350.0	wS1	False		False	2.0
17098.391	2.0	trials	no_tone					True	5.0	17099.391	0.01	False					nolight	0.0	nan	False		False	5.0
17109.661	2.0	trials	go_tone	8000.0	80.0	17109.661	0.1	True	5.0	17110.661	0.01	False					nolight	0.0	nan	True	17112.415	False	1.0
17120.971	2.0	trials	go_tone	8000.0	80.0	17120.971	0.1	True	5.0	17121.971	0.01	False					nolight	0.0	nan	True	17123.644	False	1.0
17131.702	2.0	trials	no_tone					True	5.0	17132.702	0.01	True	100.0	12.0	17132.652000000002	17133.002	whisker	350.0	wS1	False		False	5.0
17143.002	2.0	trials	go_tone	8000.0	80.0	17143.002	0.1	False				False					nolight	0.0	nan	False		False	2.0
17153.942	2.0	trials	nogo_tone	4000.0	80.0	17153.942	0.1	False				False					nolight	0.0	nan	False		False	4.0
17165.392	2.0	trials	no_tone					True	5.0	17166.392	0.01	False					nolight	0.0	nan	False		False	5.0
17176.256	2.0	trials	go_tone	8000.0	80.0	17176.256	0.1	True	5.0	17177.256	0.01	False					nolight	0.0	nan	True	17179.113	False	1.0
17186.909	2.0	trials	no_tone					True	5.0	17187.909	0.01	True	100.0	12.0	17187.859	17188.209	whisker	350.0	wS1	False		False	5.0
17198.113	2.0	trials	go_tone	8000.0	80.0	17198.113	0.1	True	5.0	17199.113	0.01	True	100.0	12.0	17199.063000000002	17199.413	whisker	350.0	wS1	True	17201.093	False	1.0
17209.613	2.0	trials	nogo_tone	4000.0	80.0	17209.613	0.1	True	5.0	17210.613	0.01	True	100.0	12.0	17210.563000000002	17210.913	whisker	350.0	wS1	False		False	3.0
17221.103	2.0	trials	nogo_tone	4000.0	80.0	17221.103	0.1	False				True	100.0	12.0	17222.053	17222.403	whisker	350.0	wS1	False		False	4.0
17231.913	2.0	trials	nogo_tone	4000.0	80.0	17231.913	0.1	True	5.0	17232.913	0.01	False					nolight	0.0	nan	False		False	3.0
17242.933	2.0	trials	go_tone	8000.0	80.0	17242.933	0.1	False				False					nolight	0.0	nan	True	17246.057	False	2.0
17269.764	2.0	trials	go_tone	8000.0	80.0	17269.764	0.1	False				False					nolight	0.0	nan	False		False	2.0
17280.515	2.0	trials	no_tone					True	5.0	17281.515	0.01	False					nolight	0.0	nan	False		False	5.0
17292.036	2.0	trials	go_tone	8000.0	80.0	17292.036	0.1	False				True	100.0	12.0	17292.986	17293.336	whisker	350.0	wS1	True	17294.707	False	2.0
17318.685	2.0	trials	go_tone	8000.0	80.0	17318.685	0.1	False				False					nolight	0.0	nan	False		False	2.0
17329.845	2.0	trials	nogo_tone	4000.0	80.0	17329.845	0.1	False				False					nolight	0.0	nan	False		False	4.0
17340.985	2.0	trials	nogo_tone	4000.0	80.0	17340.985	0.1	True	5.0	17341.985	0.01	True	100.0	12.0	17341.935	17342.285	whisker	350.0	wS1	False		False	3.0
17352.165	2.0	trials	nogo_tone	4000.0	80.0	17352.165	0.1	False				True	100.0	12.0	17353.115	17353.465	whisker	350.0	wS1	False		False	4.0
17363.465	2.0	trials	go_tone	8000.0	80.0	17363.465	0.1	True	5.0	17364.465	0.01	True	100.0	12.0	17364.415	17364.765	whisker	350.0	wS1	True	17366.482	False	1.0
17374.096	2.0	trials	go_tone	8000.0	80.0	17374.096	0.1	False				False					nolight	0.0	nan	True	17377.518	False	2.0
17401.076	2.0	trials	go_tone	8000.0	80.0	17401.076	0.1	True	5.0	17402.076	0.01	True	100.0	12.0	17402.026	17402.376	whisker	350.0	wS1	True	17403.917	False	1.0
17411.766	2.0	trials	nogo_tone	4000.0	80.0	17411.766	0.1	False				False					nolight	0.0	nan	False		False	4.0
17422.646	2.0	trials	nogo_tone	4000.0	80.0	17422.646	0.1	True	5.0	17423.646	0.01	False					nolight	0.0	nan	False		False	3.0
17433.507	2.0	trials	go_tone	8000.0	80.0	17433.507	0.1	False				True	100.0	12.0	17434.457000000002	17434.807	whisker	350.0	wS1	True	17436.145	False	2.0
17460.097	2.0	trials	nogo_tone	4000.0	80.0	17460.097	0.1	True	5.0	17461.097	0.01	False					nolight	0.0	nan	False		False	3.0
17470.797	2.0	trials	no_tone					True	5.0	17471.797	0.01	False					nolight	0.0	nan	False		False	5.0
17482.158	2.0	trials	go_tone	8000.0	80.0	17482.158	0.1	False				False					nolight	0.0	nan	True	17484.822	False	2.0
17508.928	2.0	trials	go_tone	8000.0	80.0	17508.928	0.1	False				False					nolight	0.0	nan	True	17511.766	False	2.0
17535.998	2.0	trials	go_tone	8000.0	80.0	17535.998	0.1	False				False					nolight	0.0	nan	False		False	2.0
17547.269	2.0	trials	go_tone	8000.0	80.0	17547.269	0.1	True	5.0	17548.269	0.01	False					nolight	0.0	nan	True	17549.994	False	1.0
17558.375	2.0	trials	nogo_tone	4000.0	80.0	17558.375	0.1	True	5.0	17559.375	0.01	True	100.0	12.0	17559.325	17559.675	whisker	350.0	wS1	False		False	3.0
17569.539	2.0	trials	no_tone					True	5.0	17570.539	0.01	True	100.0	12.0	17570.489	17570.839	whisker	350.0	wS1	False		False	5.0
17581.01	2.0	trials	no_tone					True	5.0	17582.01	0.01	False					nolight	0.0	nan	False		False	5.0
17592.379	2.0	trials	go_tone	8000.0	80.0	17592.379	0.1	False				False					nolight	0.0	nan	True	17595.620000000003	False	2.0
17619.92	2.0	trials	go_tone	8000.0	80.0	17619.92	0.1	True	5.0	17620.92	0.01	False					nolight	0.0	nan	True	17622.553	False	1.0
17630.74	2.0	trials	go_tone	8000.0	80.0	17630.74	0.1	True	5.0	17631.74	0.01	False					nolight	0.0	nan	True	17633.390000000003	False	1.0
17641.43	2.0	trials	nogo_tone	4000.0	80.0	17641.43	0.1	True	5.0	17642.43	0.01	False					nolight	0.0	nan	False		False	3.0
17652.291	2.0	trials	no_tone					True	5.0	17653.291	0.01	True	100.0	12.0	17653.241	17653.591	whisker	350.0	wS1	False		False	5.0
17663.611	2.0	trials	go_tone	8000.0	80.0	17663.611	0.1	True	5.0	17664.611	0.01	False					nolight	0.0	nan	True	17666.331000000002	False	1.0
17675.091	2.0	trials	go_tone	8000.0	80.0	17675.091	0.1	False				True	100.0	12.0	17676.041	17676.391	whisker	350.0	wS1	True	17678.126	False	2.0
17701.933	2.0	trials	no_tone					True	5.0	17702.933	0.01	False					nolight	0.0	nan	False		False	5.0
17712.538	2.0	trials	nogo_tone	4000.0	80.0	17712.538	0.1	True	5.0	17713.538	0.01	False					nolight	0.0	nan	False		False	3.0
17723.572	2.0	trials	nogo_tone	4000.0	80.0	17723.572	0.1	False				True	100.0	12.0	17724.522	17724.872	whisker	350.0	wS1	False		False	4.0
17735.042	2.0	trials	no_tone					True	5.0	17736.042	0.01	False					nolight	0.0	nan	False		False	5.0
17746.312	2.0	trials	go_tone	8000.0	80.0	17746.312	0.1	True	5.0	17747.312	0.01	True	100.0	12.0	17747.262000000002	17747.612	whisker	350.0	wS1	True	17748.934	False	1.0
17756.934	2.0	trials	nogo_tone	4000.0	80.0	17756.934	0.1	False				False					nolight	0.0	nan	False		False	4.0
17768.323	2.0	trials	no_tone					True	5.0	17769.323	0.01	False					nolight	0.0	nan	False		False	5.0
17779.843	2.0	trials	go_tone	8000.0	80.0	17779.843	0.1	True	5.0	17780.843	0.01	False					nolight	0.0	nan	True	17782.483	False	1.0
17790.593	2.0	trials	go_tone	8000.0	80.0	17790.593	0.1	False				False					nolight	0.0	nan	True	17793.27	False	2.0
17817.644	2.0	trials	no_tone					True	5.0	17818.644	0.01	True	100.0	12.0	17818.594	17818.944	whisker	350.0	wS1	False		False	5.0
17829.144	2.0	trials	no_tone					True	5.0	17830.144	0.01	False					nolight	0.0	nan	False		False	5.0
17839.974	2.0	trials	no_tone					True	5.0	17840.974	0.01	True	100.0	12.0	17840.924	17841.273999999998	whisker	350.0	wS1	False		False	5.0
17850.534	2.0	trials	go_tone	8000.0	80.0	17850.534	0.1	False				True	100.0	12.0	17851.484	17851.834	whisker	350.0	wS1	True	17853.427	False	2.0
17877.675	2.0	trials	nogo_tone	4000.0	80.0	17877.675	0.1	True	5.0	17878.675	0.01	False					nolight	0.0	nan	False		False	3.0
17888.695	2.0	trials	go_tone	8000.0	80.0	17888.695	0.1	True	5.0	17889.695	0.01	False					nolight	0.0	nan	True	17891.424	False	1.0
17899.765	2.0	trials	nogo_tone	4000.0	80.0	17899.765	0.1	True	5.0	17900.765	0.01	False					nolight	0.0	nan	False		False	3.0
17911.275	2.0	trials	no_tone					True	5.0	17912.275	0.01	False					nolight	0.0	nan	False		False	5.0
17922.205	2.0	trials	go_tone	8000.0	80.0	17922.205	0.1	False				False					nolight	0.0	nan	False		False	2.0
17933.426	2.0	trials	go_tone	8000.0	80.0	17933.426	0.1	False				True	100.0	12.0	17934.376	17934.726	whisker	350.0	wS1	True	17936.1	False	2.0
17960.626	2.0	trials	go_tone	8000.0	80.0	17960.626	0.1	False				False					nolight	0.0	nan	True	17963.85	False	2.0
17987.518	2.0	trials	nogo_tone	4000.0	80.0	17987.518	0.1	True	5.0	17988.518	0.01	False					nolight	0.0	nan	False		False	3.0
17998.667	2.0	trials	go_tone	8000.0	80.0	17998.667	0.1	False				False					nolight	0.0	nan	True	18001.634000000002	False	2.0
18025.717	2.0	trials	go_tone	8000.0	80.0	18025.717	0.1	False				True	100.0	12.0	18026.667	18027.017	whisker	350.0	wS1	True	18028.339	False	2.0
18053.168	2.0	trials	go_tone	8000.0	80.0	18053.168	0.1	True	5.0	18054.168	0.01	True	100.0	12.0	18054.118000000002	18054.468	whisker	350.0	wS1	True	18056.09	False	1.0
18064.078	2.0	trials	go_tone	8000.0	80.0	18064.078	0.1	False				False					nolight	0.0	nan	True	18066.428	True	2.0
18081.428	2.0	trials	go_tone	8000.0	80.0	18081.428	0.1	False				False					nolight	0.0	nan	True	18084.508	False	2.0
18108.019	2.0	trials	nogo_tone	4000.0	80.0	18108.019	0.1	True	5.0	18109.019	0.01	True	100.0	12.0	18108.969	18109.319	whisker	350.0	wS1	False		False	3.0
18118.88	2.0	trials	go_tone	8000.0	80.0	18118.88	0.1	True	5.0	18119.88	0.01	False					nolight	0.0	nan	True	18121.602000000003	False	1.0
18129.729	2.0	trials	go_tone	8000.0	80.0	18129.729	0.1	False				False					nolight	0.0	nan	True	18132.470999999998	False	2.0
18156.369	2.0	trials	go_tone	8000.0	80.0	18156.369	0.1	True	5.0	18157.369	0.01	False					nolight	0.0	nan	True	18159.034	False	1.0
18167.42	2.0	trials	nogo_tone	4000.0	80.0	18167.42	0.1	True	5.0	18168.42	0.01	True	100.0	12.0	18168.37	18168.719999999998	whisker	350.0	wS1	False		False	3.0
18178.67	2.0	trials	nogo_tone	4000.0	80.0	18178.67	0.1	True	5.0	18179.67	0.01	False					nolight	0.0	nan	False		False	3.0
18189.75	2.0	trials	nogo_tone	4000.0	80.0	18189.75	0.1	False				False					nolight	0.0	nan	False		False	4.0
18200.54	2.0	trials	go_tone	8000.0	80.0	18200.54	0.1	False				True	100.0	12.0	18201.49	18201.84	whisker	350.0	wS1	True	18203.399	False	2.0
18227.141	2.0	trials	no_tone					True	5.0	18228.141	0.01	True	100.0	12.0	18228.091	18228.441	whisker	350.0	wS1	False		False	5.0
18237.961	2.0	trials	no_tone					True	5.0	18238.961	0.01	False					nolight	0.0	nan	False		False	5.0
18249.391	2.0	trials	no_tone					True	5.0	18250.391	0.01	False					nolight	0.0	nan	False		False	5.0
18260.041	2.0	trials	go_tone	8000.0	80.0	18260.041	0.1	False				False					nolight	0.0	nan	True	18262.974000000002	False	2.0
18287.332	2.0	trials	go_tone	8000.0	80.0	18287.332	0.1	False				True	100.0	12.0	18288.282	18288.631999999998	whisker	350.0	wS1	True	18290.191	False	2.0
18314.162	2.0	trials	go_tone	8000.0	80.0	18314.162	0.1	True	5.0	18315.162	0.01	False					nolight	0.0	nan	True	18316.904	False	1.0
18324.982	2.0	trials	nogo_tone	4000.0	80.0	18324.982	0.1	True	5.0	18325.982	0.01	True	100.0	12.0	18325.932	18326.282	whisker	350.0	wS1	False		False	3.0
18335.592	2.0	trials	go_tone	8000.0	80.0	18335.592	0.1	True	5.0	18336.592	0.01	False					nolight	0.0	nan	True	18338.033	True	1.0
18353.043	2.0	trials	go_tone	8000.0	80.0	18353.043	0.1	True	5.0	18354.043	0.01	False					nolight	0.0	nan	True	18355.772	False	1.0
18363.693	2.0	trials	go_tone	8000.0	80.0	18363.693	0.1	False				False					nolight	0.0	nan	True	18366.095999999998	True	2.0
18381.104	2.0	trials	go_tone	8000.0	80.0	18381.104	0.1	False				False					nolight	0.0	nan	False		False	2.0
18392.204	2.0	trials	nogo_tone	4000.0	80.0	18392.204	0.1	True	5.0	18393.204	0.01	True	100.0	12.0	18393.154000000002	18393.504	whisker	350.0	wS1	False		False	3.0
18402.854	2.0	trials	nogo_tone	4000.0	80.0	18402.854	0.1	True	5.0	18403.854	0.01	False					nolight	0.0	nan	False		False	3.0
18413.674	2.0	trials	go_tone	8000.0	80.0	18413.674	0.1	False				True	100.0	12.0	18414.624	18414.974	whisker	350.0	wS1	True	18416.79	False	2.0
18440.664	2.0	trials	no_tone					True	5.0	18441.664	0.01	True	100.0	12.0	18441.614	18441.964	whisker	350.0	wS1	False		False	5.0
18452.105	2.0	trials	nogo_tone	4000.0	80.0	18452.105	0.1	False				False					nolight	0.0	nan	False		False	4.0
18462.865	2.0	trials	nogo_tone	4000.0	80.0	18462.865	0.1	True	5.0	18463.865	0.01	False					nolight	0.0	nan	False		False	3.0
18473.655	2.0	trials	go_tone	8000.0	80.0	18473.655	0.1	True	5.0	18474.655	0.01	True	100.0	12.0	18474.605	18474.954999999998	whisker	350.0	wS1	True	18476.201999999997	False	1.0
18484.875	2.0	trials	go_tone	8000.0	80.0	18484.875	0.1	True	5.0	18485.875	0.01	False					nolight	0.0	nan	True	18487.619	False	1.0
18496.335	2.0	trials	go_tone	8000.0	80.0	18496.335	0.1	False				False					nolight	0.0	nan	True	18498.878	False	2.0
18522.966	2.0	trials	nogo_tone	4000.0	80.0	18522.966	0.1	True	5.0	18523.966	0.01	False					nolight	0.0	nan	True	18524.89	True	3.0
18539.896	2.0	trials	nogo_tone	4000.0	80.0	18539.896	0.1	True	5.0	18540.896	0.01	False					nolight	0.0	nan	False		False	3.0
18551.396	2.0	trials	nogo_tone	4000.0	80.0	18551.396	0.1	False				False					nolight	0.0	nan	False		False	4.0
18562.027	2.0	trials	go_tone	8000.0	80.0	18562.027	0.1	True	5.0	18563.027	0.01	False					nolight	0.0	nan	True	18564.713	False	1.0
18573.347	2.0	trials	no_tone					True	5.0	18574.347	0.01	False					nolight	0.0	nan	False		False	5.0
18584.707	2.0	trials	go_tone	8000.0	80.0	18584.707	0.1	False				False					nolight	0.0	nan	False		False	2.0
18596.127	2.0	trials	nogo_tone	4000.0	80.0	18596.127	0.1	False				True	100.0	12.0	18597.077	18597.427	whisker	350.0	wS1	False		False	4.0
18607.583	2.0	trials	go_tone	8000.0	80.0	18607.583	0.1	False				False					nolight	0.0	nan	False		False	2.0
18618.398	2.0	trials	go_tone	8000.0	80.0	18618.398	0.1	False				False					nolight	0.0	nan	True	18621.195	False	2.0
18645.238	2.0	trials	no_tone					True	5.0	18646.238	0.01	False					nolight	0.0	nan	False		False	5.0
18655.998	2.0	trials	go_tone	8000.0	80.0	18655.998	0.1	True	5.0	18656.998	0.01	True	100.0	12.0	18656.948	18657.298	whisker	350.0	wS1	True	18658.942	False	1.0
18666.778	2.0	trials	nogo_tone	4000.0	80.0	18666.778	0.1	True	5.0	18667.778	0.01	False					nolight	0.0	nan	False		False	3.0
18677.739	2.0	trials	go_tone	8000.0	80.0	18677.739	0.1	True	5.0	18678.739	0.01	False					nolight	0.0	nan	True	18680.406000000003	False	1.0
18688.389	2.0	trials	go_tone	8000.0	80.0	18688.389	0.1	True	5.0	18689.389	0.01	True	100.0	12.0	18689.339	18689.689	whisker	350.0	wS1	True	18691.287	False	1.0
18699.189	2.0	trials	go_tone	8000.0	80.0	18699.189	0.1	True	5.0	18700.189	0.01	False					nolight	0.0	nan	True	18701.773999999998	False	1.0
18709.849	2.0	trials	no_tone					True	5.0	18710.849	0.01	True	100.0	12.0	18710.799	18711.148999999998	whisker	350.0	wS1	False		False	5.0
18720.459	2.0	trials	no_tone					True	5.0	18721.459	0.01	False					nolight	0.0	nan	False		False	5.0
18731.689	2.0	trials	nogo_tone	4000.0	80.0	18731.689	0.1	True	5.0	18732.689	0.01	False					nolight	0.0	nan	False		False	3.0
18742.73	2.0	trials	no_tone					True	5.0	18743.73	0.01	False					nolight	0.0	nan	False		False	5.0
18753.956	2.0	trials	go_tone	8000.0	80.0	18753.956	0.1	False				False					nolight	0.0	nan	True	18756.831	False	2.0
18781.4	2.0	trials	nogo_tone	4000.0	80.0	18781.4	0.1	False				True	100.0	12.0	18782.350000000002	18782.7	whisker	350.0	wS1	False		False	4.0
18792.231	2.0	trials	nogo_tone	4000.0	80.0	18792.231	0.1	False				False					nolight	0.0	nan	False		False	4.0
18803.671	2.0	trials	go_tone	8000.0	80.0	18803.671	0.1	False				False					nolight	0.0	nan	False		False	2.0
18814.331	2.0	trials	nogo_tone	4000.0	80.0	18814.331	0.1	True	5.0	18815.331	0.01	True	100.0	12.0	18815.281	18815.630999999998	whisker	350.0	wS1	False		False	3.0
18825.601	2.0	trials	nogo_tone	4000.0	80.0	18825.601	0.1	True	5.0	18826.601	0.01	False					nolight	0.0	nan	False		False	3.0
18836.461	2.0	trials	nogo_tone	4000.0	80.0	18836.461	0.1	True	5.0	18837.461	0.01	False					nolight	0.0	nan	False		False	3.0
18847.732	2.0	trials	go_tone	8000.0	80.0	18847.732	0.1	False				False					nolight	0.0	nan	True	18850.256	True	2.0
18866.752	2.0	trials	go_tone	8000.0	80.0	18866.752	0.1	False				False					nolight	0.0	nan	True	18869.222	True	2.0
18884.222	2.0	trials	go_tone	8000.0	80.0	18884.222	0.1	False				False					nolight	0.0	nan	True	18887.145	False	2.0
18911.623	2.0	trials	go_tone	8000.0	80.0	18911.623	0.1	False				True	100.0	12.0	18912.573	18912.923	whisker	350.0	wS1	True	18914.543999999998	False	2.0
18939.053	2.0	trials	no_tone					True	5.0	18940.053	0.01	True	100.0	12.0	18940.003	18940.353	whisker	350.0	wS1	False		False	5.0
18949.673	2.0	trials	go_tone	8000.0	80.0	18949.673	0.1	False				False					nolight	0.0	nan	False		False	2.0
18961.01	2.0	trials	go_tone	8000.0	80.0	18961.01	0.1	True	5.0	18962.01	0.01	False					nolight	0.0	nan	True	18963.66	False	1.0
18971.924	2.0	trials	go_tone	8000.0	80.0	18971.924	0.1	True	5.0	18972.924	0.01	False					nolight	0.0	nan	True	18974.293999999998	True	1.0
18989.3	2.0	trials	go_tone	8000.0	80.0	18989.3	0.1	True	5.0	18990.3	0.01	False					nolight	0.0	nan	True	18992.023999999998	False	1.0
19000.404	2.0	trials	nogo_tone	4000.0	80.0	19000.404	0.1	False				False					nolight	0.0	nan	False		False	4.0
19011.385	2.0	trials	go_tone	8000.0	80.0	19011.385	0.1	True	5.0	19012.385	0.01	True	100.0	12.0	19012.335	19012.684999999998	whisker	350.0	wS1	True	19014.114999999998	False	1.0
19022.605	2.0	trials	go_tone	8000.0	80.0	19022.605	0.1	False				True	100.0	12.0	19023.555	19023.905	whisker	350.0	wS1	True	19025.036	True	2.0
19040.045	2.0	trials	go_tone	8000.0	80.0	19040.045	0.1	False				True	100.0	12.0	19040.995	19041.344999999998	whisker	350.0	wS1	False		False	2.0
19050.935	2.0	trials	go_tone	8000.0	80.0	19050.935	0.1	False				False					nolight	0.0	nan	True	19053.933	False	2.0
19077.586	2.0	trials	no_tone					True	5.0	19078.586	0.01	False					nolight	0.0	nan	False		False	5.0
19089.126	2.0	trials	nogo_tone	4000.0	80.0	19089.126	0.1	True	5.0	19090.126	0.01	False					nolight	0.0	nan	True	19092.144	False	3.0
19116.056	2.0	trials	nogo_tone	4000.0	80.0	19116.056	0.1	True	5.0	19117.056	0.01	True	100.0	12.0	19117.006	19117.356	whisker	350.0	wS1	False		False	3.0
19127.536	2.0	trials	go_tone	8000.0	80.0	19127.536	0.1	False				True	100.0	12.0	19128.486	19128.836	whisker	350.0	wS1	True	19130.222	False	2.0
19154.157	2.0	trials	go_tone	8000.0	80.0	19154.157	0.1	False				False					nolight	0.0	nan	True	19156.775999999998	False	2.0
19181.337	2.0	trials	no_tone					True	5.0	19182.337	0.01	False					nolight	0.0	nan	False		False	5.0
19192.308	2.0	trials	nogo_tone	4000.0	80.0	19192.308	0.1	True	5.0	19193.308	0.01	False					nolight	0.0	nan	False		False	3.0
19203.548	2.0	trials	nogo_tone	4000.0	80.0	19203.548	0.1	False				True	100.0	12.0	19204.498	19204.847999999998	whisker	350.0	wS1	False		False	4.0
19214.369	2.0	trials	no_tone					True	5.0	19215.369	0.01	False					nolight	0.0	nan	False		False	5.0
19225.758	2.0	trials	go_tone	8000.0	80.0	19225.758	0.1	False				False					nolight	0.0	nan	True	19227.028000000002	True	2.0
19242.038	2.0	trials	go_tone	8000.0	80.0	19242.038	0.1	False				False					nolight	0.0	nan	True	19244.418	True	2.0
19259.419	2.0	trials	go_tone	8000.0	80.0	19259.419	0.1	False				False					nolight	0.0	nan	True	19262.04	False	2.0
19286.729	2.0	trials	go_tone	8000.0	80.0	19286.729	0.1	False				True	100.0	12.0	19287.679	19288.029	whisker	350.0	wS1	True	19289.399999999998	False	2.0
19313.6	2.0	trials	no_tone					True	5.0	19314.6	0.01	True	100.0	12.0	19314.55	19314.899999999998	whisker	350.0	wS1	False		False	5.0
19324.18	2.0	trials	no_tone					True	5.0	19325.18	0.01	False					nolight	0.0	nan	False		False	5.0
19335.03	2.0	trials	go_tone	8000.0	80.0	19335.03	0.1	True	5.0	19336.03	0.01	False					nolight	0.0	nan	True	19337.28	True	1.0
19352.29	2.0	trials	go_tone	8000.0	80.0	19352.29	0.1	True	5.0	19353.29	0.01	False					nolight	0.0	nan	True	19354.760000000002	True	1.0
19369.761	2.0	trials	go_tone	8000.0	80.0	19369.761	0.1	True	5.0	19370.761	0.01	False					nolight	0.0	nan	True	19372.458	False	1.0
19381.051	2.0	trials	go_tone	8000.0	80.0	19381.051	0.1	True	5.0	19382.051	0.01	True	100.0	12.0	19382.001	19382.351	whisker	350.0	wS1	True	19383.673	False	1.0
19392.071	2.0	trials	nogo_tone	4000.0	80.0	19392.071	0.1	True	5.0	19393.071	0.01	True	100.0	12.0	19393.021	19393.371	whisker	350.0	wS1	False		False	3.0
19403.611	2.0	trials	go_tone	8000.0	80.0	19403.611	0.1	False				False					nolight	0.0	nan	True	19406.136000000002	True	2.0
19421.142	2.0	trials	go_tone	8000.0	80.0	19421.142	0.1	False				False					nolight	0.0	nan	True	19423.867	False	2.0
19448.162	2.0	trials	nogo_tone	4000.0	80.0	19448.162	0.1	False				False					nolight	0.0	nan	False		False	4.0
19459.495	2.0	trials	go_tone	8000.0	80.0	19459.495	0.1	True	5.0	19460.495	0.01	True	100.0	12.0	19460.445	19460.795	whisker	350.0	wS1	True	19462.278	False	1.0
19470.452	2.0	trials	go_tone	8000.0	80.0	19470.452	0.1	False				False					nolight	0.0	nan	True	19472.576	True	2.0
19487.583	2.0	trials	go_tone	8000.0	80.0	19487.583	0.1	False				False					nolight	0.0	nan	True	19490.063	True	2.0
19505.063	2.0	trials	go_tone	8000.0	80.0	19505.063	0.1	False				False					nolight	0.0	nan	True	19507.682999999997	False	2.0
19532.15	2.0	trials	go_tone	8000.0	80.0	19532.15	0.1	True	5.0	19533.15	0.01	False					nolight	0.0	nan	True	19534.713	False	1.0
19543.164	2.0	trials	go_tone	8000.0	80.0	19543.164	0.1	False				False					nolight	0.0	nan	True	19545.696	True	2.0
19560.704	2.0	trials	go_tone	8000.0	80.0	19560.704	0.1	False				False					nolight	0.0	nan	False		False	2.0
19571.824	2.0	trials	go_tone	8000.0	80.0	19571.824	0.1	False				False					nolight	0.0	nan	True	19574.945	False	2.0
19598.935	2.0	trials	nogo_tone	4000.0	80.0	19598.935	0.1	False				False					nolight	0.0	nan	False		False	4.0
19609.825	2.0	trials	go_tone	8000.0	80.0	19609.825	0.1	False				False					nolight	0.0	nan	True	19612.672000000002	False	2.0
19636.766	2.0	trials	nogo_tone	4000.0	80.0	19636.766	0.1	True	5.0	19637.766	0.01	False					nolight	0.0	nan	False		False	3.0
19647.37	2.0	trials	nogo_tone	4000.0	80.0	19647.37	0.1	True	5.0	19648.37	0.01	False					nolight	0.0	nan	False		False	3.0
19658.236	2.0	trials	nogo_tone	4000.0	80.0	19658.236	0.1	True	5.0	19659.236	0.01	False					nolight	0.0	nan	False		False	3.0
19669.036	2.0	trials	no_tone					True	5.0	19670.036	0.01	True	100.0	12.0	19669.986	19670.336	whisker	350.0	wS1	False		False	5.0
19680.516	2.0	trials	no_tone					True	5.0	19681.516	0.01	False					nolight	0.0	nan	False		False	5.0
19691.806	2.0	trials	go_tone	8000.0	80.0	19691.806	0.1	False				True	100.0	12.0	19692.756	19693.106	whisker	350.0	wS1	True	19694.449	False	2.0
19718.767	2.0	trials	no_tone					True	5.0	19719.767	0.01	False					nolight	0.0	nan	False		False	5.0
19729.447	2.0	trials	go_tone	8000.0	80.0	19729.447	0.1	True	5.0	19730.447	0.01	False					nolight	0.0	nan	True	19732.212	False	1.0
19740.867	2.0	trials	go_tone	8000.0	80.0	19740.867	0.1	False				True	100.0	12.0	19741.817	19742.166999999998	whisker	350.0	wS1	True	19743.887	False	2.0
19768.118	2.0	trials	nogo_tone	4000.0	80.0	19768.118	0.1	True	5.0	19769.118	0.01	True	100.0	12.0	19769.068	19769.417999999998	whisker	350.0	wS1	False		False	3.0
19779.558	2.0	trials	go_tone	8000.0	80.0	19779.558	0.1	True	5.0	19780.558	0.01	False					nolight	0.0	nan	True	19782.111	False	1.0
19790.498	2.0	trials	go_tone	8000.0	80.0	19790.498	0.1	False				True	100.0	12.0	19791.448	19791.798	whisker	350.0	wS1	False		False	2.0
19801.532	2.0	trials	go_tone	8000.0	80.0	19801.532	0.1	True	5.0	19802.532	0.01	False					nolight	0.0	nan	True	19804.224	False	1.0
19812.979	2.0	trials	no_tone					True	5.0	19813.979	0.01	False					nolight	0.0	nan	False		False	5.0
19824.082	2.0	trials	nogo_tone	4000.0	80.0	19824.082	0.1	True	5.0	19825.082	0.01	False					nolight	0.0	nan	False		False	3.0
19834.929	2.0	trials	go_tone	8000.0	80.0	19834.929	0.1	True	5.0	19835.929	0.01	False					nolight	0.0	nan	True	19837.589	False	1.0
19845.949	2.0	trials	no_tone					True	5.0	19846.949	0.01	False					nolight	0.0	nan	False		False	5.0
19856.999	2.0	trials	nogo_tone	4000.0	80.0	19856.999	0.1	True	5.0	19857.999	0.01	True	100.0	12.0	19857.949	19858.299	whisker	350.0	wS1	False		False	3.0
19868.249	2.0	trials	no_tone					True	5.0	19869.249	0.01	True	100.0	12.0	19869.199	19869.549	whisker	350.0	wS1	False		False	5.0
19878.84	2.0	trials	nogo_tone	4000.0	80.0	19878.84	0.1	True	5.0	19879.84	0.01	True	100.0	12.0	19879.79	19880.14	whisker	350.0	wS1	False		False	3.0
19889.62	2.0	trials	go_tone	8000.0	80.0	19889.62	0.1	True	5.0	19890.62	0.01	True	100.0	12.0	19890.57	19890.92	whisker	350.0	wS1	True	19892.262	False	1.0
19900.96	2.0	trials	go_tone	8000.0	80.0	19900.96	0.1	False				True	100.0	12.0	19901.91	19902.26	whisker	350.0	wS1	True	19903.39	True	2.0
19918.391	2.0	trials	go_tone	8000.0	80.0	19918.391	0.1	False				True	100.0	12.0	19919.341	19919.691	whisker	350.0	wS1	True	19920.816	True	2.0
19935.821	2.0	trials	go_tone	8000.0	80.0	19935.821	0.1	False				True	100.0	12.0	19936.771	19937.121	whisker	350.0	wS1	True	19938.672	False	2.0
19963.151	2.0	trials	no_tone					True	5.0	19964.151	0.01	False					nolight	0.0	nan	False		False	5.0
19973.728	2.0	trials	go_tone	8000.0	80.0	19973.728	0.1	True	5.0	19974.728	0.01	False					nolight	0.0	nan	True	19976.501	False	1.0
19984.662	2.0	trials	no_tone					True	5.0	19985.662	0.01	True	100.0	12.0	19985.612	19985.962	whisker	350.0	wS1	False		False	5.0
19995.842	2.0	trials	go_tone	8000.0	80.0	19995.842	0.1	True	5.0	19996.842	0.01	True	100.0	12.0	19996.792	19997.142	whisker	350.0	wS1	True	19998.56	False	1.0
20006.762	2.0	trials	go_tone	8000.0	80.0	20006.762	0.1	True	5.0	20007.762	0.01	False					nolight	0.0	nan	True	20009.333	False	1.0
20017.392	2.0	trials	nogo_tone	4000.0	80.0	20017.392	0.1	False				True	100.0	12.0	20018.342	20018.692	whisker	350.0	wS1	False		False	4.0
20028.052	2.0	trials	go_tone	8000.0	80.0	20028.052	0.1	False				False					nolight	0.0	nan	True	20030.152	True	2.0
20045.153	2.0	trials	go_tone	8000.0	80.0	20045.153	0.1	False				False					nolight	0.0	nan	True	20047.846999999998	False	2.0
20072.003	2.0	trials	nogo_tone	4000.0	80.0	20072.003	0.1	True	5.0	20073.003	0.01	False					nolight	0.0	nan	False		False	3.0
20082.703	2.0	trials	go_tone	8000.0	80.0	20082.703	0.1	False				False					nolight	0.0	nan	True	20085.134000000002	True	2.0
20100.143	2.0	trials	go_tone	8000.0	80.0	20100.143	0.1	False				False					nolight	0.0	nan	True	20102.779	False	2.0
20127.144	2.0	trials	nogo_tone	4000.0	80.0	20127.144	0.1	True	5.0	20128.144	0.01	False					nolight	0.0	nan	False		False	3.0
20138.744	2.0	trials	nogo_tone	4000.0	80.0	20138.744	0.1	True	5.0	20139.744	0.01	False					nolight	0.0	nan	False		False	3.0
20149.565	2.0	trials	go_tone	8000.0	80.0	20149.565	0.1	False				False					nolight	0.0	nan	True	20152.055	True	2.0
20167.055	2.0	trials	go_tone	8000.0	80.0	20167.055	0.1	False				False					nolight	0.0	nan	True	20170.143	False	2.0
20194.465	2.0	trials	nogo_tone	4000.0	80.0	20194.465	0.1	False				False					nolight	0.0	nan	False		False	4.0
20205.645	2.0	trials	go_tone	8000.0	80.0	20205.645	0.1	False				False					nolight	0.0	nan	True	20207.915	True	2.0
20222.916	2.0	trials	go_tone	8000.0	80.0	20222.916	0.1	False				False					nolight	0.0	nan	True	20225.651	False	2.0
20249.566	2.0	trials	go_tone	8000.0	80.0	20249.566	0.1	False				True	100.0	12.0	20250.516	20250.865999999998	whisker	350.0	wS1	True	20252.323	False	2.0
20276.517	2.0	trials	no_tone					True	5.0	20277.517	0.01	False					nolight	0.0	nan	False		False	5.0
20288.057	2.0	trials	nogo_tone	4000.0	80.0	20288.057	0.1	False				False					nolight	0.0	nan	False		False	4.0
20298.837	2.0	trials	go_tone	8000.0	80.0	20298.837	0.1	False				False					nolight	0.0	nan	True	20301.675	False	2.0
20326.018	2.0	trials	go_tone	8000.0	80.0	20326.018	0.1	False				False					nolight	0.0	nan	False		False	2.0
20337.318	2.0	trials	nogo_tone	4000.0	80.0	20337.318	0.1	False				True	100.0	12.0	20338.268	20338.618	whisker	350.0	wS1	False		False	4.0
20347.978	2.0	trials	nogo_tone	4000.0	80.0	20347.978	0.1	False				False					nolight	0.0	nan	False		False	4.0
20359.048	2.0	trials	go_tone	8000.0	80.0	20359.048	0.1	False				False					nolight	0.0	nan	False		False	2.0
20370.298	2.0	trials	go_tone	8000.0	80.0	20370.298	0.1	True	5.0	20371.298	0.01	False					nolight	0.0	nan	True	20373.051	False	1.0
20381.749	2.0	trials	go_tone	8000.0	80.0	20381.749	0.1	False				False					nolight	0.0	nan	True	20384.129	True	2.0
20399.129	2.0	trials	go_tone	8000.0	80.0	20399.129	0.1	False				False					nolight	0.0	nan	True	20401.389	True	2.0
20416.399	2.0	trials	go_tone	8000.0	80.0	20416.399	0.1	False				False					nolight	0.0	nan	True	20418.759000000002	True	2.0
20433.763	2.0	trials	go_tone	8000.0	80.0	20433.763	0.1	False				False					nolight	0.0	nan	True	20436.159	True	2.0
20451.16	2.0	trials	go_tone	8000.0	80.0	20451.16	0.1	False				False					nolight	0.0	nan	False		False	2.0
20462.51	2.0	trials	go_tone	8000.0	80.0	20462.51	0.1	True	5.0	20463.51	0.01	False					nolight	0.0	nan	True	20465.231	False	1.0
20474.04	2.0	trials	no_tone					True	5.0	20475.04	0.01	False					nolight	0.0	nan	False		False	5.0
20485.17	2.0	trials	nogo_tone	4000.0	80.0	20485.17	0.1	True	5.0	20486.17	0.01	False					nolight	0.0	nan	False		False	3.0
20495.741	2.0	trials	nogo_tone	4000.0	80.0	20495.741	0.1	True	5.0	20496.741	0.01	True	100.0	12.0	20496.691000000003	20497.041	whisker	350.0	wS1	False		False	3.0
20506.631	2.0	trials	nogo_tone	4000.0	80.0	20506.631	0.1	True	5.0	20507.631	0.01	True	100.0	12.0	20507.581000000002	20507.931	whisker	350.0	wS1	False		False	3.0
20517.491	2.0	trials	go_tone	8000.0	80.0	20517.491	0.1	False				False					nolight	0.0	nan	True	20519.819000000003	True	2.0
20534.822	2.0	trials	go_tone	8000.0	80.0	20534.822	0.1	False				False					nolight	0.0	nan	True	20537.181	True	2.0
20552.182	2.0	trials	go_tone	8000.0	80.0	20552.182	0.1	False				False					nolight	0.0	nan	True	20555.146	False	2.0
20578.742	2.0	trials	go_tone	8000.0	80.0	20578.742	0.1	True	5.0	20579.742	0.01	False					nolight	0.0	nan	True	20581.493	False	1.0
20589.472	2.0	trials	no_tone					True	5.0	20590.472	0.01	True	100.0	12.0	20590.422000000002	20590.772	whisker	350.0	wS1	False		False	5.0
20600.722	2.0	trials	go_tone	8000.0	80.0	20600.722	0.1	True	5.0	20601.722	0.01	True	100.0	12.0	20601.672000000002	20602.022	whisker	350.0	wS1	True	20603.153000000002	True	1.0
20618.163	2.0	trials	go_tone	8000.0	80.0	20618.163	0.1	True	5.0	20619.163	0.01	True	100.0	12.0	20619.113	20619.463	whisker	350.0	wS1	True	20621.08	False	1.0
20629.383	2.0	trials	no_tone					True	5.0	20630.383	0.01	False					nolight	0.0	nan	False		False	5.0
20640.903	2.0	trials	go_tone	8000.0	80.0	20640.903	0.1	False				False					nolight	0.0	nan	True	20643.382999999998	True	2.0
20658.383	2.0	trials	go_tone	8000.0	80.0	20658.383	0.1	False				False					nolight	0.0	nan	True	20660.733	True	2.0
20675.734	2.0	trials	go_tone	8000.0	80.0	20675.734	0.1	False				False					nolight	0.0	nan	True	20678.12	True	2.0
20693.124	2.0	trials	go_tone	8000.0	80.0	20693.124	0.1	False				False					nolight	0.0	nan	True	20695.82	False	2.0
20720.196	2.0	trials	go_tone	8000.0	80.0	20720.196	0.1	True	5.0	20721.196	0.01	True	100.0	12.0	20721.146	20721.496	whisker	350.0	wS1	True	20722.968	False	1.0
20731.485	2.0	trials	go_tone	8000.0	80.0	20731.485	0.1	False				True	100.0	12.0	20732.435	20732.785	whisker	350.0	wS1	True	20734.961	False	2.0
20758.125	2.0	trials	no_tone					True	5.0	20759.125	0.01	False					nolight	0.0	nan	False		False	5.0
20769.552	2.0	trials	go_tone	8000.0	80.0	20769.552	0.1	False				True	100.0	12.0	20770.502	20770.852	whisker	350.0	wS1	False		False	2.0
20780.366	2.0	trials	nogo_tone	4000.0	80.0	20780.366	0.1	True	5.0	20781.366	0.01	False					nolight	0.0	nan	False		False	3.0
20791.726	2.0	trials	nogo_tone	4000.0	80.0	20791.726	0.1	False				False					nolight	0.0	nan	False		False	4.0
20803.236	2.0	trials	no_tone					True	5.0	20804.236	0.01	True	100.0	12.0	20804.186	20804.536	whisker	350.0	wS1	False		False	5.0
20814.636	2.0	trials	nogo_tone	4000.0	80.0	20814.636	0.1	True	5.0	20815.636	0.01	False					nolight	0.0	nan	False		False	3.0
20825.246	2.0	trials	nogo_tone	4000.0	80.0	20825.246	0.1	True	5.0	20826.246	0.01	False					nolight	0.0	nan	False		False	3.0
20835.987	2.0	trials	go_tone	8000.0	80.0	20835.987	0.1	False				False					nolight	0.0	nan	False		False	2.0
20847.127	2.0	trials	no_tone					True	5.0	20848.127	0.01	False					nolight	0.0	nan	False		False	5.0
20858.557	2.0	trials	go_tone	8000.0	80.0	20858.557	0.1	True	5.0	20859.557	0.01	False					nolight	0.0	nan	False		False	1.0
20869.987	2.0	trials	go_tone	8000.0	80.0	20869.987	0.1	False				True	100.0	12.0	20870.937	20871.287	whisker	350.0	wS1	False		False	2.0
20880.758	2.0	trials	go_tone	8000.0	80.0	20880.758	0.1	False				False					nolight	0.0	nan	False		False	2.0
20891.368	2.0	trials	go_tone	8000.0	80.0	20891.368	0.1	False				False					nolight	0.0	nan	False		False	2.0
20902.258	2.0	trials	nogo_tone	4000.0	80.0	20902.258	0.1	False				False					nolight	0.0	nan	True	20904.198	True	4.0
20919.204	2.0	trials	nogo_tone	4000.0	80.0	20919.204	0.1	False				False					nolight	0.0	nan	False		False	4.0
20929.864	2.0	trials	nogo_tone	4000.0	80.0	20929.864	0.1	True	5.0	20930.864	0.01	True	100.0	12.0	20930.814000000002	20931.164	whisker	350.0	wS1	False		False	3.0
20940.698	2.0	trials	go_tone	8000.0	80.0	20940.698	0.1	False				False					nolight	0.0	nan	False		False	2.0
20951.358	2.0	trials	go_tone	8000.0	80.0	20951.358	0.1	False				True	100.0	12.0	20952.308	20952.658	whisker	350.0	wS1	False		False	2.0
20962.409	2.0	trials	nogo_tone	4000.0	80.0	20962.409	0.1	True	5.0	20963.409	0.01	False					nolight	0.0	nan	False		False	3.0
20973.579	2.0	trials	go_tone	8000.0	80.0	20973.579	0.1	False				False					nolight	0.0	nan	False		False	2.0
20984.395	2.0	trials	no_tone					True	5.0	20985.395	0.01	False					nolight	0.0	nan	False		False	5.0
20995.109	2.0	trials	go_tone	8000.0	80.0	20995.109	0.1	True	5.0	20996.109	0.01	False					nolight	0.0	nan	False		False	1.0
21005.68	2.0	trials	no_tone					True	5.0	21006.68	0.01	False					nolight	0.0	nan	False		False	5.0
21016.85	2.0	trials	go_tone	8000.0	80.0	21016.85	0.1	False				False					nolight	0.0	nan	False		False	2.0
21028.13	2.0	trials	nogo_tone	4000.0	80.0	21028.13	0.1	False				True	100.0	12.0	21029.08	21029.43	whisker	350.0	wS1	False		False	4.0
21039.66	2.0	trials	nogo_tone	4000.0	80.0	21039.66	0.1	False				False					nolight	0.0	nan	False		False	4.0
21050.551	2.0	trials	no_tone					True	5.0	21051.551	0.01	True	100.0	12.0	21051.501	21051.851	whisker	350.0	wS1	False		False	5.0
21061.863	2.0	trials	go_tone	8000.0	80.0	21061.863	0.1	True	5.0	21062.863	0.01	True	100.0	12.0	21062.813000000002	21063.163	whisker	350.0	wS1	False		False	1.0
21073.291	2.0	trials	no_tone					True	5.0	21074.291	0.01	False					nolight	0.0	nan	False		False	5.0
21084.791	2.0	trials	nogo_tone	4000.0	80.0	21084.791	0.1	True	5.0	21085.791	0.01	False					nolight	0.0	nan	False		False	3.0
21096.131	2.0	trials	go_tone	8000.0	80.0	21096.131	0.1	True	5.0	21097.131	0.01	True	100.0	12.0	21097.081000000002	21097.431	whisker	350.0	wS1	False		False	1.0
21107.201	2.0	trials	nogo_tone	4000.0	80.0	21107.201	0.1	True	5.0	21108.201	0.01	True	100.0	12.0	21108.151	21108.501	whisker	350.0	wS1	False		False	3.0
21118.404	2.0	trials	nogo_tone	4000.0	80.0	21118.404	0.1	True	5.0	21119.404	0.01	False					nolight	0.0	nan	False		False	3.0
21129.312	2.0	trials	nogo_tone	4000.0	80.0	21129.312	0.1	True	5.0	21130.312	0.01	False					nolight	0.0	nan	False		False	3.0
21140.172	2.0	trials	go_tone	8000.0	80.0	21140.172	0.1	False				False					nolight	0.0	nan	True	21143.142	False	2.0
21175.179	2.0	trials	go_tone	8000.0	80.0	21175.179	0.1	False				True	100.0	12.0	21176.129	21176.479	whisker	350.0	wS1	False		False	2.0
21185.833	2.0	trials	go_tone	8000.0	80.0	21185.833	0.1	True	5.0	21186.833	0.01	False					nolight	0.0	nan	True	21188.357	True	1.0
21203.363	2.0	trials	go_tone	8000.0	80.0	21203.363	0.1	True	5.0	21204.363	0.01	False					nolight	0.0	nan	True	21206.028000000002	False	1.0
21214.213	2.0	trials	no_tone					True	5.0	21215.213	0.01	False					nolight	0.0	nan	False		False	5.0
21225.253	2.0	trials	go_tone	8000.0	80.0	21225.253	0.1	True	5.0	21226.253	0.01	False					nolight	0.0	nan	False		False	1.0
21236.154	2.0	trials	go_tone	8000.0	80.0	21236.154	0.1	False				False					nolight	0.0	nan	False		False	2.0
21247.604	2.0	trials	go_tone	8000.0	80.0	21247.604	0.1	True	5.0	21248.604	0.01	False					nolight	0.0	nan	False		False	1.0
21259.074	2.0	trials	no_tone					True	5.0	21260.074	0.01	True	100.0	12.0	21260.024	21260.374	whisker	350.0	wS1	False		False	5.0
21269.974	2.0	trials	go_tone	8000.0	80.0	21269.974	0.1	False				True	100.0	12.0	21270.924	21271.273999999998	whisker	350.0	wS1	True	21273.034	False	2.0
21297.338	2.0	trials	go_tone	8000.0	80.0	21297.338	0.1	False				False					nolight	0.0	nan	False		False	2.0
21308.765	2.0	trials	go_tone	8000.0	80.0	21308.765	0.1	False				True	100.0	12.0	21309.715	21310.065	whisker	350.0	wS1	False		False	2.0
21319.535	2.0	trials	go_tone	8000.0	80.0	21319.535	0.1	False				True	100.0	12.0	21320.485	21320.835	whisker	350.0	wS1	False		False	2.0
21330.755	2.0	trials	nogo_tone	4000.0	80.0	21330.755	0.1	False				True	100.0	12.0	21331.705	21332.055	whisker	350.0	wS1	False		False	4.0
21341.335	2.0	trials	nogo_tone	4000.0	80.0	21341.335	0.1	True	5.0	21342.335	0.01	False					nolight	0.0	nan	False		False	3.0
21352.156	2.0	trials	no_tone					True	5.0	21353.156	0.01	False					nolight	0.0	nan	False		False	5.0
21363.616	2.0	trials	nogo_tone	4000.0	80.0	21363.616	0.1	True	5.0	21364.616	0.01	False					nolight	0.0	nan	False		False	3.0
21374.686	2.0	trials	nogo_tone	4000.0	80.0	21374.686	0.1	True	5.0	21375.686	0.01	False					nolight	0.0	nan	False		False	3.0
21386.116	2.0	trials	go_tone	8000.0	80.0	21386.116	0.1	False				True	100.0	12.0	21387.066000000003	21387.416	whisker	350.0	wS1	True	21388.933	False	2.0
21413.057	2.0	trials	go_tone	8000.0	80.0	21413.057	0.1	True	5.0	21414.057	0.01	False					nolight	0.0	nan	False		False	1.0
21424.117	2.0	trials	nogo_tone	4000.0	80.0	21424.117	0.1	False				False					nolight	0.0	nan	False		False	4.0
21435.437	2.0	trials	no_tone					True	5.0	21436.437	0.01	False					nolight	0.0	nan	False		False	5.0
21446.767	2.0	trials	no_tone					True	5.0	21447.767	0.01	False					nolight	0.0	nan	False		False	5.0
21458.097	2.0	trials	go_tone	8000.0	80.0	21458.097	0.1	False				False					nolight	0.0	nan	False		False	2.0
21503.208	2.0	trials	nogo_tone	4000.0	80.0	21503.208	0.1	True	5.0	21504.208	0.01	True	100.0	12.0	21504.158	21504.507999999998	whisker	350.0	wS1	False		False	3.0
21514.048	2.0	trials	go_tone	8000.0	80.0	21514.048	0.1	True	5.0	21515.048	0.01	True	100.0	12.0	21514.998	21515.347999999998	whisker	350.0	wS1	True	21516.834	False	1.0
21525.409	2.0	trials	go_tone	8000.0	80.0	21525.409	0.1	True	5.0	21526.409	0.01	False					nolight	0.0	nan	True	21528.077	False	1.0
21536.769	2.0	trials	go_tone	8000.0	80.0	21536.769	0.1	True	5.0	21537.769	0.01	False					nolight	0.0	nan	True	21539.209	True	1.0
21554.219	2.0	trials	go_tone	8000.0	80.0	21554.219	0.1	True	5.0	21555.219	0.01	False					nolight	0.0	nan	True	21556.888000000003	False	1.0
21565.719	2.0	trials	nogo_tone	4000.0	80.0	21565.719	0.1	True	5.0	21566.719	0.01	False					nolight	0.0	nan	False		False	3.0
21577.169	2.0	trials	go_tone	8000.0	80.0	21577.169	0.1	True	5.0	21578.169	0.01	False					nolight	0.0	nan	True	21579.844	False	1.0
21588.17	2.0	trials	nogo_tone	4000.0	80.0	21588.17	0.1	True	5.0	21589.17	0.01	True	100.0	12.0	21589.12	21589.469999999998	whisker	350.0	wS1	False		False	3.0
21599.7	2.0	trials	go_tone	8000.0	80.0	21599.7	0.1	False				False					nolight	0.0	nan	False		False	2.0
21610.67	2.0	trials	go_tone	8000.0	80.0	21610.67	0.1	False				False					nolight	0.0	nan	True	21613.317	False	2.0
21637.961	2.0	trials	go_tone	8000.0	80.0	21637.961	0.1	False				False					nolight	0.0	nan	True	21640.695	False	2.0
21664.901	2.0	trials	no_tone					True	5.0	21665.901	0.01	True	100.0	12.0	21665.851000000002	21666.201	whisker	350.0	wS1	False		False	5.0
21675.891	2.0	trials	go_tone	8000.0	80.0	21675.891	0.1	True	5.0	21676.891	0.01	True	100.0	12.0	21676.841	21677.191	whisker	350.0	wS1	True	21678.341	True	1.0
21693.342	2.0	trials	go_tone	8000.0	80.0	21693.342	0.1	True	5.0	21694.342	0.01	True	100.0	12.0	21694.292	21694.642	whisker	350.0	wS1	True	21696.03	False	1.0
21703.958	2.0	trials	nogo_tone	4000.0	80.0	21703.958	0.1	False				False					nolight	0.0	nan	False		False	4.0
21715.512	2.0	trials	no_tone					True	5.0	21716.512	0.01	False					nolight	0.0	nan	False		False	5.0
21726.392	2.0	trials	no_tone					True	5.0	21727.392	0.01	True	100.0	12.0	21727.342	21727.692	whisker	350.0	wS1	False		False	5.0
21737.534	2.0	trials	go_tone	8000.0	80.0	21737.534	0.1	False				False					nolight	0.0	nan	True	21740.471	False	2.0
21764.383	2.0	trials	go_tone	8000.0	80.0	21764.383	0.1	True	5.0	21765.383	0.01	False					nolight	0.0	nan	True	21767.116	False	1.0
21775.143	2.0	trials	no_tone					True	5.0	21776.143	0.01	False					nolight	0.0	nan	False		False	5.0
21786.653	2.0	trials	go_tone	8000.0	80.0	21786.653	0.1	True	5.0	21787.653	0.01	False					nolight	0.0	nan	True	21789.328999999998	False	1.0
21797.305	2.0	trials	nogo_tone	4000.0	80.0	21797.305	0.1	True	5.0	21798.305	0.01	True	100.0	12.0	21798.255	21798.605	whisker	350.0	wS1	False		False	3.0
21808.804	2.0	trials	no_tone					True	5.0	21809.804	0.01	False					nolight	0.0	nan	False		False	5.0
21819.495	2.0	trials	go_tone	8000.0	80.0	21819.495	0.1	False				True	100.0	12.0	21820.445	21820.795	whisker	350.0	wS1	True	21821.925	True	2.0
21836.925	2.0	trials	go_tone	8000.0	80.0	21836.925	0.1	False				True	100.0	12.0	21837.875	21838.225	whisker	350.0	wS1	True	21839.451999999997	True	2.0
21854.455	2.0	trials	go_tone	8000.0	80.0	21854.455	0.1	False				True	100.0	12.0	21855.405000000002	21855.755	whisker	350.0	wS1	True	21857.005	True	2.0
21872.005	2.0	trials	go_tone	8000.0	80.0	21872.005	0.1	False				True	100.0	12.0	21872.955	21873.305	whisker	350.0	wS1	True	21874.577	False	2.0
21899.121	2.0	trials	go_tone	8000.0	80.0	21899.121	0.1	False				False					nolight	0.0	nan	False		False	2.0
21910.495	2.0	trials	nogo_tone	4000.0	80.0	21910.495	0.1	True	5.0	21911.495	0.01	False					nolight	0.0	nan	False		False	3.0
21921.786	2.0	trials	go_tone	8000.0	80.0	21921.786	0.1	True	5.0	21922.786	0.01	False					nolight	0.0	nan	True	21924.556	False	1.0
21932.716	2.0	trials	go_tone	8000.0	80.0	21932.716	0.1	False				False					nolight	0.0	nan	True	21935.166	True	2.0
21950.176	2.0	trials	go_tone	8000.0	80.0	21950.176	0.1	False				False					nolight	0.0	nan	True	21952.797	False	2.0
21976.827	2.0	trials	nogo_tone	4000.0	80.0	21976.827	0.1	True	5.0	21977.827	0.01	True	100.0	12.0	21977.777000000002	21978.127	whisker	350.0	wS1	False		False	3.0
21987.887	2.0	trials	nogo_tone	4000.0	80.0	21987.887	0.1	True	5.0	21988.887	0.01	False					nolight	0.0	nan	False		False	3.0
21999.257	2.0	trials	go_tone	8000.0	80.0	21999.257	0.1	False				False					nolight	0.0	nan	True	22002.039	False	2.0
22026.498	2.0	trials	go_tone	8000.0	80.0	22026.498	0.1	True	5.0	22027.498	0.01	True	100.0	12.0	22027.448	22027.798	whisker	350.0	wS1	True	22029.038	True	1.0
22044.048	2.0	trials	go_tone	8000.0	80.0	22044.048	0.1	True	5.0	22045.048	0.01	True	100.0	12.0	22044.998	22045.347999999998	whisker	350.0	wS1	True	22046.638	False	1.0
22054.89	2.0	trials	no_tone					True	5.0	22055.89	0.01	True	100.0	12.0	22055.84	22056.19	whisker	350.0	wS1	False		False	5.0
22066.388	2.0	trials	no_tone					True	5.0	22067.388	0.01	False					nolight	0.0	nan	False		False	5.0
22077.509	2.0	trials	go_tone	8000.0	80.0	22077.509	0.1	True	5.0	22078.509	0.01	True	100.0	12.0	22078.459	22078.808999999997	whisker	350.0	wS1	True	22080.173	False	1.0
22088.239	2.0	trials	nogo_tone	4000.0	80.0	22088.239	0.1	False				False					nolight	0.0	nan	False		False	4.0
22099.359	2.0	trials	nogo_tone	4000.0	80.0	22099.359	0.1	True	5.0	22100.359	0.01	False					nolight	0.0	nan	False		False	3.0
22110.359	2.0	trials	go_tone	8000.0	80.0	22110.359	0.1	False				True	100.0	12.0	22111.309	22111.659	whisker	350.0	wS1	True	22113.137	False	2.0
22137.84	2.0	trials	no_tone					True	5.0	22138.84	0.01	True	100.0	12.0	22138.79	22139.14	whisker	350.0	wS1	False		False	5.0
22149.226	2.0	trials	nogo_tone	4000.0	80.0	22149.226	0.1	True	5.0	22150.226	0.01	False					nolight	0.0	nan	False		False	3.0
22160.56	2.0	trials	go_tone	8000.0	80.0	22160.56	0.1	False				False					nolight	0.0	nan	True	22163.145	False	2.0
22187.88	2.0	trials	go_tone	8000.0	80.0	22187.88	0.1	False				False					nolight	0.0	nan	True	22190.54	False	2.0
22215.331	2.0	trials	nogo_tone	4000.0	80.0	22215.331	0.1	False				False					nolight	0.0	nan	False		False	4.0
22225.971	2.0	trials	go_tone	8000.0	80.0	22225.971	0.1	False				True	100.0	12.0	22226.921000000002	22227.271	whisker	350.0	wS1	True	22228.592	False	2.0
22253.271	2.0	trials	nogo_tone	4000.0	80.0	22253.271	0.1	False				True	100.0	12.0	22254.221	22254.571	whisker	350.0	wS1	False		False	4.0
22264.552	2.0	trials	go_tone	8000.0	80.0	22264.552	0.1	True	5.0	22265.552	0.01	False					nolight	0.0	nan	True	22267.244	False	1.0
22275.412	2.0	trials	no_tone					True	5.0	22276.412	0.01	False					nolight	0.0	nan	False		False	5.0
22286.102	2.0	trials	go_tone	8000.0	80.0	22286.102	0.1	False				False					nolight	0.0	nan	False		False	2.0
22297.312	2.0	trials	go_tone	8000.0	80.0	22297.312	0.1	True	5.0	22298.312	0.01	False					nolight	0.0	nan	True	22299.752	True	1.0
22314.753	2.0	trials	go_tone	8000.0	80.0	22314.753	0.1	True	5.0	22315.753	0.01	False					nolight	0.0	nan	True	22317.43	False	1.0
22326.263	2.0	trials	no_tone					True	5.0	22327.263	0.01	True	100.0	12.0	22327.213	22327.563	whisker	350.0	wS1	False		False	5.0
22337.504	2.0	trials	go_tone	8000.0	80.0	22337.504	0.1	False				False					nolight	0.0	nan	True	22340.356	False	2.0
22364.203	2.0	trials	no_tone					True	5.0	22365.203	0.01	True	100.0	12.0	22365.153000000002	22365.503	whisker	350.0	wS1	False		False	5.0
22375.674	2.0	trials	go_tone	8000.0	80.0	22375.674	0.1	False				False					nolight	0.0	nan	True	22378.45	False	2.0
22402.464	2.0	trials	go_tone	8000.0	80.0	22402.464	0.1	True	5.0	22403.464	0.01	False					nolight	0.0	nan	True	22405.036	False	1.0
22413.344	2.0	trials	go_tone	8000.0	80.0	22413.344	0.1	True	5.0	22414.344	0.01	True	100.0	12.0	22414.294	22414.644	whisker	350.0	wS1	True	22416.064000000002	False	1.0
22424.275	2.0	trials	go_tone	8000.0	80.0	22424.275	0.1	False				True	100.0	12.0	22425.225000000002	22425.575	whisker	350.0	wS1	True	22427.243000000002	False	2.0
22451.165	2.0	trials	go_tone	8000.0	80.0	22451.165	0.1	False				True	100.0	12.0	22452.115	22452.465	whisker	350.0	wS1	True	22453.741	False	2.0
22478.325	2.0	trials	nogo_tone	4000.0	80.0	22478.325	0.1	False				True	100.0	12.0	22479.275	22479.625	whisker	350.0	wS1	False		False	4.0
22489.136	2.0	trials	no_tone					True	5.0	22490.136	0.01	False					nolight	0.0	nan	False		False	5.0
22499.896	2.0	trials	nogo_tone	4000.0	80.0	22499.896	0.1	False				False					nolight	0.0	nan	False		False	4.0
22511.416	2.0	trials	nogo_tone	4000.0	80.0	22511.416	0.1	True	5.0	22512.416	0.01	True	100.0	12.0	22512.366	22512.716	whisker	350.0	wS1	False		False	3.0
22522.196	2.0	trials	no_tone					True	5.0	22523.196	0.01	False					nolight	0.0	nan	False		False	5.0
22533.716	2.0	trials	go_tone	8000.0	80.0	22533.716	0.1	False				False					nolight	0.0	nan	True	22536.398	False	2.0
22560.947	2.0	trials	nogo_tone	4000.0	80.0	22560.947	0.1	True	5.0	22561.947	0.01	False					nolight	0.0	nan	False		False	3.0
22571.987	2.0	trials	go_tone	8000.0	80.0	22571.987	0.1	True	5.0	22572.987	0.01	True	100.0	12.0	22572.937	22573.287	whisker	350.0	wS1	True	22574.347	True	1.0
22589.357	2.0	trials	go_tone	8000.0	80.0	22589.357	0.1	True	5.0	22590.357	0.01	True	100.0	12.0	22590.307	22590.657	whisker	350.0	wS1	True	22591.681	True	1.0
22606.688	2.0	trials	go_tone	8000.0	80.0	22606.688	0.1	True	5.0	22607.688	0.01	True	100.0	12.0	22607.638	22607.987999999998	whisker	350.0	wS1	True	22609.328999999998	False	1.0
22617.518	2.0	trials	nogo_tone	4000.0	80.0	22617.518	0.1	False				False					nolight	0.0	nan	False		False	4.0
22628.228	2.0	trials	no_tone					True	5.0	22629.228	0.01	False					nolight	0.0	nan	False		False	5.0
22639.594	2.0	trials	nogo_tone	4000.0	80.0	22639.594	0.1	True	5.0	22640.594	0.01	False					nolight	0.0	nan	False		False	3.0
22650.438	2.0	trials	go_tone	8000.0	80.0	22650.438	0.1	True	5.0	22651.438	0.01	False					nolight	0.0	nan	True	22652.963	True	1.0
22667.969	2.0	trials	go_tone	8000.0	80.0	22667.969	0.1	True	5.0	22668.969	0.01	False					nolight	0.0	nan	True	22670.600000000002	False	1.0
22679.149	2.0	trials	go_tone	8000.0	80.0	22679.149	0.1	False				True	100.0	12.0	22680.099000000002	22680.449	whisker	350.0	wS1	True	22681.673000000003	True	2.0
22696.679	2.0	trials	go_tone	8000.0	80.0	22696.679	0.1	False				True	100.0	12.0	22697.629	22697.979	whisker	350.0	wS1	True	22699.397	False	2.0
22723.45	2.0	trials	nogo_tone	4000.0	80.0	22723.45	0.1	True	5.0	22724.45	0.01	True	100.0	12.0	22724.4	22724.75	whisker	350.0	wS1	False		False	3.0
22734.02	2.0	trials	go_tone	8000.0	80.0	22734.02	0.1	False				False					nolight	0.0	nan	True	22737.11	False	2.0
22761.411	2.0	trials	nogo_tone	4000.0	80.0	22761.411	0.1	True	5.0	22762.411	0.01	False					nolight	0.0	nan	True	22764.127	False	3.0
22788.331	2.0	trials	nogo_tone	4000.0	80.0	22788.331	0.1	True	5.0	22789.331	0.01	False					nolight	0.0	nan	False		False	3.0
22799.861	2.0	trials	go_tone	8000.0	80.0	22799.861	0.1	True	5.0	22800.861	0.01	False					nolight	0.0	nan	True	22802.521	False	1.0
22810.611	2.0	trials	no_tone					True	5.0	22811.611	0.01	False					nolight	0.0	nan	False		False	5.0
22821.381	2.0	trials	go_tone	8000.0	80.0	22821.381	0.1	False				False					nolight	0.0	nan	True	22823.761000000002	True	2.0
22838.762	2.0	trials	go_tone	8000.0	80.0	22838.762	0.1	False				False					nolight	0.0	nan	True	22841.341	False	2.0
22865.642	2.0	trials	go_tone	8000.0	80.0	22865.642	0.1	False				False					nolight	0.0	nan	True	22868.166	True	2.0
22883.173	2.0	trials	go_tone	8000.0	80.0	22883.173	0.1	False				False					nolight	0.0	nan	True	22885.623	True	2.0
22900.633	2.0	trials	go_tone	8000.0	80.0	22900.633	0.1	False				False					nolight	0.0	nan	True	22903.871000000003	False	2.0
22927.733	2.0	trials	go_tone	8000.0	80.0	22927.733	0.1	False				False					nolight	0.0	nan	False		False	2.0
22938.733	2.0	trials	go_tone	8000.0	80.0	22938.733	0.1	False				True	100.0	12.0	22939.683	22940.033	whisker	350.0	wS1	False		False	2.0
22949.514	2.0	trials	no_tone					True	5.0	22950.514	0.01	False					nolight	0.0	nan	False		False	5.0
22960.254	2.0	trials	go_tone	8000.0	80.0	22960.254	0.1	True	5.0	22961.254	0.01	False					nolight	0.0	nan	True	22962.677	True	1.0
22977.684	2.0	trials	go_tone	8000.0	80.0	22977.684	0.1	True	5.0	22978.684	0.01	False					nolight	0.0	nan	True	22980.404000000002	False	1.0
22988.604	2.0	trials	nogo_tone	4000.0	80.0	22988.604	0.1	True	5.0	22989.604	0.01	False					nolight	0.0	nan	False		False	3.0
22999.845	2.0	trials	nogo_tone	4000.0	80.0	22999.845	0.1	False				True	100.0	12.0	23000.795000000002	23001.145	whisker	350.0	wS1	False		False	4.0
23010.415	2.0	trials	go_tone	8000.0	80.0	23010.415	0.1	False				False					nolight	0.0	nan	False		False	2.0
23021.955	2.0	trials	nogo_tone	4000.0	80.0	23021.955	0.1	False				False					nolight	0.0	nan	False		False	4.0
23033.025	2.0	trials	no_tone					True	5.0	23034.025	0.01	True	100.0	12.0	23033.975000000002	23034.325	whisker	350.0	wS1	False		False	5.0
23044.545	2.0	trials	nogo_tone	4000.0	80.0	23044.545	0.1	False				False					nolight	0.0	nan	False		False	4.0
23055.446	2.0	trials	nogo_tone	4000.0	80.0	23055.446	0.1	True	5.0	23056.446	0.01	False					nolight	0.0	nan	False		False	3.0
23066.786	2.0	trials	no_tone					True	5.0	23067.786	0.01	True	100.0	12.0	23067.736	23068.086	whisker	350.0	wS1	False		False	5.0
23077.482	2.0	trials	go_tone	8000.0	80.0	23077.482	0.1	True	5.0	23078.482	0.01	True	100.0	12.0	23078.432	23078.782	whisker	350.0	wS1	True	23080.358	False	1.0
23088.176	2.0	trials	go_tone	8000.0	80.0	23088.176	0.1	True	5.0	23089.176	0.01	True	100.0	12.0	23089.126	23089.476	whisker	350.0	wS1	True	23090.766	False	1.0
23099.606	2.0	trials	no_tone					True	5.0	23100.606	0.01	False					nolight	0.0	nan	False		False	5.0
23110.867	2.0	trials	no_tone					True	5.0	23111.867	0.01	False					nolight	0.0	nan	False		False	5.0
23121.517	2.0	trials	nogo_tone	4000.0	80.0	23121.517	0.1	True	5.0	23122.517	0.01	False					nolight	0.0	nan	False		False	3.0
23132.937	2.0	trials	no_tone					True	5.0	23133.937	0.01	False					nolight	0.0	nan	False		False	5.0
23143.977	2.0	trials	go_tone	8000.0	80.0	23143.977	0.1	False				False					nolight	0.0	nan	True	23146.527	True	2.0
23161.534	2.0	trials	go_tone	8000.0	80.0	23161.534	0.1	False				False					nolight	0.0	nan	True	23163.968	True	2.0
23178.968	2.0	trials	go_tone	8000.0	80.0	23178.968	0.1	False				False					nolight	0.0	nan	True	23181.427	True	2.0
23196.428	2.0	trials	go_tone	8000.0	80.0	23196.428	0.1	False				False					nolight	0.0	nan	True	23198.753	True	2.0
23213.758	2.0	trials	go_tone	8000.0	80.0	23213.758	0.1	False				False					nolight	0.0	nan	True	23216.482	False	2.0
23240.529	2.0	trials	go_tone	8000.0	80.0	23240.529	0.1	False				True	100.0	12.0	23241.479	23241.828999999998	whisker	350.0	wS1	True	23243.154	False	2.0
23267.9	2.0	trials	go_tone	8000.0	80.0	23267.9	0.1	False				True	100.0	12.0	23268.850000000002	23269.2	whisker	350.0	wS1	True	23270.491	False	2.0
23294.73	2.0	trials	go_tone	8000.0	80.0	23294.73	0.1	True	5.0	23295.73	0.01	False					nolight	0.0	nan	False		False	1.0
23338.451	2.0	trials	nogo_tone	4000.0	80.0	23338.451	0.1	True	5.0	23339.451	0.01	True	100.0	12.0	23339.401	23339.751	whisker	350.0	wS1	False		False	3.0
23349.271	2.0	trials	go_tone	8000.0	80.0	23349.271	0.1	True	5.0	23350.271	0.01	False					nolight	0.0	nan	True	23351.965	False	1.0
23360.621	2.0	trials	go_tone	8000.0	80.0	23360.621	0.1	True	5.0	23361.621	0.01	False					nolight	0.0	nan	True	23363.292999999998	False	1.0
23371.811	2.0	trials	go_tone	8000.0	80.0	23371.811	0.1	False				False					nolight	0.0	nan	True	23374.291	True	2.0
23389.291	2.0	trials	go_tone	8000.0	80.0	23389.291	0.1	False				False					nolight	0.0	nan	True	23391.832000000002	True	2.0
23406.832	2.0	trials	go_tone	8000.0	80.0	23406.832	0.1	False				False					nolight	0.0	nan	True	23409.509	False	2.0
23434.203	2.0	trials	go_tone	8000.0	80.0	23434.203	0.1	False				False					nolight	0.0	nan	False		False	2.0
23445.712	2.0	trials	nogo_tone	4000.0	80.0	23445.712	0.1	True	5.0	23446.712	0.01	True	100.0	12.0	23446.662	23447.012	whisker	350.0	wS1	False		False	3.0
23456.423	2.0	trials	go_tone	8000.0	80.0	23456.423	0.1	False				False					nolight	0.0	nan	False		False	2.0
23467.633	2.0	trials	nogo_tone	4000.0	80.0	23467.633	0.1	True	5.0	23468.633	0.01	False					nolight	0.0	nan	False		False	3.0
23478.423	2.0	trials	go_tone	8000.0	80.0	23478.423	0.1	False				True	100.0	12.0	23479.373	23479.722999999998	whisker	350.0	wS1	False		False	2.0
23489.893	2.0	trials	nogo_tone	4000.0	80.0	23489.893	0.1	True	5.0	23490.893	0.01	False					nolight	0.0	nan	False		False	3.0
23501.093	2.0	trials	go_tone	8000.0	80.0	23501.093	0.1	False				False					nolight	0.0	nan	False		False	2.0
23512.033	2.0	trials	nogo_tone	4000.0	80.0	23512.033	0.1	False				False					nolight	0.0	nan	False		False	4.0
23523.084	2.0	trials	nogo_tone	4000.0	80.0	23523.084	0.1	True	5.0	23524.084	0.01	False					nolight	0.0	nan	False		False	3.0
23533.924	2.0	trials	no_tone					True	5.0	23534.924	0.01	True	100.0	12.0	23534.874	23535.224	whisker	350.0	wS1	False		False	5.0
23544.634	2.0	trials	no_tone					True	5.0	23545.634	0.01	False					nolight	0.0	nan	False		False	5.0
23555.794	2.0	trials	go_tone	8000.0	80.0	23555.794	0.1	True	5.0	23556.794	0.01	False					nolight	0.0	nan	True	23558.445000000003	False	1.0
23566.914	2.0	trials	nogo_tone	4000.0	80.0	23566.914	0.1	True	5.0	23567.914	0.01	True	100.0	12.0	23567.864	23568.214	whisker	350.0	wS1	False		False	3.0
23577.585	2.0	trials	no_tone					True	5.0	23578.585	0.01	False					nolight	0.0	nan	False		False	5.0
23588.385	2.0	trials	go_tone	8000.0	80.0	23588.385	0.1	False				False					nolight	0.0	nan	True	23591.007999999998	False	2.0
23615.335	2.0	trials	go_tone	8000.0	80.0	23615.335	0.1	True	5.0	23616.335	0.01	False					nolight	0.0	nan	True	23617.774999999998	True	1.0
23632.785	2.0	trials	go_tone	8000.0	80.0	23632.785	0.1	True	5.0	23633.785	0.01	False					nolight	0.0	nan	True	23635.48	False	1.0
23643.766	2.0	trials	nogo_tone	4000.0	80.0	23643.766	0.1	True	5.0	23644.766	0.01	False					nolight	0.0	nan	False		False	3.0
23654.836	2.0	trials	go_tone	8000.0	80.0	23654.836	0.1	False				True	100.0	12.0	23655.786	23656.136	whisker	350.0	wS1	False		False	2.0
23666.036	2.0	trials	nogo_tone	4000.0	80.0	23666.036	0.1	False				False					nolight	0.0	nan	False		False	4.0
23676.666	2.0	trials	no_tone					True	5.0	23677.666	0.01	True	100.0	12.0	23677.616	23677.966	whisker	350.0	wS1	False		False	5.0
23688.087	2.0	trials	no_tone					True	5.0	23689.087	0.01	False					nolight	0.0	nan	False		False	5.0
23699.463	2.0	trials	nogo_tone	4000.0	80.0	23699.463	0.1	False				True	100.0	12.0	23700.413	23700.763	whisker	350.0	wS1	False		False	4.0
23710.958	2.0	trials	go_tone	8000.0	80.0	23710.958	0.1	True	5.0	23711.958	0.01	False					nolight	0.0	nan	False		False	1.0
23721.547	2.0	trials	go_tone	8000.0	80.0	23721.547	0.1	True	5.0	23722.547	0.01	False					nolight	0.0	nan	False		False	1.0
23732.177	2.0	trials	go_tone	8000.0	80.0	23732.177	0.1	True	5.0	23733.177	0.01	True	100.0	12.0	23733.127	23733.477	whisker	350.0	wS1	False		False	1.0
23743.607	2.0	trials	go_tone	8000.0	80.0	23743.607	0.1	False				False					nolight	0.0	nan	False		False	2.0
23754.658	2.0	trials	go_tone	8000.0	80.0	23754.658	0.1	False				True	100.0	12.0	23755.608	23755.958	whisker	350.0	wS1	False		False	2.0
23765.258	2.0	trials	nogo_tone	4000.0	80.0	23765.258	0.1	True	5.0	23766.258	0.01	True	100.0	12.0	23766.208000000002	23766.558	whisker	350.0	wS1	False		False	3.0
23776.268	2.0	trials	go_tone	8000.0	80.0	23776.268	0.1	False				False					nolight	0.0	nan	False		False	2.0
23787.178	2.0	trials	go_tone	8000.0	80.0	23787.178	0.1	True	5.0	23788.178	0.01	True	100.0	12.0	23788.128	23788.478	whisker	350.0	wS1	True	23789.847	False	1.0
23798.079	2.0	trials	go_tone	8000.0	80.0	23798.079	0.1	False				False					nolight	0.0	nan	False		False	2.0
23809.451	2.0	trials	nogo_tone	4000.0	80.0	23809.451	0.1	True	5.0	23810.451	0.01	False					nolight	0.0	nan	False		False	3.0
23820.519	2.0	trials	go_tone	8000.0	80.0	23820.519	0.1	False				False					nolight	0.0	nan	False		False	2.0
23831.989	2.0	trials	no_tone					True	5.0	23832.989	0.01	False					nolight	0.0	nan	False		False	5.0
23843.189	2.0	trials	go_tone	8000.0	80.0	23843.189	0.1	False				False					nolight	0.0	nan	True	23845.836	False	2.0
23869.85	2.0	trials	nogo_tone	4000.0	80.0	23869.85	0.1	True	5.0	23870.85	0.01	False					nolight	0.0	nan	False		False	3.0
23881.096	2.0	trials	no_tone					True	5.0	23882.096	0.01	False					nolight	0.0	nan	False		False	5.0
23891.99	2.0	trials	nogo_tone	4000.0	80.0	23891.99	0.1	True	5.0	23892.99	0.01	False					nolight	0.0	nan	False		False	3.0
23902.93	2.0	trials	go_tone	8000.0	80.0	23902.93	0.1	True	5.0	23903.93	0.01	True	100.0	12.0	23903.88	23904.23	whisker	350.0	wS1	True	23905.271	True	1.0
23920.281	2.0	trials	go_tone	8000.0	80.0	23920.281	0.1	True	5.0	23921.281	0.01	True	100.0	12.0	23921.231	23921.581	whisker	350.0	wS1	True	23923.022	False	1.0
23931.211	2.0	trials	no_tone					True	5.0	23932.211	0.01	True	100.0	12.0	23932.161	23932.511	whisker	350.0	wS1	False		False	5.0
23942.202	2.0	trials	go_tone	8000.0	80.0	23942.202	0.1	False				False					nolight	0.0	nan	True	23944.401	True	2.0
23959.408	2.0	trials	go_tone	8000.0	80.0	23959.408	0.1	False				False					nolight	0.0	nan	False		False	2.0
23970.812	2.0	trials	go_tone	8000.0	80.0	23970.812	0.1	False				False					nolight	0.0	nan	False		False	2.0
23981.652	2.0	trials	nogo_tone	4000.0	80.0	23981.652	0.1	True	5.0	23982.652	0.01	False					nolight	0.0	nan	False		False	3.0
23992.393	2.0	trials	go_tone	8000.0	80.0	23992.393	0.1	False				False					nolight	0.0	nan	False		False	2.0
24003.623	2.0	trials	go_tone	8000.0	80.0	24003.623	0.1	True	5.0	24004.623	0.01	False					nolight	0.0	nan	False		False	1.0
24015.062	2.0	trials	no_tone					True	5.0	24016.062	0.01	True	100.0	12.0	24016.012000000002	24016.362	whisker	350.0	wS1	False		False	5.0
24026.573	2.0	trials	nogo_tone	4000.0	80.0	24026.573	0.1	False				True	100.0	12.0	24027.523	24027.873	whisker	350.0	wS1	False		False	4.0
24037.203	2.0	trials	go_tone	8000.0	80.0	24037.203	0.1	True	5.0	24038.203	0.01	False					nolight	0.0	nan	False		False	1.0
24048.113	2.0	trials	go_tone	8000.0	80.0	24048.113	0.1	False				False					nolight	0.0	nan	False		False	2.0
24059.173	2.0	trials	nogo_tone	4000.0	80.0	24059.173	0.1	True	5.0	24060.173	0.01	True	100.0	12.0	24060.123	24060.472999999998	whisker	350.0	wS1	False		False	3.0
24070.374	2.0	trials	go_tone	8000.0	80.0	24070.374	0.1	False				True	100.0	12.0	24071.324	24071.674	whisker	350.0	wS1	False		False	2.0
24081.443	2.0	trials	nogo_tone	4000.0	80.0	24081.443	0.1	False				False					nolight	0.0	nan	False		False	4.0
24092.524	2.0	trials	no_tone					True	5.0	24093.524	0.01	False					nolight	0.0	nan	False		False	5.0
24103.328	2.0	trials	nogo_tone	4000.0	80.0	24103.328	0.1	False				False					nolight	0.0	nan	False		False	4.0
24114.314	2.0	trials	go_tone	8000.0	80.0	24114.314	0.1	False				True	100.0	12.0	24115.264	24115.613999999998	whisker	350.0	wS1	True	24116.970999999998	False	2.0
24141.861	2.0	trials	go_tone	8000.0	80.0	24141.861	0.1	True	5.0	24142.861	0.01	True	100.0	12.0	24142.811	24143.161	whisker	350.0	wS1	True	24144.48	False	1.0
24152.435	2.0	trials	nogo_tone	4000.0	80.0	24152.435	0.1	True	5.0	24153.435	0.01	True	100.0	12.0	24153.385000000002	24153.735	whisker	350.0	wS1	False		False	3.0
24163.495	2.0	trials	nogo_tone	4000.0	80.0	24163.495	0.1	True	5.0	24164.495	0.01	False					nolight	0.0	nan	False		False	3.0
24174.175	2.0	trials	go_tone	8000.0	80.0	24174.175	0.1	True	5.0	24175.175	0.01	False					nolight	0.0	nan	True	24176.719999999998	True	1.0
24191.725	2.0	trials	go_tone	8000.0	80.0	24191.725	0.1	True	5.0	24192.725	0.01	False					nolight	0.0	nan	True	24194.414999999997	False	1.0
24203.016	2.0	trials	no_tone					True	5.0	24204.016	0.01	False					nolight	0.0	nan	False		False	5.0
24213.876	2.0	trials	go_tone	8000.0	80.0	24213.876	0.1	True	5.0	24214.876	0.01	False					nolight	0.0	nan	True	24216.625	False	1.0
24224.836	2.0	trials	no_tone					True	5.0	24225.836	0.01	False					nolight	0.0	nan	False		False	5.0
24236.346	2.0	trials	go_tone	8000.0	80.0	24236.346	0.1	False				False					nolight	0.0	nan	False		False	2.0
24247.757	2.0	trials	go_tone	8000.0	80.0	24247.757	0.1	False				True	100.0	12.0	24248.707000000002	24249.057	whisker	350.0	wS1	False		False	2.0
24258.737	2.0	trials	go_tone	8000.0	80.0	24258.737	0.1	True	5.0	24259.737	0.01	False					nolight	0.0	nan	False		False	1.0
24270.177	2.0	trials	no_tone					True	5.0	24271.177	0.01	False					nolight	0.0	nan	False		False	5.0
24281.407	2.0	trials	nogo_tone	4000.0	80.0	24281.407	0.1	True	5.0	24282.407	0.01	False					nolight	0.0	nan	False		False	3.0
24292.457	2.0	trials	go_tone	8000.0	80.0	24292.457	0.1	True	5.0	24293.457	0.01	True	100.0	12.0	24293.407	24293.756999999998	whisker	350.0	wS1	True	24294.957	True	1.0
24309.964	2.0	trials	go_tone	8000.0	80.0	24309.964	0.1	True	5.0	24310.964	0.01	True	100.0	12.0	24310.914	24311.264	whisker	350.0	wS1	False		False	1.0
24320.958	2.0	trials	nogo_tone	4000.0	80.0	24320.958	0.1	False				False					nolight	0.0	nan	False		False	4.0
24331.778	2.0	trials	go_tone	8000.0	80.0	24331.778	0.1	False				True	100.0	12.0	24332.728	24333.077999999998	whisker	350.0	wS1	False		False	2.0
24342.54	2.0	trials	nogo_tone	4000.0	80.0	24342.54	0.1	True	5.0	24343.54	0.01	True	100.0	12.0	24343.49	24343.84	whisker	350.0	wS1	False		False	3.0
24353.648	2.0	trials	go_tone	8000.0	80.0	24353.648	0.1	False				False					nolight	0.0	nan	True	24356.468	False	2.0
24380.769	2.0	trials	no_tone					True	5.0	24381.769	0.01	True	100.0	12.0	24381.719	24382.069	whisker	350.0	wS1	False		False	5.0
24391.749	2.0	trials	go_tone	8000.0	80.0	24391.749	0.1	False				False					nolight	0.0	nan	True	24394.582	False	2.0
24419.239	2.0	trials	nogo_tone	4000.0	80.0	24419.239	0.1	True	5.0	24420.239	0.01	False					nolight	0.0	nan	False		False	3.0
24430.64	2.0	trials	go_tone	8000.0	80.0	24430.64	0.1	False				False					nolight	0.0	nan	True	24433.02	True	2.0
24448.02	2.0	trials	go_tone	8000.0	80.0	24448.02	0.1	False				False					nolight	0.0	nan	True	24450.741	False	2.0
24474.95	2.0	trials	go_tone	8000.0	80.0	24474.95	0.1	True	5.0	24475.95	0.01	False					nolight	0.0	nan	True	24477.675	False	1.0
24486.011	2.0	trials	nogo_tone	4000.0	80.0	24486.011	0.1	False				False					nolight	0.0	nan	False		False	4.0
24496.927	2.0	trials	go_tone	8000.0	80.0	24496.927	0.1	False				False					nolight	0.0	nan	True	24499.546	False	2.0
24524.042	2.0	trials	go_tone	8000.0	80.0	24524.042	0.1	False				False					nolight	0.0	nan	True	24527.04	False	2.0
24550.772	2.0	trials	nogo_tone	4000.0	80.0	24550.772	0.1	True	5.0	24551.772	0.01	False					nolight	0.0	nan	False		False	3.0
24561.822	2.0	trials	go_tone	8000.0	80.0	24561.822	0.1	False				True	100.0	12.0	24562.772	24563.122	whisker	350.0	wS1	True	24564.87	False	2.0
24588.632	2.0	trials	no_tone					True	5.0	24589.632	0.01	False					nolight	0.0	nan	False		False	5.0
24599.193	2.0	trials	no_tone					True	5.0	24600.193	0.01	False					nolight	0.0	nan	False		False	5.0
24610.003	2.0	trials	go_tone	8000.0	80.0	24610.003	0.1	True	5.0	24611.003	0.01	False					nolight	0.0	nan	True	24612.738	False	1.0
24621.515	2.0	trials	nogo_tone	4000.0	80.0	24621.515	0.1	False				True	100.0	12.0	24622.465	24622.815	whisker	350.0	wS1	False		False	4.0
24632.443	2.0	trials	go_tone	8000.0	80.0	24632.443	0.1	False				True	100.0	12.0	24633.393	24633.743	whisker	350.0	wS1	False		False	2.0
24643.223	2.0	trials	go_tone	8000.0	80.0	24643.223	0.1	True	5.0	24644.223	0.01	False					nolight	0.0	nan	True	24645.952	False	1.0
24653.894	2.0	trials	no_tone					True	5.0	24654.894	0.01	False					nolight	0.0	nan	False		False	5.0
24665.274	2.0	trials	nogo_tone	4000.0	80.0	24665.274	0.1	True	5.0	24666.274	0.01	True	100.0	12.0	24666.224000000002	24666.574	whisker	350.0	wS1	False		False	3.0
24675.864	2.0	trials	no_tone					True	5.0	24676.864	0.01	True	100.0	12.0	24676.814000000002	24677.164	whisker	350.0	wS1	False		False	5.0
24686.834	2.0	trials	go_tone	8000.0	80.0	24686.834	0.1	False				False					nolight	0.0	nan	False		False	2.0
24698.324	2.0	trials	nogo_tone	4000.0	80.0	24698.324	0.1	True	5.0	24699.324	0.01	False					nolight	0.0	nan	False		False	3.0
24708.995	2.0	trials	go_tone	8000.0	80.0	24708.995	0.1	True	5.0	24709.995	0.01	True	100.0	12.0	24709.945	24710.295	whisker	350.0	wS1	False		False	1.0
24720.295	2.0	trials	nogo_tone	4000.0	80.0	24720.295	0.1	True	5.0	24721.295	0.01	False					nolight	0.0	nan	False		False	3.0
24731.245	2.0	trials	go_tone	8000.0	80.0	24731.245	0.1	False				False					nolight	0.0	nan	False		False	2.0
24742.185	2.0	trials	go_tone	8000.0	80.0	24742.185	0.1	False				False					nolight	0.0	nan	False		False	2.0
24753.555	2.0	trials	go_tone	8000.0	80.0	24753.555	0.1	False				False					nolight	0.0	nan	False		False	2.0
24764.966	2.0	trials	go_tone	8000.0	80.0	24764.966	0.1	True	5.0	24765.966	0.01	False					nolight	0.0	nan	True	24767.713	False	1.0
24775.826	2.0	trials	no_tone					True	5.0	24776.826	0.01	False					nolight	0.0	nan	False		False	5.0
24787.316	2.0	trials	go_tone	8000.0	80.0	24787.316	0.1	True	5.0	24788.316	0.01	False					nolight	0.0	nan	False		False	1.0
24798.656	2.0	trials	go_tone	8000.0	80.0	24798.656	0.1	True	5.0	24799.656	0.01	False					nolight	0.0	nan	False		False	1.0
24810.172	2.0	trials	nogo_tone	4000.0	80.0	24810.172	0.1	False				True	100.0	12.0	24811.122	24811.471999999998	whisker	350.0	wS1	False		False	4.0
24820.907	2.0	trials	nogo_tone	4000.0	80.0	24820.907	0.1	True	5.0	24821.907	0.01	False					nolight	0.0	nan	False		False	3.0
24832.427	2.0	trials	go_tone	8000.0	80.0	24832.427	0.1	False				True	100.0	12.0	24833.377	24833.727	whisker	350.0	wS1	True	24835.426	False	2.0
24859.437	2.0	trials	go_tone	8000.0	80.0	24859.437	0.1	True	5.0	24860.437	0.01	True	100.0	12.0	24860.387000000002	24860.737	whisker	350.0	wS1	False		False	1.0
24870.387	2.0	trials	no_tone					True	5.0	24871.387	0.01	False					nolight	0.0	nan	True	24872.346999999998	True	5.0
24887.358	2.0	trials	no_tone					True	5.0	24888.358	0.01	False					nolight	0.0	nan	False		False	5.0
24898.278	2.0	trials	nogo_tone	4000.0	80.0	24898.278	0.1	False				False					nolight	0.0	nan	False		False	4.0
24909.318	2.0	trials	nogo_tone	4000.0	80.0	24909.318	0.1	False				False					nolight	0.0	nan	False		False	4.0
24920.268	2.0	trials	go_tone	8000.0	80.0	24920.268	0.1	False				True	100.0	12.0	24921.218	24921.568	whisker	350.0	wS1	True	24922.308	True	2.0
24937.319	2.0	trials	go_tone	8000.0	80.0	24937.319	0.1	False				True	100.0	12.0	24938.269	24938.619	whisker	350.0	wS1	False		False	2.0
24948.259	2.0	trials	no_tone					True	5.0	24949.259	0.01	True	100.0	12.0	24949.209	24949.558999999997	whisker	350.0	wS1	False		False	5.0
24958.939	2.0	trials	go_tone	8000.0	80.0	24958.939	0.1	True	5.0	24959.939	0.01	True	100.0	12.0	24959.889	24960.238999999998	whisker	350.0	wS1	True	24961.718999999997	False	1.0
24970.149	2.0	trials	go_tone	8000.0	80.0	24970.149	0.1	True	5.0	24971.149	0.01	False					nolight	0.0	nan	False		False	1.0
24981.129	2.0	trials	go_tone	8000.0	80.0	24981.129	0.1	False				False					nolight	0.0	nan	False		False	2.0
24991.85	2.0	trials	go_tone	8000.0	80.0	24991.85	0.1	False				False					nolight	0.0	nan	False		False	2.0
25003.37	2.0	trials	nogo_tone	4000.0	80.0	25003.37	0.1	True	5.0	25004.37	0.01	False					nolight	0.0	nan	False		False	3.0
25014.26	2.0	trials	nogo_tone	4000.0	80.0	25014.26	0.1	True	5.0	25015.26	0.01	True	100.0	12.0	25015.21	25015.559999999998	whisker	350.0	wS1	False		False	3.0
25025.24	2.0	trials	nogo_tone	4000.0	80.0	25025.24	0.1	True	5.0	25026.24	0.01	False					nolight	0.0	nan	False		False	3.0
25036.35	2.0	trials	no_tone					True	5.0	25037.35	0.01	False					nolight	0.0	nan	False		False	5.0
25047.901	2.0	trials	no_tone					True	5.0	25048.901	0.01	True	100.0	12.0	25048.851000000002	25049.201	whisker	350.0	wS1	False		False	5.0
25059.291	2.0	trials	no_tone					True	5.0	25060.291	0.01	False					nolight	0.0	nan	False		False	5.0
25070.281	2.0	trials	go_tone	8000.0	80.0	25070.281	0.1	False				True	100.0	12.0	25071.231	25071.581	whisker	350.0	wS1	True	25073.159	False	2.0
25097.151	2.0	trials	go_tone	8000.0	80.0	25097.151	0.1	False				False					nolight	0.0	nan	False		False	2.0
25108.683	2.0	trials	nogo_tone	4000.0	80.0	25108.683	0.1	True	5.0	25109.683	0.01	False					nolight	0.0	nan	False		False	3.0
25119.882	2.0	trials	go_tone	8000.0	80.0	25119.882	0.1	False				False					nolight	0.0	nan	False		False	2.0
25131.122	2.0	trials	go_tone	8000.0	80.0	25131.122	0.1	False				False					nolight	0.0	nan	False		False	2.0
25142.433	2.0	trials	nogo_tone	4000.0	80.0	25142.433	0.1	True	5.0	25143.433	0.01	False					nolight	0.0	nan	False		False	3.0
25153.223	2.0	trials	nogo_tone	4000.0	80.0	25153.223	0.1	True	5.0	25154.223	0.01	False					nolight	0.0	nan	False		False	3.0
25164.732	2.0	trials	nogo_tone	4000.0	80.0	25164.732	0.1	True	5.0	25165.732	0.01	False					nolight	0.0	nan	False		False	3.0
25175.333	2.0	trials	go_tone	8000.0	80.0	25175.333	0.1	True	5.0	25176.333	0.01	False					nolight	0.0	nan	False		False	1.0
25186.413	2.0	trials	go_tone	8000.0	80.0	25186.413	0.1	False				False					nolight	0.0	nan	False		False	2.0
25197.833	2.0	trials	go_tone	8000.0	80.0	25197.833	0.1	True	5.0	25198.833	0.01	False					nolight	0.0	nan	False		False	1.0
25209.184	2.0	trials	nogo_tone	4000.0	80.0	25209.184	0.1	True	5.0	25210.184	0.01	False					nolight	0.0	nan	False		False	3.0
25219.924	2.0	trials	go_tone	8000.0	80.0	25219.924	0.1	True	5.0	25220.924	0.01	False					nolight	0.0	nan	False		False	1.0
25230.924	2.0	trials	no_tone					True	5.0	25231.924	0.01	False					nolight	0.0	nan	False		False	5.0
25241.944	2.0	trials	no_tone					True	5.0	25242.944	0.01	False					nolight	0.0	nan	False		False	5.0
25252.554	2.0	trials	go_tone	8000.0	80.0	25252.554	0.1	False				False					nolight	0.0	nan	False		False	2.0
25264.004	2.0	trials	go_tone	8000.0	80.0	25264.004	0.1	False				False					nolight	0.0	nan	False		False	2.0
25275.555	2.0	trials	go_tone	8000.0	80.0	25275.555	0.1	False				False					nolight	0.0	nan	False		False	2.0
25287.055	2.0	trials	no_tone					True	5.0	25288.055	0.01	False					nolight	0.0	nan	False		False	5.0
25297.686	2.0	trials	go_tone	8000.0	80.0	25297.686	0.1	False				False					nolight	0.0	nan	False		False	2.0
25309.165	2.0	trials	nogo_tone	4000.0	80.0	25309.165	0.1	False				False					nolight	0.0	nan	False		False	4.0
25319.865	2.0	trials	nogo_tone	4000.0	80.0	25319.865	0.1	True	5.0	25320.865	0.01	False					nolight	0.0	nan	False		False	3.0
25330.889	2.0	trials	no_tone					True	5.0	25331.889	0.01	False					nolight	0.0	nan	False		False	5.0
25342.406	2.0	trials	go_tone	8000.0	80.0	25342.406	0.1	True	5.0	25343.406	0.01	False					nolight	0.0	nan	False		False	1.0
25353.456	2.0	trials	go_tone	8000.0	80.0	25353.456	0.1	False				False					nolight	0.0	nan	False		False	2.0
25364.646	2.0	trials	nogo_tone	4000.0	80.0	25364.646	0.1	False				False					nolight	0.0	nan	False		False	4.0
25375.216	2.0	trials	nogo_tone	4000.0	80.0	25375.216	0.1	False				False					nolight	0.0	nan	False		False	4.0
25386.446	2.0	trials	go_tone	8000.0	80.0	25386.446	0.1	True	5.0	25387.446	0.01	False					nolight	0.0	nan	False		False	1.0
25397.037	2.0	trials	no_tone					True	5.0	25398.037	0.01	False					nolight	0.0	nan	False		False	5.0
25408.057	2.0	trials	no_tone					True	5.0	25409.057	0.01	False					nolight	0.0	nan	False		False	5.0
25418.977	2.0	trials	go_tone	8000.0	80.0	25418.977	0.1	False				False					nolight	0.0	nan	False		False	2.0
