onset	duration	nwb_table	context	auditory_stim_frequency	auditory_stim_amplitude	auditory_stim_time	auditory_stim_duration	whisker_stim	whisker_stim_amplitude	whisker_stim_time	whisker_stim_duration	opto_stim	opto_stim_frequency	opto_stim_amplitude	opto_stim_start_time	opto_stim_stop_time	opto_window	opto_duration	opto_area	lick_flag	lick_time	early_lick	trial_type
11.507	2.0	trials	go_tone	8000.0	80.0	11.507	0.1	True	5.0	12.507	0.01	False					nolight	0.0	nan	True	13.975	True	1.0
23.977	2.0	trials	go_tone	8000.0	80.0	23.977	0.1	True	5.0	24.977	0.01	False					nolight	0.0	nan	True	26.016000000000002	True	1.0
36.025	2.0	trials	go_tone	8000.0	80.0	36.025	0.1	True	5.0	37.025	0.01	False					nolight	0.0	nan	True	38.768	False	1.0
46.877	2.0	trials	go_tone	8000.0	80.0	46.877	0.1	False				False					nolight	0.0	nan	True	49.301	True	2.0
59.306	2.0	trials	go_tone	8000.0	80.0	59.306	0.1	False				False					nolight	0.0	nan	True	61.738	True	2.0
71.746	2.0	trials	go_tone	8000.0	80.0	71.746	0.1	False				False					nolight	0.0	nan	False		False	2.0
82.787	2.0	trials	go_tone	8000.0	80.0	82.787	0.1	True	5.0	83.787	0.01	False					nolight	0.0	nan	True	85.524	False	1.0
93.598	2.0	trials	nogo_tone	4000.0	80.0	93.598	0.1	False				True	100.0	12.0	94.548	94.898	whisker	350.0	wS1	False		False	4.0
104.466	2.0	trials	no_tone					True	5.0	105.466	0.01	False					nolight	0.0	nan	False		False	5.0
115.277	2.0	trials	go_tone	8000.0	80.0	115.277	0.1	True	5.0	116.277	0.01	False					nolight	0.0	nan	True	118.151	False	1.0
126.768	2.0	trials	no_tone					True	5.0	127.768	0.01	True	100.0	12.0	127.718	128.068	whisker	350.0	wS1	False		False	5.0
137.368	2.0	trials	no_tone					True	5.0	138.368	0.01	False					nolight	0.0	nan	False		False	5.0
148.609	2.0	trials	go_tone	8000.0	80.0	148.609	0.1	True	5.0	149.609	0.01	False					nolight	0.0	nan	True	151.346	False	1.0
159.409	2.0	trials	go_tone	8000.0	80.0	159.409	0.1	False				False					nolight	0.0	nan	False		False	2.0
170.779	2.0	trials	nogo_tone	4000.0	80.0	170.779	0.1	False				False					nolight	0.0	nan	False		False	4.0
181.687	2.0	trials	no_tone					True	5.0	182.687	0.01	False					nolight	0.0	nan	False		False	5.0
192.688	2.0	trials	nogo_tone	4000.0	80.0	192.688	0.1	False				False					nolight	0.0	nan	False		False	4.0
203.378	2.0	trials	no_tone					True	5.0	204.378	0.01	False					nolight	0.0	nan	False		False	5.0
214.04	2.0	trials	nogo_tone	4000.0	80.0	214.04	0.1	False				False					nolight	0.0	nan	False		False	4.0
224.979	2.0	trials	go_tone	8000.0	80.0	224.979	0.1	False				False					nolight	0.0	nan	True	227.62900000000002	False	2.0
251.709	2.0	trials	nogo_tone	4000.0	80.0	251.709	0.1	True	5.0	252.709	0.01	True	100.0	12.0	252.659	253.00900000000001	whisker	350.0	wS1	False		False	3.0
262.319	2.0	trials	nogo_tone	4000.0	80.0	262.319	0.1	True	5.0	263.319	0.01	False					nolight	0.0	nan	False		False	3.0
273.712	2.0	trials	nogo_tone	4000.0	80.0	273.712	0.1	False				False					nolight	0.0	nan	False		False	4.0
284.531	2.0	trials	nogo_tone	4000.0	80.0	284.531	0.1	False				False					nolight	0.0	nan	False		False	4.0
295.94	2.0	trials	go_tone	8000.0	80.0	295.94	0.1	True	5.0	296.94	0.01	True	100.0	12.0	296.89	297.24	whisker	350.0	wS1	False		False	1.0
307.01	2.0	trials	go_tone	8000.0	80.0	307.01	0.1	True	5.0	308.01	0.01	False					nolight	0.0	nan	True	309.89799999999997	False	1.0
318.25	2.0	trials	nogo_tone	4000.0	80.0	318.25	0.1	True	5.0	319.25	0.01	False					nolight	0.0	nan	True	321.105	False	3.0
345.67	2.0	trials	go_tone	8000.0	80.0	345.67	0.1	False				True	100.0	12.0	346.62	346.97	whisker	350.0	wS1	False		False	2.0
357.0	2.0	trials	go_tone	8000.0	80.0	357.0	0.1	False				False					nolight	0.0	nan	True	359.837	False	2.0
384.071	2.0	trials	go_tone	8000.0	80.0	384.071	0.1	False				False					nolight	0.0	nan	False		False	2.0
395.042	2.0	trials	nogo_tone	4000.0	80.0	395.042	0.1	True	5.0	396.042	0.01	False					nolight	0.0	nan	True	397.774	False	3.0
421.771	2.0	trials	no_tone					True	5.0	422.771	0.01	False					nolight	0.0	nan	True	424.177	True	5.0
434.182	2.0	trials	no_tone					True	5.0	435.182	0.01	False					nolight	0.0	nan	False		False	5.0
445.262	2.0	trials	nogo_tone	4000.0	80.0	445.262	0.1	True	5.0	446.262	0.01	False					nolight	0.0	nan	True	447.95	False	3.0
471.832	2.0	trials	nogo_tone	4000.0	80.0	471.832	0.1	True	5.0	472.832	0.01	False					nolight	0.0	nan	False		False	3.0
483.013	2.0	trials	go_tone	8000.0	80.0	483.013	0.1	False				False					nolight	0.0	nan	True	485.53799999999995	True	2.0
495.543	2.0	trials	go_tone	8000.0	80.0	495.543	0.1	False				False					nolight	0.0	nan	False		False	2.0
506.524	2.0	trials	nogo_tone	4000.0	80.0	506.524	0.1	False				False					nolight	0.0	nan	False		False	4.0
518.034	2.0	trials	go_tone	8000.0	80.0	518.034	0.1	True	5.0	519.034	0.01	False					nolight	0.0	nan	True	520.756	False	1.0
529.365	2.0	trials	nogo_tone	4000.0	80.0	529.365	0.1	True	5.0	530.365	0.01	True	100.0	12.0	530.315	530.665	whisker	350.0	wS1	False		False	3.0
540.073	2.0	trials	nogo_tone	4000.0	80.0	540.073	0.1	True	5.0	541.073	0.01	False					nolight	0.0	nan	False		False	3.0
551.215	2.0	trials	go_tone	8000.0	80.0	551.215	0.1	False				False					nolight	0.0	nan	True	553.957	False	2.0
577.964	2.0	trials	nogo_tone	4000.0	80.0	577.964	0.1	True	5.0	578.964	0.01	False					nolight	0.0	nan	False		False	3.0
589.136	2.0	trials	nogo_tone	4000.0	80.0	589.136	0.1	True	5.0	590.136	0.01	False					nolight	0.0	nan	True	592.0179999999999	False	3.0
616.265	2.0	trials	go_tone	8000.0	80.0	616.265	0.1	True	5.0	617.265	0.01	True	100.0	12.0	617.215	617.5649999999999	whisker	350.0	wS1	True	619.131	False	1.0
627.575	2.0	trials	nogo_tone	4000.0	80.0	627.575	0.1	False				False					nolight	0.0	nan	False		False	4.0
638.665	2.0	trials	go_tone	8000.0	80.0	638.665	0.1	True	5.0	639.665	0.01	False					nolight	0.0	nan	True	641.3829999999999	False	1.0
650.099	2.0	trials	go_tone	8000.0	80.0	650.099	0.1	True	5.0	651.099	0.01	False					nolight	0.0	nan	True	652.635	True	1.0
662.645	2.0	trials	go_tone	8000.0	80.0	662.645	0.1	True	5.0	663.645	0.01	False					nolight	0.0	nan	True	665.273	False	1.0
673.497	2.0	trials	go_tone	8000.0	80.0	673.497	0.1	False				False					nolight	0.0	nan	False		False	2.0
685.045	2.0	trials	go_tone	8000.0	80.0	685.045	0.1	False				False					nolight	0.0	nan	True	687.788	False	2.0
712.308	2.0	trials	no_tone					True	5.0	713.308	0.01	False					nolight	0.0	nan	False		False	5.0
723.266	2.0	trials	nogo_tone	4000.0	80.0	723.266	0.1	True	5.0	724.266	0.01	False					nolight	0.0	nan	True	725.466	True	3.0
735.466	2.0	trials	nogo_tone	4000.0	80.0	735.466	0.1	True	5.0	736.466	0.01	False					nolight	0.0	nan	True	738.202	False	3.0
762.657	2.0	trials	go_tone	8000.0	80.0	762.657	0.1	False				False					nolight	0.0	nan	False		False	2.0
773.948	2.0	trials	go_tone	8000.0	80.0	773.948	0.1	True	5.0	774.948	0.01	False					nolight	0.0	nan	True	776.472	True	1.0
786.479	2.0	trials	go_tone	8000.0	80.0	786.479	0.1	True	5.0	787.479	0.01	False					nolight	0.0	nan	True	789.239	False	1.0
797.979	2.0	trials	no_tone					True	5.0	798.979	0.01	False					nolight	0.0	nan	False		False	5.0
809.429	2.0	trials	no_tone					True	5.0	810.429	0.01	False					nolight	0.0	nan	False		False	5.0
820.747	2.0	trials	nogo_tone	4000.0	80.0	820.747	0.1	False				False					nolight	0.0	nan	True	823.7339999999999	False	4.0
847.83	2.0	trials	go_tone	8000.0	80.0	847.83	0.1	True	5.0	848.83	0.01	False					nolight	0.0	nan	True	850.254	True	1.0
860.258	2.0	trials	go_tone	8000.0	80.0	860.258	0.1	True	5.0	861.258	0.01	False					nolight	0.0	nan	True	862.957	False	1.0
871.518	2.0	trials	no_tone					True	5.0	872.518	0.01	False					nolight	0.0	nan	False		False	5.0
882.43	2.0	trials	nogo_tone	4000.0	80.0	882.43	0.1	False				False					nolight	0.0	nan	False		False	4.0
893.11	2.0	trials	no_tone					True	5.0	894.11	0.01	False					nolight	0.0	nan	False		False	5.0
904.161	2.0	trials	go_tone	8000.0	80.0	904.161	0.1	False				True	100.0	12.0	905.111	905.4609999999999	whisker	350.0	wS1	False		False	2.0
915.651	2.0	trials	nogo_tone	4000.0	80.0	915.651	0.1	False				True	100.0	12.0	916.601	916.9509999999999	whisker	350.0	wS1	False		False	4.0
926.6	2.0	trials	nogo_tone	4000.0	80.0	926.6	0.1	True	5.0	927.6	0.01	False					nolight	0.0	nan	True	929.336	False	3.0
953.45	2.0	trials	nogo_tone	4000.0	80.0	953.45	0.1	False				False					nolight	0.0	nan	False		False	4.0
964.67	2.0	trials	no_tone					True	5.0	965.67	0.01	True	100.0	12.0	965.62	965.9699999999999	whisker	350.0	wS1	False		False	5.0
975.88	2.0	trials	go_tone	8000.0	80.0	975.88	0.1	True	5.0	976.88	0.01	True	100.0	12.0	976.83	977.18	whisker	350.0	wS1	True	978.379	True	1.0
988.38	2.0	trials	go_tone	8000.0	80.0	988.38	0.1	True	5.0	989.38	0.01	True	100.0	12.0	989.33	989.68	whisker	350.0	wS1	True	990.35	True	1.0
1000.352	2.0	trials	go_tone	8000.0	80.0	1000.352	0.1	True	5.0	1001.352	0.01	True	100.0	12.0	1001.302	1001.6519999999999	whisker	350.0	wS1	False		False	1.0
1011.061	2.0	trials	nogo_tone	4000.0	80.0	1011.061	0.1	True	5.0	1012.061	0.01	True	100.0	12.0	1012.0110000000001	1012.361	whisker	350.0	wS1	False		False	3.0
1022.541	2.0000000000001137	trials	nogo_tone	4000.0	80.0	1022.541	0.1	True	5.0	1023.541	0.01	False					nolight	0.0	nan	True	1025.2910000000002	False	3.0
1049.552	2.0	trials	nogo_tone	4000.0	80.0	1049.552	0.1	False				False					nolight	0.0	nan	False		False	4.0
1089.242	2.0	trials	nogo_tone	4000.0	80.0	1089.242	0.1	True	5.0	1090.242	0.01	False					nolight	0.0	nan	True	1091.94	False	3.0
1115.912	2.0	trials	no_tone					True	5.0	1116.912	0.01	False					nolight	0.0	nan	False		False	5.0
1126.774	2.0	trials	go_tone	8000.0	80.0	1126.774	0.1	True	5.0	1127.774	0.01	False					nolight	0.0	nan	True	1129.494	False	1.0
1137.672	2.0	trials	go_tone	8000.0	80.0	1137.672	0.1	False				False					nolight	0.0	nan	True	1139.896	True	2.0
1149.904	2.0	trials	go_tone	8000.0	80.0	1149.904	0.1	False				False					nolight	0.0	nan	False		False	2.0
1161.463	2.0	trials	no_tone					True	5.0	1162.463	0.01	False					nolight	0.0	nan	False		False	5.0
1172.553	2.0	trials	no_tone					True	5.0	1173.553	0.01	False					nolight	0.0	nan	False		False	5.0
1183.785	2.0	trials	no_tone					True	5.0	1184.785	0.01	False					nolight	0.0	nan	False		False	5.0
1195.133	2.0	trials	go_tone	8000.0	80.0	1195.133	0.1	False				True	100.0	12.0	1196.083	1196.433	whisker	350.0	wS1	False		False	2.0
1205.785	2.0	trials	nogo_tone	4000.0	80.0	1205.785	0.1	True	5.0	1206.785	0.01	False					nolight	0.0	nan	False		False	3.0
1216.526	2.0	trials	nogo_tone	4000.0	80.0	1216.526	0.1	False				True	100.0	12.0	1217.476	1217.826	whisker	350.0	wS1	True	1218.865	True	4.0
1228.874	2.0	trials	nogo_tone	4000.0	80.0	1228.874	0.1	False				True	100.0	12.0	1229.824	1230.174	whisker	350.0	wS1	False		False	4.0
1239.688	2.0	trials	no_tone					True	5.0	1240.688	0.01	True	100.0	12.0	1240.6380000000001	1240.988	whisker	350.0	wS1	False		False	5.0
1250.854	2.0	trials	nogo_tone	4000.0	80.0	1250.854	0.1	True	5.0	1251.854	0.01	False					nolight	0.0	nan	True	1253.603	False	3.0
1277.736	2.0	trials	go_tone	8000.0	80.0	1277.736	0.1	False				False					nolight	0.0	nan	True	1280.489	False	2.0
1305.187	2.0	trials	nogo_tone	4000.0	80.0	1305.187	0.1	True	5.0	1306.187	0.01	False					nolight	0.0	nan	False		False	3.0
1316.005	2.0	trials	nogo_tone	4000.0	80.0	1316.005	0.1	False				False					nolight	0.0	nan	False		False	4.0
1327.432	2.0	trials	go_tone	8000.0	80.0	1327.432	0.1	True	5.0	1328.432	0.01	False					nolight	0.0	nan	True	1330.092	False	1.0
1338.817	2.0	trials	go_tone	8000.0	80.0	1338.817	0.1	True	5.0	1339.817	0.01	False					nolight	0.0	nan	True	1341.296	True	1.0
1351.296	2.0	trials	go_tone	8000.0	80.0	1351.296	0.1	True	5.0	1352.296	0.01	False					nolight	0.0	nan	True	1354.041	False	1.0
1362.736	2.0	trials	go_tone	8000.0	80.0	1362.736	0.1	False				False					nolight	0.0	nan	True	1365.3100000000002	False	2.0
1389.648	2.0	trials	go_tone	8000.0	80.0	1389.648	0.1	False				False					nolight	0.0	nan	False		False	2.0
1400.637	2.0	trials	go_tone	8000.0	80.0	1400.637	0.1	True	5.0	1401.637	0.01	False					nolight	0.0	nan	True	1403.3529999999998	False	1.0
1411.557	2.0	trials	go_tone	8000.0	80.0	1411.557	0.1	False				False					nolight	0.0	nan	False		False	2.0
1422.797	2.0	trials	no_tone					True	5.0	1423.797	0.01	False					nolight	0.0	nan	False		False	5.0
1434.339	2.0	trials	nogo_tone	4000.0	80.0	1434.339	0.1	False				False					nolight	0.0	nan	False		False	4.0
1445.797	2.0	trials	nogo_tone	4000.0	80.0	1445.797	0.1	False				False					nolight	0.0	nan	False		False	4.0
1456.509	2.0	trials	nogo_tone	4000.0	80.0	1456.509	0.1	False				False					nolight	0.0	nan	False		False	4.0
1467.938	2.0	trials	go_tone	8000.0	80.0	1467.938	0.1	True	5.0	1468.938	0.01	False					nolight	0.0	nan	True	1470.297	True	1.0
1480.3	2.0	trials	go_tone	8000.0	80.0	1480.3	0.1	True	5.0	1481.3	0.01	False					nolight	0.0	nan	True	1482.988	False	1.0
1491.319	2.0	trials	nogo_tone	4000.0	80.0	1491.319	0.1	False				False					nolight	0.0	nan	True	1494.29	False	4.0
1518.3	2.0	trials	nogo_tone	4000.0	80.0	1518.3	0.1	True	5.0	1519.3	0.01	False					nolight	0.0	nan	True	1519.088	True	3.0
1529.088	2.0	trials	nogo_tone	4000.0	80.0	1529.088	0.1	True	5.0	1530.088	0.01	False					nolight	0.0	nan	False		False	3.0
1540.511	2.0	trials	go_tone	8000.0	80.0	1540.511	0.1	False				False					nolight	0.0	nan	True	1542.95	True	2.0
1552.959	2.0	trials	go_tone	8000.0	80.0	1552.959	0.1	False				False					nolight	0.0	nan	True	1555.726	False	2.0
1580.01	2.0	trials	go_tone	8000.0	80.0	1580.01	0.1	False				False					nolight	0.0	nan	True	1582.705	False	2.0
1607.221	2.0	trials	nogo_tone	4000.0	80.0	1607.221	0.1	True	5.0	1608.221	0.01	True	100.0	12.0	1608.171	1608.521	whisker	350.0	wS1	True	1609.59	True	3.0
1619.59	2.0	trials	nogo_tone	4000.0	80.0	1619.59	0.1	True	5.0	1620.59	0.01	True	100.0	12.0	1620.54	1620.8899999999999	whisker	350.0	wS1	False		False	3.0
2880.219	2.0	trials	go_tone	8000.0	80.0	2880.219	0.1	False				False					nolight	0.0	nan	False		False	2.0
2891.23	2.0	trials	nogo_tone	4000.0	80.0	2891.23	0.1	True	5.0	2892.23	0.01	False					nolight	0.0	nan	False		False	3.0
2902.231	2.0	trials	go_tone	8000.0	80.0	2902.231	0.1	False				True	100.0	12.0	2903.181	2903.5310000000004	whisker	350.0	wS1	False		False	2.0
2912.8	2.0	trials	no_tone					True	5.0	2913.8	0.01	True	100.0	12.0	2913.75	2914.1000000000004	whisker	350.0	wS1	False		False	5.0
2924.12	2.0	trials	nogo_tone	4000.0	80.0	2924.12	0.1	True	5.0	2925.12	0.01	False					nolight	0.0	nan	False		False	3.0
2934.72	2.0	trials	go_tone	8000.0	80.0	2934.72	0.1	True	5.0	2935.72	0.01	False					nolight	0.0	nan	True	2937.4109999999996	False	1.0
2945.632	2.0	trials	no_tone					True	5.0	2946.632	0.01	False					nolight	0.0	nan	False		False	5.0
2956.792	2.0	trials	no_tone					True	5.0	2957.792	0.01	True	100.0	12.0	2957.7419999999997	2958.092	whisker	350.0	wS1	True	2959.388	False	5.0
2984.061	2.0	trials	nogo_tone	4000.0	80.0	2984.061	0.1	False				False					nolight	0.0	nan	False		False	4.0
2995.492	2.0	trials	go_tone	8000.0	80.0	2995.492	0.1	False				False					nolight	0.0	nan	True	2997.481	True	2.0
3007.482	2.0	trials	go_tone	8000.0	80.0	3007.482	0.1	False				False					nolight	0.0	nan	False		False	2.0
3018.883	2.0	trials	no_tone					True	5.0	3019.883	0.01	False					nolight	0.0	nan	False		False	5.0
3029.822	2.0	trials	go_tone	8000.0	80.0	3029.822	0.1	True	5.0	3030.822	0.01	False					nolight	0.0	nan	False		False	1.0
3041.352	2.0	trials	go_tone	8000.0	80.0	3041.352	0.1	True	5.0	3042.352	0.01	True	100.0	12.0	3042.3019999999997	3042.652	whisker	350.0	wS1	False		False	1.0
3052.134	2.0	trials	go_tone	8000.0	80.0	3052.134	0.1	True	5.0	3053.134	0.01	False					nolight	0.0	nan	False		False	1.0
3063.462	2.0	trials	go_tone	8000.0	80.0	3063.462	0.1	False				True	100.0	12.0	3064.412	3064.762	whisker	350.0	wS1	False		False	2.0
3074.324	2.0	trials	nogo_tone	4000.0	80.0	3074.324	0.1	False				False					nolight	0.0	nan	False		False	4.0
3085.493	2.0	trials	go_tone	8000.0	80.0	3085.493	0.1	False				False					nolight	0.0	nan	False		False	2.0
3096.753	2.0	trials	no_tone					True	5.0	3097.753	0.01	False					nolight	0.0	nan	False		False	5.0
3107.723	2.0	trials	nogo_tone	4000.0	80.0	3107.723	0.1	True	5.0	3108.723	0.01	True	100.0	12.0	3108.673	3109.023	whisker	350.0	wS1	False		False	3.0
3118.575	2.0	trials	nogo_tone	4000.0	80.0	3118.575	0.1	False				False					nolight	0.0	nan	False		False	4.0
3129.595	2.0	trials	nogo_tone	4000.0	80.0	3129.595	0.1	False				False					nolight	0.0	nan	False		False	4.0
3140.888	2.0	trials	nogo_tone	4000.0	80.0	3140.888	0.1	False				True	100.0	12.0	3141.8379999999997	3142.188	whisker	350.0	wS1	False		False	4.0
3151.684	2.0	trials	go_tone	8000.0	80.0	3151.684	0.1	True	5.0	3152.684	0.01	False					nolight	0.0	nan	True	3154.215	True	1.0
3164.224	2.0	trials	go_tone	8000.0	80.0	3164.224	0.1	True	5.0	3165.224	0.01	False					nolight	0.0	nan	True	3166.75	True	1.0
3176.754	2.0	trials	go_tone	8000.0	80.0	3176.754	0.1	True	5.0	3177.754	0.01	False					nolight	0.0	nan	True	3179.548	False	1.0
3187.645	2.0	trials	nogo_tone	4000.0	80.0	3187.645	0.1	False				True	100.0	12.0	3188.595	3188.945	whisker	350.0	wS1	False		False	4.0
3198.966	2.0	trials	go_tone	8000.0	80.0	3198.966	0.1	True	5.0	3199.966	0.01	True	100.0	12.0	3199.9159999999997	3200.266	whisker	350.0	wS1	True	3201.335	True	1.0
3211.336	2.0	trials	go_tone	8000.0	80.0	3211.336	0.1	True	5.0	3212.336	0.01	True	100.0	12.0	3212.2859999999996	3212.636	whisker	350.0	wS1	False		False	1.0
3222.027	2.0	trials	no_tone					True	5.0	3223.027	0.01	False					nolight	0.0	nan	True	3224.805	False	5.0
3249.017	2.0	trials	no_tone					True	5.0	3250.017	0.01	True	100.0	12.0	3249.9669999999996	3250.317	whisker	350.0	wS1	False		False	5.0
3260.386	2.0	trials	go_tone	8000.0	80.0	3260.386	0.1	False				False					nolight	0.0	nan	True	3262.411	True	2.0
3272.416	2.0	trials	go_tone	8000.0	80.0	3272.416	0.1	False				False					nolight	0.0	nan	True	3274.916	True	2.0
3284.926	2.0	trials	go_tone	8000.0	80.0	3284.926	0.1	False				False					nolight	0.0	nan	True	3287.25	True	2.0
3297.256	2.0	trials	go_tone	8000.0	80.0	3297.256	0.1	False				False					nolight	0.0	nan	True	3300.053	False	2.0
3324.088	2.0	trials	go_tone	8000.0	80.0	3324.088	0.1	True	5.0	3325.088	0.01	False					nolight	0.0	nan	True	3326.708	False	1.0
3335.037	2.0	trials	nogo_tone	4000.0	80.0	3335.037	0.1	True	5.0	3336.037	0.01	False					nolight	0.0	nan	True	3337.761	False	3.0
3362.057	2.0	trials	go_tone	8000.0	80.0	3362.057	0.1	True	5.0	3363.057	0.01	False					nolight	0.0	nan	True	3364.3329999999996	True	1.0
3374.337	2.0	trials	go_tone	8000.0	80.0	3374.337	0.1	True	5.0	3375.337	0.01	False					nolight	0.0	nan	True	3377.014	False	1.0
3385.717	2.0	trials	nogo_tone	4000.0	80.0	3385.717	0.1	True	5.0	3386.717	0.01	False					nolight	0.0	nan	False		False	3.0
3397.118	2.0	trials	go_tone	8000.0	80.0	3397.118	0.1	False				True	100.0	12.0	3398.0679999999998	3398.418	whisker	350.0	wS1	True	3399.1839999999997	True	2.0
3409.188	2.0	trials	go_tone	8000.0	80.0	3409.188	0.1	False				True	100.0	12.0	3410.138	3410.4880000000003	whisker	350.0	wS1	False		False	2.0
3420.459	2.0	trials	no_tone					True	5.0	3421.459	0.01	False					nolight	0.0	nan	False		False	5.0
3431.618	2.0	trials	nogo_tone	4000.0	80.0	3431.618	0.1	True	5.0	3432.618	0.01	False					nolight	0.0	nan	False		False	3.0
3443.063	2.0	trials	go_tone	8000.0	80.0	3443.063	0.1	False				False					nolight	0.0	nan	False		False	2.0
3454.44	2.0	trials	nogo_tone	4000.0	80.0	3454.44	0.1	False				False					nolight	0.0	nan	False		False	4.0
3465.13	2.0	trials	nogo_tone	4000.0	80.0	3465.13	0.1	False				False					nolight	0.0	nan	False		False	4.0
3475.769	2.0	trials	no_tone					True	5.0	3476.769	0.01	True	100.0	12.0	3476.7189999999996	3477.069	whisker	350.0	wS1	False		False	5.0
3486.771	2.0	trials	no_tone					True	5.0	3487.771	0.01	False					nolight	0.0	nan	False		False	5.0
3497.649	2.0	trials	go_tone	8000.0	80.0	3497.649	0.1	True	5.0	3498.649	0.01	False					nolight	0.0	nan	True	3499.609	True	1.0
3509.61	2.0	trials	go_tone	8000.0	80.0	3509.61	0.1	True	5.0	3510.61	0.01	False					nolight	0.0	nan	False		False	1.0
3520.649	2.0	trials	go_tone	8000.0	80.0	3520.649	0.1	False				False					nolight	0.0	nan	False		False	2.0
3531.65	2.0	trials	nogo_tone	4000.0	80.0	3531.65	0.1	True	5.0	3532.65	0.01	False					nolight	0.0	nan	False		False	3.0
3543.061	2.0	trials	go_tone	8000.0	80.0	3543.061	0.1	False				False					nolight	0.0	nan	False		False	2.0
3554.09	2.0	trials	nogo_tone	4000.0	80.0	3554.09	0.1	False				True	100.0	12.0	3555.04	3555.3900000000003	whisker	350.0	wS1	False		False	4.0
3565.192	2.0	trials	nogo_tone	4000.0	80.0	3565.192	0.1	False				False					nolight	0.0	nan	False		False	4.0
3576.122	2.0	trials	go_tone	8000.0	80.0	3576.122	0.1	True	5.0	3577.122	0.01	True	100.0	12.0	3577.0719999999997	3577.422	whisker	350.0	wS1	False		False	1.0
3586.832	2.0	trials	nogo_tone	4000.0	80.0	3586.832	0.1	False				False					nolight	0.0	nan	False		False	4.0
3598.151	2.0	trials	go_tone	8000.0	80.0	3598.151	0.1	False				True	100.0	12.0	3599.1009999999997	3599.451	whisker	350.0	wS1	False		False	2.0
3609.601	2.0	trials	nogo_tone	4000.0	80.0	3609.601	0.1	True	5.0	3610.601	0.01	True	100.0	12.0	3610.551	3610.9010000000003	whisker	350.0	wS1	False		False	3.0
3620.211	2.0	trials	nogo_tone	4000.0	80.0	3620.211	0.1	True	5.0	3621.211	0.01	True	100.0	12.0	3621.1609999999996	3621.511	whisker	350.0	wS1	False		False	3.0
3631.613	2.0	trials	no_tone					True	5.0	3632.613	0.01	False					nolight	0.0	nan	False		False	5.0
3642.881	2.0	trials	go_tone	8000.0	80.0	3642.881	0.1	False				False					nolight	0.0	nan	False		False	2.0
3653.841	2.0	trials	nogo_tone	4000.0	80.0	3653.841	0.1	True	5.0	3654.841	0.01	True	100.0	12.0	3654.7909999999997	3655.141	whisker	350.0	wS1	False		False	3.0
3665.124	2.0	trials	go_tone	8000.0	80.0	3665.124	0.1	True	5.0	3666.124	0.01	False					nolight	0.0	nan	True	3667.363	True	1.0
3677.364	2.0	trials	go_tone	8000.0	80.0	3677.364	0.1	True	5.0	3678.364	0.01	False					nolight	0.0	nan	True	3679.387	True	1.0
3689.392	2.0	trials	go_tone	8000.0	80.0	3689.392	0.1	True	5.0	3690.392	0.01	False					nolight	0.0	nan	True	3692.1079999999997	False	1.0
3700.555	2.0	trials	no_tone					True	5.0	3701.555	0.01	False					nolight	0.0	nan	False		False	5.0
3711.253	2.0	trials	nogo_tone	4000.0	80.0	3711.253	0.1	True	5.0	3712.253	0.01	False					nolight	0.0	nan	False		False	3.0
3722.333	2.0	trials	nogo_tone	4000.0	80.0	3722.333	0.1	False				False					nolight	0.0	nan	False		False	4.0
3732.973	2.0	trials	nogo_tone	4000.0	80.0	3732.973	0.1	True	5.0	3733.973	0.01	False					nolight	0.0	nan	False		False	3.0
3743.597	2.0	trials	nogo_tone	4000.0	80.0	3743.597	0.1	False				False					nolight	0.0	nan	False		False	4.0
3755.923	2.0	trials	go_tone	8000.0	80.0	3755.923	0.1	True	5.0	3756.923	0.01	False					nolight	0.0	nan	False		False	1.0
3767.013	2.0	trials	no_tone					True	5.0	3768.013	0.01	False					nolight	0.0	nan	False		False	5.0
3777.713	2.0	trials	nogo_tone	4000.0	80.0	3777.713	0.1	False				True	100.0	12.0	3778.663	3779.0130000000004	whisker	350.0	wS1	False		False	4.0
3788.876	2.0	trials	go_tone	8000.0	80.0	3788.876	0.1	True	5.0	3789.876	0.01	False					nolight	0.0	nan	True	3790.9	True	1.0
3800.904	2.0	trials	go_tone	8000.0	80.0	3800.904	0.1	True	5.0	3801.904	0.01	False					nolight	0.0	nan	True	3803.762	False	1.0
3811.946	2.0	trials	go_tone	8000.0	80.0	3811.946	0.1	False				False					nolight	0.0	nan	True	3813.814	True	2.0
3823.814	2.0	trials	go_tone	8000.0	80.0	3823.814	0.1	False				False					nolight	0.0	nan	True	3826.044	True	2.0
3836.055	2.0	trials	go_tone	8000.0	80.0	3836.055	0.1	False				False					nolight	0.0	nan	False		False	2.0
3847.545	2.0	trials	go_tone	8000.0	80.0	3847.545	0.1	False				False					nolight	0.0	nan	True	3849.694	True	2.0
3859.695	2.0	trials	go_tone	8000.0	80.0	3859.695	0.1	False				False					nolight	0.0	nan	False		False	2.0
3870.375	2.0	trials	nogo_tone	4000.0	80.0	3870.375	0.1	False				False					nolight	0.0	nan	False		False	4.0
3881.865	2.0	trials	nogo_tone	4000.0	80.0	3881.865	0.1	True	5.0	3882.865	0.01	False					nolight	0.0	nan	True	3884.529	False	3.0
3909.365	2.0	trials	go_tone	8000.0	80.0	3909.365	0.1	True	5.0	3910.365	0.01	True	100.0	12.0	3910.3149999999996	3910.665	whisker	350.0	wS1	False		False	1.0
3920.676	2.0	trials	go_tone	8000.0	80.0	3920.676	0.1	False				False					nolight	0.0	nan	True	3923.553	False	2.0
3947.288	2.0	trials	no_tone					True	5.0	3948.288	0.01	True	100.0	12.0	3948.238	3948.588	whisker	350.0	wS1	False		False	5.0
3958.688	2.0	trials	no_tone					True	5.0	3959.688	0.01	False					nolight	0.0	nan	False		False	5.0
3969.617	2.0	trials	no_tone					True	5.0	3970.617	0.01	True	100.0	12.0	3970.567	3970.9170000000004	whisker	350.0	wS1	False		False	5.0
3980.378	2.0	trials	nogo_tone	4000.0	80.0	3980.378	0.1	False				False					nolight	0.0	nan	False		False	4.0
3991.297	2.0	trials	go_tone	8000.0	80.0	3991.297	0.1	True	5.0	3992.297	0.01	True	100.0	12.0	3992.247	3992.597	whisker	350.0	wS1	False		False	1.0
4001.997	2.0	trials	nogo_tone	4000.0	80.0	4001.997	0.1	False				True	100.0	12.0	4002.9469999999997	4003.297	whisker	350.0	wS1	False		False	4.0
4012.657	2.0	trials	go_tone	8000.0	80.0	4012.657	0.1	True	5.0	4013.657	0.01	False					nolight	0.0	nan	True	4015.3790000000004	False	1.0
4025.929	2.0	trials	nogo_tone	4000.0	80.0	4025.929	0.1	True	5.0	4026.929	0.01	True	100.0	12.0	4026.879	4027.2290000000003	whisker	350.0	wS1	False		False	3.0
4037.109	2.0	trials	go_tone	8000.0	80.0	4037.109	0.1	False				True	100.0	12.0	4038.0589999999997	4038.409	whisker	350.0	wS1	True	4039.857	False	2.0
4064.288	2.0	trials	no_tone					True	5.0	4065.288	0.01	False					nolight	0.0	nan	False		False	5.0
4075.14	2.0	trials	nogo_tone	4000.0	80.0	4075.14	0.1	True	5.0	4076.14	0.01	False					nolight	0.0	nan	False		False	3.0
4086.449	2.0	trials	go_tone	8000.0	80.0	4086.449	0.1	False				True	100.0	12.0	4087.399	4087.7490000000003	whisker	350.0	wS1	False		False	2.0
4097.34	2.0	trials	nogo_tone	4000.0	80.0	4097.34	0.1	True	5.0	4098.34	0.01	True	100.0	12.0	4098.29	4098.64	whisker	350.0	wS1	False		False	3.0
4108.45	2.0	trials	go_tone	8000.0	80.0	4108.45	0.1	False				True	100.0	12.0	4109.4	4109.75	whisker	350.0	wS1	False		False	2.0
4119.279	2.0	trials	nogo_tone	4000.0	80.0	4119.279	0.1	True	5.0	4120.279	0.01	False					nolight	0.0	nan	False		False	3.0
4130.029	2.0	trials	no_tone					True	5.0	4131.029	0.01	False					nolight	0.0	nan	False		False	5.0
4140.999	2.0	trials	nogo_tone	4000.0	80.0	4140.999	0.1	False				False					nolight	0.0	nan	False		False	4.0
4152.179	2.0	trials	nogo_tone	4000.0	80.0	4152.179	0.1	False				False					nolight	0.0	nan	False		False	4.0
4163.39	2.0	trials	nogo_tone	4000.0	80.0	4163.39	0.1	True	5.0	4164.39	0.01	False					nolight	0.0	nan	False		False	3.0
4174.46	2.0	trials	go_tone	8000.0	80.0	4174.46	0.1	True	5.0	4175.46	0.01	False					nolight	0.0	nan	True	4177.205	False	1.0
4185.851	2.0	trials	go_tone	8000.0	80.0	4185.851	0.1	True	5.0	4186.851	0.01	True	100.0	12.0	4186.8009999999995	4187.151	whisker	350.0	wS1	False		False	1.0
4197.34	2.0	trials	go_tone	8000.0	80.0	4197.34	0.1	True	5.0	4198.34	0.01	False					nolight	0.0	nan	True	4199.997	False	1.0
4207.921	2.0	trials	go_tone	8000.0	80.0	4207.921	0.1	False				True	100.0	12.0	4208.871	4209.2210000000005	whisker	350.0	wS1	False		False	2.0
4218.85	2.0	trials	nogo_tone	4000.0	80.0	4218.85	0.1	False				True	100.0	12.0	4219.8	4220.150000000001	whisker	350.0	wS1	False		False	4.0
4229.521	2.0	trials	no_tone					True	5.0	4230.521	0.01	False					nolight	0.0	nan	False		False	5.0
4240.929	2.0	trials	nogo_tone	4000.0	80.0	4240.929	0.1	False				False					nolight	0.0	nan	False		False	4.0
4251.881	2.0	trials	nogo_tone	4000.0	80.0	4251.881	0.1	True	5.0	4252.881	0.01	False					nolight	0.0	nan	False		False	3.0
4262.573	2.0	trials	no_tone					True	5.0	4263.573	0.01	False					nolight	0.0	nan	False		False	5.0
4273.503	2.0	trials	go_tone	8000.0	80.0	4273.503	0.1	False				False					nolight	0.0	nan	False		False	2.0
4284.692	2.0	trials	no_tone					True	5.0	4285.692	0.01	False					nolight	0.0	nan	False		False	5.0
4295.442	2.0	trials	nogo_tone	4000.0	80.0	4295.442	0.1	True	5.0	4296.442	0.01	True	100.0	12.0	4296.392	4296.742	whisker	350.0	wS1	False		False	3.0
4306.823	2.0	trials	go_tone	8000.0	80.0	4306.823	0.1	True	5.0	4307.823	0.01	False					nolight	0.0	nan	True	4309.54	False	1.0
4318.054	2.0	trials	nogo_tone	4000.0	80.0	4318.054	0.1	True	5.0	4319.054	0.01	False					nolight	0.0	nan	False		False	3.0
4329.464	2.0	trials	go_tone	8000.0	80.0	4329.464	0.1	False				False					nolight	0.0	nan	False		False	2.0
4340.602	2.0	trials	no_tone					True	5.0	4341.602	0.01	True	100.0	12.0	4341.552	4341.902	whisker	350.0	wS1	False		False	5.0
4351.873	2.0	trials	nogo_tone	4000.0	80.0	4351.873	0.1	False				False					nolight	0.0	nan	False		False	4.0
4363.034	2.0	trials	go_tone	8000.0	80.0	4363.034	0.1	False				False					nolight	0.0	nan	False		False	2.0
4373.963	2.0	trials	no_tone					True	5.0	4374.963	0.01	True	100.0	12.0	4374.913	4375.263	whisker	350.0	wS1	False		False	5.0
4384.713	2.0	trials	nogo_tone	4000.0	80.0	4384.713	0.1	False				True	100.0	12.0	4385.663	4386.013	whisker	350.0	wS1	False		False	4.0
4395.365	2.0	trials	go_tone	8000.0	80.0	4395.365	0.1	False				False					nolight	0.0	nan	False		False	2.0
4406.203	2.0	trials	go_tone	8000.0	80.0	4406.203	0.1	True	5.0	4407.203	0.01	True	100.0	12.0	4407.153	4407.503000000001	whisker	350.0	wS1	False		False	1.0
4416.873	2.0	trials	go_tone	8000.0	80.0	4416.873	0.1	True	5.0	4417.873	0.01	False					nolight	0.0	nan	True	4419.602999999999	False	1.0
4428.023	2.0	trials	no_tone					True	5.0	4429.023	0.01	True	100.0	12.0	4428.973	4429.323	whisker	350.0	wS1	False		False	5.0
4438.975	2.0	trials	nogo_tone	4000.0	80.0	4438.975	0.1	False				False					nolight	0.0	nan	False		False	4.0
4449.876	2.0	trials	go_tone	8000.0	80.0	4449.876	0.1	False				False					nolight	0.0	nan	False		False	2.0
4461.406	2.0	trials	go_tone	8000.0	80.0	4461.406	0.1	True	5.0	4462.406	0.01	False					nolight	0.0	nan	True	4464.166	False	1.0
4472.6	2.0	trials	go_tone	8000.0	80.0	4472.6	0.1	True	5.0	4473.6	0.01	False					nolight	0.0	nan	True	4475.268	False	1.0
4483.25	2.0	trials	go_tone	8000.0	80.0	4483.25	0.1	False				True	100.0	12.0	4484.2	4484.55	whisker	350.0	wS1	True	4485.379	True	2.0
4495.386	2.0	trials	go_tone	8000.0	80.0	4495.386	0.1	False				True	100.0	12.0	4496.336	4496.686000000001	whisker	350.0	wS1	False		False	2.0
4506.295	2.0	trials	no_tone					True	5.0	4507.295	0.01	False					nolight	0.0	nan	False		False	5.0
4517.465	2.0	trials	go_tone	8000.0	80.0	4517.465	0.1	False				False					nolight	0.0	nan	False		False	2.0
4528.466	2.0	trials	go_tone	8000.0	80.0	4528.466	0.1	False				False					nolight	0.0	nan	False		False	2.0
4539.022	2.0	trials	nogo_tone	4000.0	80.0	4539.022	0.1	False				True	100.0	12.0	4539.972	4540.322	whisker	350.0	wS1	False		False	4.0
4550.135	2.0	trials	nogo_tone	4000.0	80.0	4550.135	0.1	False				False					nolight	0.0	nan	False		False	4.0
4560.766	2.0	trials	no_tone					True	5.0	4561.766	0.01	False					nolight	0.0	nan	False		False	5.0
4572.017	2.0	trials	nogo_tone	4000.0	80.0	4572.017	0.1	False				True	100.0	12.0	4572.967	4573.317	whisker	350.0	wS1	False		False	4.0
4583.076	2.0	trials	nogo_tone	4000.0	80.0	4583.076	0.1	False				False					nolight	0.0	nan	False		False	4.0
4593.678	2.0	trials	nogo_tone	4000.0	80.0	4593.678	0.1	True	5.0	4594.678	0.01	True	100.0	12.0	4594.628	4594.978	whisker	350.0	wS1	False		False	3.0
4604.276	2.0	trials	nogo_tone	4000.0	80.0	4604.276	0.1	True	5.0	4605.276	0.01	False					nolight	0.0	nan	False		False	3.0
4634.417	2.0	trials	go_tone	8000.0	80.0	4634.417	0.1	True	5.0	4635.417	0.01	True	100.0	12.0	4635.367	4635.717000000001	whisker	350.0	wS1	True	4636.317	True	1.0
4646.319	2.0	trials	go_tone	8000.0	80.0	4646.319	0.1	True	5.0	4647.319	0.01	True	100.0	12.0	4647.269	4647.619000000001	whisker	350.0	wS1	True	4649.34	False	1.0
4657.567	2.0	trials	no_tone					True	5.0	4658.567	0.01	False					nolight	0.0	nan	False		False	5.0
4668.448	2.0	trials	nogo_tone	4000.0	80.0	4668.448	0.1	True	5.0	4669.448	0.01	True	100.0	12.0	4669.398	4669.7480000000005	whisker	350.0	wS1	False		False	3.0
4679.168	2.0	trials	nogo_tone	4000.0	80.0	4679.168	0.1	True	5.0	4680.168	0.01	False					nolight	0.0	nan	False		False	3.0
4690.008	2.0	trials	nogo_tone	4000.0	80.0	4690.008	0.1	True	5.0	4691.008	0.01	False					nolight	0.0	nan	False		False	3.0
4701.373	2.0	trials	go_tone	8000.0	80.0	4701.373	0.1	True	5.0	4702.373	0.01	False					nolight	0.0	nan	True	4704.255999999999	False	1.0
4712.82	2.0	trials	go_tone	8000.0	80.0	4712.82	0.1	True	5.0	4713.82	0.01	True	100.0	12.0	4713.7699999999995	4714.12	whisker	350.0	wS1	True	4716.356	False	1.0
4724.25	2.0	trials	go_tone	8000.0	80.0	4724.25	0.1	False				False					nolight	0.0	nan	False		False	2.0
4735.028	2.0	trials	no_tone					True	5.0	4736.028	0.01	True	100.0	12.0	4735.978	4736.328	whisker	350.0	wS1	False		False	5.0
4746.076	2.0	trials	nogo_tone	4000.0	80.0	4746.076	0.1	False				False					nolight	0.0	nan	False		False	4.0
4757.04	2.0	trials	go_tone	8000.0	80.0	4757.04	0.1	False				True	100.0	12.0	4757.99	4758.34	whisker	350.0	wS1	True	4759.814	False	2.0
4784.38	2.0	trials	no_tone					True	5.0	4785.38	0.01	False					nolight	0.0	nan	False		False	5.0
4795.641	2.0	trials	nogo_tone	4000.0	80.0	4795.641	0.1	True	5.0	4796.641	0.01	False					nolight	0.0	nan	True	4798.5109999999995	False	3.0
4823.01	2.0	trials	go_tone	8000.0	80.0	4823.01	0.1	True	5.0	4824.01	0.01	False					nolight	0.0	nan	True	4825.7970000000005	False	1.0
4833.661	2.0	trials	nogo_tone	4000.0	80.0	4833.661	0.1	False				False					nolight	0.0	nan	False		False	4.0
4844.632	2.0	trials	go_tone	8000.0	80.0	4844.632	0.1	True	5.0	4845.632	0.01	False					nolight	0.0	nan	True	4847.355	False	1.0
4856.081	2.0	trials	go_tone	8000.0	80.0	4856.081	0.1	False				False					nolight	0.0	nan	False		False	2.0
4867.33	2.0	trials	go_tone	8000.0	80.0	4867.33	0.1	True	5.0	4868.33	0.01	True	100.0	12.0	4868.28	4868.63	whisker	350.0	wS1	False		False	1.0
4878.843	2.0	trials	go_tone	8000.0	80.0	4878.843	0.1	True	5.0	4879.843	0.01	False					nolight	0.0	nan	True	4881.71	False	1.0
4889.566	2.0	trials	go_tone	8000.0	80.0	4889.566	0.1	False				True	100.0	12.0	4890.516	4890.866	whisker	350.0	wS1	True	4891.661	True	2.0
4901.661	2.0	trials	go_tone	8000.0	80.0	4901.661	0.1	False				True	100.0	12.0	4902.611	4902.961	whisker	350.0	wS1	False		False	2.0
4912.471	2.0	trials	nogo_tone	4000.0	80.0	4912.471	0.1	False				False					nolight	0.0	nan	False		False	4.0
4923.763	2.0	trials	nogo_tone	4000.0	80.0	4923.763	0.1	True	5.0	4924.763	0.01	False					nolight	0.0	nan	False		False	3.0
4935.213	2.0	trials	nogo_tone	4000.0	80.0	4935.213	0.1	False				True	100.0	12.0	4936.163	4936.513	whisker	350.0	wS1	False		False	4.0
4946.453	2.0	trials	go_tone	8000.0	80.0	4946.453	0.1	False				True	100.0	12.0	4947.403	4947.753000000001	whisker	350.0	wS1	True	4949.796	False	2.0
4973.712	2.0	trials	no_tone					True	5.0	4974.712	0.01	False					nolight	0.0	nan	False		False	5.0
4984.523	2.0	trials	go_tone	8000.0	80.0	4984.523	0.1	False				False					nolight	0.0	nan	False		False	2.0
4995.904	2.0	trials	go_tone	8000.0	80.0	4995.904	0.1	True	5.0	4996.904	0.01	False					nolight	0.0	nan	False		False	1.0
5006.623	2.0	trials	no_tone					True	5.0	5007.623	0.01	False					nolight	0.0	nan	False		False	5.0
5017.543	2.0	trials	no_tone					True	5.0	5018.543	0.01	True	100.0	12.0	5018.4929999999995	5018.843	whisker	350.0	wS1	False		False	5.0
5028.363	2.0	trials	nogo_tone	4000.0	80.0	5028.363	0.1	True	5.0	5029.363	0.01	False					nolight	0.0	nan	True	5031.2880000000005	False	3.0
5054.945	2.0	trials	nogo_tone	4000.0	80.0	5054.945	0.1	False				False					nolight	0.0	nan	False		False	4.0
5066.175	2.0	trials	no_tone					True	5.0	5067.175	0.01	False					nolight	0.0	nan	False		False	5.0
5077.555	2.0	trials	go_tone	8000.0	80.0	5077.555	0.1	False				False					nolight	0.0	nan	False		False	2.0
5088.275	2.0	trials	nogo_tone	4000.0	80.0	5088.275	0.1	True	5.0	5089.275	0.01	True	100.0	12.0	5089.224999999999	5089.575	whisker	350.0	wS1	False		False	3.0
5099.376	2.0	trials	nogo_tone	4000.0	80.0	5099.376	0.1	False				False					nolight	0.0	nan	False		False	4.0
5110.734	2.0	trials	nogo_tone	4000.0	80.0	5110.734	0.1	True	5.0	5111.734	0.01	False					nolight	0.0	nan	False		False	3.0
5121.826	2.0	trials	nogo_tone	4000.0	80.0	5121.826	0.1	False				True	100.0	12.0	5122.776	5123.126	whisker	350.0	wS1	False		False	4.0
5133.366	2.0	trials	go_tone	8000.0	80.0	5133.366	0.1	True	5.0	5134.366	0.01	True	100.0	12.0	5134.316	5134.666	whisker	350.0	wS1	True	5136.104	False	1.0
5144.305	2.0	trials	nogo_tone	4000.0	80.0	5144.305	0.1	True	5.0	5145.305	0.01	True	100.0	12.0	5145.255	5145.6050000000005	whisker	350.0	wS1	True	5147.0	False	3.0
5171.745	2.0	trials	no_tone					True	5.0	5172.745	0.01	True	100.0	12.0	5172.695	5173.045	whisker	350.0	wS1	False		False	5.0
5182.766	2.0	trials	no_tone					True	5.0	5183.766	0.01	False					nolight	0.0	nan	False		False	5.0
5193.38	2.0	trials	go_tone	8000.0	80.0	5193.38	0.1	False				False					nolight	0.0	nan	True	5195.817	True	2.0
5205.826	2.0	trials	go_tone	8000.0	80.0	5205.826	0.1	False				False					nolight	0.0	nan	False		False	2.0
5216.908	2.0	trials	go_tone	8000.0	80.0	5216.908	0.1	True	5.0	5217.908	0.01	False					nolight	0.0	nan	False		False	1.0
5227.696	2.0	trials	nogo_tone	4000.0	80.0	5227.696	0.1	True	5.0	5228.696	0.01	False					nolight	0.0	nan	False		False	3.0
5238.386	2.0	trials	nogo_tone	4000.0	80.0	5238.386	0.1	True	5.0	5239.386	0.01	False					nolight	0.0	nan	False		False	3.0
5249.408	2.0	trials	go_tone	8000.0	80.0	5249.408	0.1	False				False					nolight	0.0	nan	False		False	2.0
5260.428	2.0	trials	no_tone					True	5.0	5261.428	0.01	True	100.0	12.0	5261.378	5261.728	whisker	350.0	wS1	False		False	5.0
5271.927	2.0	trials	no_tone					True	5.0	5272.927	0.01	False					nolight	0.0	nan	False		False	5.0
5282.775	2.0	trials	no_tone					True	5.0	5283.775	0.01	False					nolight	0.0	nan	False		False	5.0
5294.327	2.0	trials	go_tone	8000.0	80.0	5294.327	0.1	True	5.0	5295.327	0.01	False					nolight	0.0	nan	True	5296.9980000000005	False	1.0
5304.997	2.0	trials	nogo_tone	4000.0	80.0	5304.997	0.1	True	5.0	5305.997	0.01	False					nolight	0.0	nan	False		False	3.0
5315.578	2.0	trials	nogo_tone	4000.0	80.0	5315.578	0.1	False				False					nolight	0.0	nan	False		False	4.0
5326.258	2.0	trials	no_tone					True	5.0	5327.258	0.01	True	100.0	12.0	5327.208	5327.558	whisker	350.0	wS1	False		False	5.0
5337.588	2.0	trials	nogo_tone	4000.0	80.0	5337.588	0.1	False				False					nolight	0.0	nan	False		False	4.0
5348.898	2.0	trials	nogo_tone	4000.0	80.0	5348.898	0.1	False				True	100.0	12.0	5349.848	5350.198	whisker	350.0	wS1	False		False	4.0
5359.588	2.0	trials	go_tone	8000.0	80.0	5359.588	0.1	True	5.0	5360.588	0.01	True	100.0	12.0	5360.538	5360.888	whisker	350.0	wS1	True	5361.648	True	1.0
5371.65	2.0	trials	go_tone	8000.0	80.0	5371.65	0.1	True	5.0	5372.65	0.01	True	100.0	12.0	5372.599999999999	5372.95	whisker	350.0	wS1	False		False	1.0
5382.448	2.0	trials	nogo_tone	4000.0	80.0	5382.448	0.1	True	5.0	5383.448	0.01	False					nolight	0.0	nan	False		False	3.0
5393.939	2.0	trials	go_tone	8000.0	80.0	5393.939	0.1	True	5.0	5394.939	0.01	False					nolight	0.0	nan	True	5396.667	False	1.0
5404.69	2.0	trials	nogo_tone	4000.0	80.0	5404.69	0.1	False				False					nolight	0.0	nan	False		False	4.0
5415.361	2.0	trials	go_tone	8000.0	80.0	5415.361	0.1	False				False					nolight	0.0	nan	False		False	2.0
5426.629	2.0	trials	no_tone					True	5.0	5427.629	0.01	False					nolight	0.0	nan	False		False	5.0
5437.369	2.0	trials	no_tone					True	5.0	5438.369	0.01	False					nolight	0.0	nan	False		False	5.0
5448.849	2.0	trials	go_tone	8000.0	80.0	5448.849	0.1	False				True	100.0	12.0	5449.799	5450.149	whisker	350.0	wS1	False		False	2.0
5460.181	2.0	trials	go_tone	8000.0	80.0	5460.181	0.1	False				True	100.0	12.0	5461.130999999999	5461.481	whisker	350.0	wS1	False		False	2.0
5471.03	2.0	trials	go_tone	8000.0	80.0	5471.03	0.1	False				False					nolight	0.0	nan	False		False	2.0
5482.58	2.0	trials	go_tone	8000.0	80.0	5482.58	0.1	True	5.0	5483.58	0.01	False					nolight	0.0	nan	True	5485.316	False	1.0
5493.281	2.0	trials	nogo_tone	4000.0	80.0	5493.281	0.1	False				True	100.0	12.0	5494.231	5494.581	whisker	350.0	wS1	False		False	4.0
5504.462	2.0	trials	go_tone	8000.0	80.0	5504.462	0.1	True	5.0	5505.462	0.01	False					nolight	0.0	nan	False		False	1.0
5515.646	2.0	trials	nogo_tone	4000.0	80.0	5515.646	0.1	True	5.0	5516.646	0.01	True	100.0	12.0	5516.596	5516.946	whisker	350.0	wS1	False		False	3.0
5526.761	2.0	trials	go_tone	8000.0	80.0	5526.761	0.1	True	5.0	5527.761	0.01	True	100.0	12.0	5527.711	5528.061000000001	whisker	350.0	wS1	False		False	1.0
5537.375	2.0	trials	nogo_tone	4000.0	80.0	5537.375	0.1	True	5.0	5538.375	0.01	True	100.0	12.0	5538.325	5538.675	whisker	350.0	wS1	False		False	3.0
5548.012	2.0	trials	go_tone	8000.0	80.0	5548.012	0.1	False				False					nolight	0.0	nan	False		False	2.0
5559.053	2.0	trials	nogo_tone	4000.0	80.0	5559.053	0.1	False				False					nolight	0.0	nan	False		False	4.0
5569.723	2.0	trials	nogo_tone	4000.0	80.0	5569.723	0.1	True	5.0	5570.723	0.01	False					nolight	0.0	nan	False		False	3.0
5580.562	2.0	trials	no_tone					True	5.0	5581.562	0.01	True	100.0	12.0	5581.512	5581.862	whisker	350.0	wS1	False		False	5.0
5591.253	2.0	trials	go_tone	8000.0	80.0	5591.253	0.1	True	5.0	5592.253	0.01	False					nolight	0.0	nan	True	5593.987	False	1.0
5602.074	2.0	trials	go_tone	8000.0	80.0	5602.074	0.1	True	5.0	5603.074	0.01	False					nolight	0.0	nan	True	5603.772	True	1.0
5613.774	2.0	trials	go_tone	8000.0	80.0	5613.774	0.1	True	5.0	5614.774	0.01	False					nolight	0.0	nan	True	5616.463000000001	False	1.0
5624.444	2.0	trials	go_tone	8000.0	80.0	5624.444	0.1	False				False					nolight	0.0	nan	False		False	2.0
5635.234	2.0	trials	no_tone					True	5.0	5636.234	0.01	True	100.0	12.0	5636.184	5636.534000000001	whisker	350.0	wS1	False		False	5.0
5646.073	2.0	trials	nogo_tone	4000.0	80.0	5646.073	0.1	True	5.0	5647.073	0.01	True	100.0	12.0	5647.023	5647.3730000000005	whisker	350.0	wS1	True	5648.433	True	3.0
5658.434	2.0	trials	nogo_tone	4000.0	80.0	5658.434	0.1	True	5.0	5659.434	0.01	True	100.0	12.0	5659.384	5659.734	whisker	350.0	wS1	False		False	3.0
5669.745	2.0	trials	nogo_tone	4000.0	80.0	5669.745	0.1	True	5.0	5670.745	0.01	False					nolight	0.0	nan	True	5672.442	False	3.0
5696.385	2.0	trials	nogo_tone	4000.0	80.0	5696.385	0.1	True	5.0	5697.385	0.01	False					nolight	0.0	nan	False		False	3.0
5707.305	2.0	trials	go_tone	8000.0	80.0	5707.305	0.1	False				False					nolight	0.0	nan	False		False	2.0
5718.115	2.0	trials	nogo_tone	4000.0	80.0	5718.115	0.1	True	5.0	5719.115	0.01	False					nolight	0.0	nan	False		False	3.0
5729.615	2.0	trials	go_tone	8000.0	80.0	5729.615	0.1	False				False					nolight	0.0	nan	False		False	2.0
5740.733	2.0	trials	go_tone	8000.0	80.0	5740.733	0.1	False				True	100.0	12.0	5741.683	5742.033	whisker	350.0	wS1	False		False	2.0
5751.966	2.0	trials	no_tone					True	5.0	5752.966	0.01	False					nolight	0.0	nan	False		False	5.0
5762.544	2.0	trials	nogo_tone	4000.0	80.0	5762.544	0.1	False				False					nolight	0.0	nan	False		False	4.0
5773.776	2.0	trials	nogo_tone	4000.0	80.0	5773.776	0.1	True	5.0	5774.776	0.01	True	100.0	12.0	5774.726	5775.076	whisker	350.0	wS1	False		False	3.0
5785.145	2.0	trials	nogo_tone	4000.0	80.0	5785.145	0.1	False				True	100.0	12.0	5786.095	5786.445000000001	whisker	350.0	wS1	False		False	4.0
5795.916	2.0	trials	no_tone					True	5.0	5796.916	0.01	False					nolight	0.0	nan	False		False	5.0
5807.215	2.0	trials	nogo_tone	4000.0	80.0	5807.215	0.1	False				True	100.0	12.0	5808.165	5808.515	whisker	350.0	wS1	False		False	4.0
5818.695	2.0	trials	nogo_tone	4000.0	80.0	5818.695	0.1	False				False					nolight	0.0	nan	False		False	4.0
5829.987	2.0	trials	no_tone					True	5.0	5830.987	0.01	False					nolight	0.0	nan	False		False	5.0
5840.627	2.0	trials	go_tone	8000.0	80.0	5840.627	0.1	True	5.0	5841.627	0.01	False					nolight	0.0	nan	True	5843.166	True	1.0
5853.176	2.0	trials	go_tone	8000.0	80.0	5853.176	0.1	True	5.0	5854.176	0.01	False					nolight	0.0	nan	True	5855.906	False	1.0
5864.196	2.0	trials	go_tone	8000.0	80.0	5864.196	0.1	True	5.0	5865.196	0.01	True	100.0	12.0	5865.146	5865.496	whisker	350.0	wS1	True	5867.13	False	1.0
5875.567	2.0	trials	go_tone	8000.0	80.0	5875.567	0.1	False				False					nolight	0.0	nan	False		False	2.0
5886.703	2.0	trials	nogo_tone	4000.0	80.0	5886.703	0.1	False				False					nolight	0.0	nan	False		False	4.0
5897.387	2.0	trials	go_tone	8000.0	80.0	5897.387	0.1	True	5.0	5898.387	0.01	True	100.0	12.0	5898.3369999999995	5898.687	whisker	350.0	wS1	False		False	1.0
5908.296	2.0	trials	no_tone					True	5.0	5909.296	0.01	False					nolight	0.0	nan	False		False	5.0
5919.028	2.0	trials	go_tone	8000.0	80.0	5919.028	0.1	True	5.0	5920.028	0.01	False					nolight	0.0	nan	True	5921.918000000001	False	1.0
5929.637	2.0	trials	nogo_tone	4000.0	80.0	5929.637	0.1	True	5.0	5930.637	0.01	False					nolight	0.0	nan	False		False	3.0
5940.769	2.0	trials	nogo_tone	4000.0	80.0	5940.769	0.1	False				False					nolight	0.0	nan	False		False	4.0
5951.886	2.0	trials	go_tone	8000.0	80.0	5951.886	0.1	False				True	100.0	12.0	5952.836	5953.186000000001	whisker	350.0	wS1	False		False	2.0
5963.309	2.0	trials	nogo_tone	4000.0	80.0	5963.309	0.1	True	5.0	5964.309	0.01	False					nolight	0.0	nan	True	5966.0650000000005	False	3.0
5990.847	2.0	trials	no_tone					True	5.0	5991.847	0.01	False					nolight	0.0	nan	False		False	5.0
6001.89	2.0	trials	nogo_tone	4000.0	80.0	6001.89	0.1	False				True	100.0	12.0	6002.84	6003.1900000000005	whisker	350.0	wS1	False		False	4.0
6013.393	2.0	trials	nogo_tone	4000.0	80.0	6013.393	0.1	True	5.0	6014.393	0.01	True	100.0	12.0	6014.343	6014.693	whisker	350.0	wS1	False		False	3.0
6024.84	2.0	trials	go_tone	8000.0	80.0	6024.84	0.1	False				False					nolight	0.0	nan	False		False	2.0
6036.3	2.0	trials	go_tone	8000.0	80.0	6036.3	0.1	False				False					nolight	0.0	nan	False		False	2.0
6047.35	2.0	trials	go_tone	8000.0	80.0	6047.35	0.1	True	5.0	6048.35	0.01	True	100.0	12.0	6048.3	6048.650000000001	whisker	350.0	wS1	False		False	1.0
6057.971	2.0	trials	nogo_tone	4000.0	80.0	6057.971	0.1	True	5.0	6058.971	0.01	True	100.0	12.0	6058.920999999999	6059.271	whisker	350.0	wS1	False		False	3.0
6069.121	2.0	trials	go_tone	8000.0	80.0	6069.121	0.1	True	5.0	6070.121	0.01	False					nolight	0.0	nan	True	6072.046	False	1.0
6080.132	2.0	trials	go_tone	8000.0	80.0	6080.132	0.1	True	5.0	6081.132	0.01	False					nolight	0.0	nan	True	6082.817	False	1.0
6090.96	2.0	trials	no_tone					True	5.0	6091.96	0.01	False					nolight	0.0	nan	False		False	5.0
6101.6	2.0	trials	no_tone					True	5.0	6102.6	0.01	True	100.0	12.0	6102.55	6102.900000000001	whisker	350.0	wS1	False		False	5.0
6112.67	2.0	trials	go_tone	8000.0	80.0	6112.67	0.1	False				True	100.0	12.0	6113.62	6113.97	whisker	350.0	wS1	True	6115.789	False	2.0
6139.602	2.0	trials	no_tone					True	5.0	6140.602	0.01	True	100.0	12.0	6140.552	6140.902	whisker	350.0	wS1	False		False	5.0
6150.441	2.0	trials	no_tone					True	5.0	6151.441	0.01	False					nolight	0.0	nan	False		False	5.0
6161.901	2.0	trials	go_tone	8000.0	80.0	6161.901	0.1	False				False					nolight	0.0	nan	False		False	2.0
6172.681	2.0	trials	nogo_tone	4000.0	80.0	6172.681	0.1	True	5.0	6173.681	0.01	False					nolight	0.0	nan	False		False	3.0
6183.443	2.0	trials	go_tone	8000.0	80.0	6183.443	0.1	True	5.0	6184.443	0.01	True	100.0	12.0	6184.393	6184.743	whisker	350.0	wS1	False		False	1.0
6194.761	2.0	trials	nogo_tone	4000.0	80.0	6194.761	0.1	False				False					nolight	0.0	nan	False		False	4.0
6206.053	2.0	trials	nogo_tone	4000.0	80.0	6206.053	0.1	False				True	100.0	12.0	6207.003	6207.353	whisker	350.0	wS1	False		False	4.0
6217.112	2.0	trials	go_tone	8000.0	80.0	6217.112	0.1	True	5.0	6218.112	0.01	False					nolight	0.0	nan	True	6219.938	False	1.0
6228.613	2.0	trials	go_tone	8000.0	80.0	6228.613	0.1	True	5.0	6229.613	0.01	False					nolight	0.0	nan	True	6231.66	False	1.0
6239.593	2.0	trials	nogo_tone	4000.0	80.0	6239.593	0.1	False				False					nolight	0.0	nan	False		False	4.0
6250.214	2.0	trials	go_tone	8000.0	80.0	6250.214	0.1	False				False					nolight	0.0	nan	False		False	2.0
6261.048	2.0	trials	nogo_tone	4000.0	80.0	6261.048	0.1	True	5.0	6262.048	0.01	False					nolight	0.0	nan	False		False	3.0
6272.162	2.0	trials	nogo_tone	4000.0	80.0	6272.162	0.1	False				False					nolight	0.0	nan	False		False	4.0
6283.595	2.0	trials	no_tone					True	5.0	6284.595	0.01	False					nolight	0.0	nan	False		False	5.0
6295.033	2.0	trials	go_tone	8000.0	80.0	6295.033	0.1	False				True	100.0	12.0	6295.983	6296.3330000000005	whisker	350.0	wS1	False		False	2.0
6306.513	2.0	trials	nogo_tone	4000.0	80.0	6306.513	0.1	False				False					nolight	0.0	nan	False		False	4.0
6318.055	2.0	trials	nogo_tone	4000.0	80.0	6318.055	0.1	True	5.0	6319.055	0.01	False					nolight	0.0	nan	False		False	3.0
6329.502	2.0	trials	go_tone	8000.0	80.0	6329.502	0.1	True	5.0	6330.502	0.01	False					nolight	0.0	nan	False		False	1.0
6340.685	2.0	trials	go_tone	8000.0	80.0	6340.685	0.1	False				False					nolight	0.0	nan	False		False	2.0
6351.554	2.0	trials	go_tone	8000.0	80.0	6351.554	0.1	False				True	100.0	12.0	6352.504	6352.854	whisker	350.0	wS1	False		False	2.0
6362.495	2.0	trials	nogo_tone	4000.0	80.0	6362.495	0.1	False				False					nolight	0.0	nan	False		False	4.0
6373.884	2.0	trials	nogo_tone	4000.0	80.0	6373.884	0.1	False				True	100.0	12.0	6374.834	6375.184	whisker	350.0	wS1	False		False	4.0
6384.686	2.0	trials	go_tone	8000.0	80.0	6384.686	0.1	True	5.0	6385.686	0.01	False					nolight	0.0	nan	True	6387.45	False	1.0
6396.155	2.0	trials	no_tone					True	5.0	6397.155	0.01	False					nolight	0.0	nan	False		False	5.0
6407.275	2.0	trials	nogo_tone	4000.0	80.0	6407.275	0.1	True	5.0	6408.275	0.01	False					nolight	0.0	nan	False		False	3.0
6418.816	2.0	trials	go_tone	8000.0	80.0	6418.816	0.1	False				True	100.0	12.0	6419.766	6420.116	whisker	350.0	wS1	True	6420.815	True	2.0
6430.816	2.0	trials	go_tone	8000.0	80.0	6430.816	0.1	False				True	100.0	12.0	6431.766	6432.116	whisker	350.0	wS1	False		False	2.0
6442.147	2.0	trials	nogo_tone	4000.0	80.0	6442.147	0.1	False				True	100.0	12.0	6443.097	6443.447	whisker	350.0	wS1	False		False	4.0
6453.405	2.0	trials	go_tone	8000.0	80.0	6453.405	0.1	True	5.0	6454.405	0.01	True	100.0	12.0	6454.355	6454.705	whisker	350.0	wS1	False		False	1.0
6464.965	2.0	trials	nogo_tone	4000.0	80.0	6464.965	0.1	False				False					nolight	0.0	nan	False		False	4.0
6476.516	2.0	trials	go_tone	8000.0	80.0	6476.516	0.1	False				False					nolight	0.0	nan	True	6480.040999999999	False	2.0
6503.626	2.0	trials	go_tone	8000.0	80.0	6503.626	0.1	True	5.0	6504.626	0.01	False					nolight	0.0	nan	True	6506.274	False	1.0
6514.936	2.0	trials	go_tone	8000.0	80.0	6514.936	0.1	True	5.0	6515.936	0.01	False					nolight	0.0	nan	False		False	1.0
6526.018	2.0	trials	no_tone					True	5.0	6527.018	0.01	False					nolight	0.0	nan	False		False	5.0
6537.227	2.0	trials	nogo_tone	4000.0	80.0	6537.227	0.1	False				False					nolight	0.0	nan	False		False	4.0
6548.187	2.0	trials	go_tone	8000.0	80.0	6548.187	0.1	False				False					nolight	0.0	nan	False		False	2.0
6558.759	2.0	trials	go_tone	8000.0	80.0	6558.759	0.1	False				False					nolight	0.0	nan	False		False	2.0
6570.028	2.0	trials	go_tone	8000.0	80.0	6570.028	0.1	True	5.0	6571.028	0.01	True	100.0	12.0	6570.978	6571.328	whisker	350.0	wS1	False		False	1.0
6581.207	2.0	trials	nogo_tone	4000.0	80.0	6581.207	0.1	True	5.0	6582.207	0.01	True	100.0	12.0	6582.157	6582.5070000000005	whisker	350.0	wS1	False		False	3.0
6592.469	2.0	trials	nogo_tone	4000.0	80.0	6592.469	0.1	True	5.0	6593.469	0.01	False					nolight	0.0	nan	False		False	3.0
6603.239	2.0	trials	nogo_tone	4000.0	80.0	6603.239	0.1	True	5.0	6604.239	0.01	True	100.0	12.0	6604.188999999999	6604.539	whisker	350.0	wS1	False		False	3.0
6614.24	2.0	trials	no_tone					True	5.0	6615.24	0.01	True	100.0	12.0	6615.19	6615.54	whisker	350.0	wS1	False		False	5.0
6625.459	2.0	trials	nogo_tone	4000.0	80.0	6625.459	0.1	False				False					nolight	0.0	nan	False		False	4.0
6636.289	2.0	trials	no_tone					True	5.0	6637.289	0.01	False					nolight	0.0	nan	False		False	5.0
6649.389	2.0	trials	no_tone					True	5.0	6650.389	0.01	False					nolight	0.0	nan	False		False	5.0
6660.479	2.0	trials	nogo_tone	4000.0	80.0	6660.479	0.1	True	5.0	6661.479	0.01	False					nolight	0.0	nan	False		False	3.0
6671.628	2.0	trials	nogo_tone	4000.0	80.0	6671.628	0.1	True	5.0	6672.628	0.01	False					nolight	0.0	nan	False		False	3.0
6683.069	2.0	trials	no_tone					True	5.0	6684.069	0.01	True	100.0	12.0	6684.019	6684.369000000001	whisker	350.0	wS1	False		False	5.0
6694.413	2.0	trials	no_tone					True	5.0	6695.413	0.01	False					nolight	0.0	nan	False		False	5.0
6705.451	2.0	trials	nogo_tone	4000.0	80.0	6705.451	0.1	True	5.0	6706.451	0.01	True	100.0	12.0	6706.401	6706.751	whisker	350.0	wS1	False		False	3.0
6716.379	2.0	trials	nogo_tone	4000.0	80.0	6716.379	0.1	False				False					nolight	0.0	nan	True	6719.094	False	4.0
6743.72	2.0	trials	nogo_tone	4000.0	80.0	6743.72	0.1	False				False					nolight	0.0	nan	False		False	4.0
6755.031	2.0	trials	nogo_tone	4000.0	80.0	6755.031	0.1	True	5.0	6756.031	0.01	False					nolight	0.0	nan	False		False	3.0
6766.422	2.0	trials	nogo_tone	4000.0	80.0	6766.422	0.1	False				True	100.0	12.0	6767.371999999999	6767.722	whisker	350.0	wS1	False		False	4.0
6777.34	2.0	trials	go_tone	8000.0	80.0	6777.34	0.1	False				False					nolight	0.0	nan	True	6779.83	True	2.0
6789.831	2.0	trials	go_tone	8000.0	80.0	6789.831	0.1	False				False					nolight	0.0	nan	False		False	2.0
6801.031	2.0	trials	nogo_tone	4000.0	80.0	6801.031	0.1	False				True	100.0	12.0	6801.981	6802.331	whisker	350.0	wS1	False		False	4.0
6811.632	2.0	trials	go_tone	8000.0	80.0	6811.632	0.1	True	5.0	6812.632	0.01	False					nolight	0.0	nan	False		False	1.0
6822.901	2.0	trials	nogo_tone	4000.0	80.0	6822.901	0.1	False				False					nolight	0.0	nan	False		False	4.0
6833.633	2.0	trials	go_tone	8000.0	80.0	6833.633	0.1	False				False					nolight	0.0	nan	False		False	2.0
6844.751	2.0	trials	nogo_tone	4000.0	80.0	6844.751	0.1	True	5.0	6845.751	0.01	False					nolight	0.0	nan	False		False	3.0
6856.001	2.0	trials	go_tone	8000.0	80.0	6856.001	0.1	True	5.0	6857.001	0.01	False					nolight	0.0	nan	True	6858.923	False	1.0
6866.953	2.0	trials	nogo_tone	4000.0	80.0	6866.953	0.1	True	5.0	6867.953	0.01	False					nolight	0.0	nan	False		False	3.0
6877.572	2.0	trials	nogo_tone	4000.0	80.0	6877.572	0.1	True	5.0	6878.572	0.01	False					nolight	0.0	nan	False		False	3.0
6888.212	2.0	trials	go_tone	8000.0	80.0	6888.212	0.1	True	5.0	6889.212	0.01	True	100.0	12.0	6889.162	6889.512000000001	whisker	350.0	wS1	False		False	1.0
6899.544	2.0	trials	no_tone					True	5.0	6900.544	0.01	False					nolight	0.0	nan	False		False	5.0
6910.652	2.0	trials	go_tone	8000.0	80.0	6910.652	0.1	False				False					nolight	0.0	nan	False		False	2.0
6921.242	2.0	trials	go_tone	8000.0	80.0	6921.242	0.1	False				True	100.0	12.0	6922.192	6922.542	whisker	350.0	wS1	False		False	2.0
6932.513	2.0	trials	go_tone	8000.0	80.0	6932.513	0.1	True	5.0	6933.513	0.01	False					nolight	0.0	nan	False		False	1.0
6943.563	2.0	trials	no_tone					True	5.0	6944.563	0.01	False					nolight	0.0	nan	False		False	5.0
6954.155	2.0	trials	nogo_tone	4000.0	80.0	6954.155	0.1	True	5.0	6955.155	0.01	True	100.0	12.0	6955.105	6955.455	whisker	350.0	wS1	False		False	3.0
6965.335	2.0	trials	go_tone	8000.0	80.0	6965.335	0.1	False				True	100.0	12.0	6966.285	6966.635	whisker	350.0	wS1	True	6968.204	False	2.0
6992.415	2.0	trials	no_tone					True	5.0	6993.415	0.01	True	100.0	12.0	6993.365	6993.715	whisker	350.0	wS1	False		False	5.0
7003.485	2.0	trials	go_tone	8000.0	80.0	7003.485	0.1	False				False					nolight	0.0	nan	True	7006.121	False	2.0
7030.344	2.0	trials	go_tone	8000.0	80.0	7030.344	0.1	True	5.0	7031.344	0.01	False					nolight	0.0	nan	True	7033.169	False	1.0
7041.476	2.0	trials	nogo_tone	4000.0	80.0	7041.476	0.1	False				False					nolight	0.0	nan	False		False	4.0
7052.204	2.0	trials	go_tone	8000.0	80.0	7052.204	0.1	True	5.0	7053.204	0.01	True	100.0	12.0	7053.1539999999995	7053.504	whisker	350.0	wS1	False		False	1.0
7062.836	2.0	trials	no_tone					True	5.0	7063.836	0.01	True	100.0	12.0	7063.786	7064.136	whisker	350.0	wS1	False		False	5.0
7073.615	2.0	trials	no_tone					True	5.0	7074.615	0.01	False					nolight	0.0	nan	False		False	5.0
7084.977	2.0	trials	nogo_tone	4000.0	80.0	7084.977	0.1	False				False					nolight	0.0	nan	False		False	4.0
7096.077	2.0	trials	go_tone	8000.0	80.0	7096.077	0.1	False				False					nolight	0.0	nan	False		False	2.0
7106.687	2.0	trials	go_tone	8000.0	80.0	7106.687	0.1	True	5.0	7107.687	0.01	True	100.0	12.0	7107.637	7107.987	whisker	350.0	wS1	True	7109.558	False	1.0
7117.586	2.0	trials	go_tone	8000.0	80.0	7117.586	0.1	False				True	100.0	12.0	7118.536	7118.886	whisker	350.0	wS1	False		False	2.0
7128.437	2.0	trials	nogo_tone	4000.0	80.0	7128.437	0.1	True	5.0	7129.437	0.01	False					nolight	0.0	nan	False		False	3.0
7139.248	2.0	trials	go_tone	8000.0	80.0	7139.248	0.1	False				False					nolight	0.0	nan	False		False	2.0
7149.848	2.0	trials	nogo_tone	4000.0	80.0	7149.848	0.1	True	5.0	7150.848	0.01	True	100.0	12.0	7150.798	7151.148	whisker	350.0	wS1	False		False	3.0
7161.318	2.0	trials	go_tone	8000.0	80.0	7161.318	0.1	True	5.0	7162.318	0.01	False					nolight	0.0	nan	False		False	1.0
7172.708	2.0	trials	go_tone	8000.0	80.0	7172.708	0.1	False				False					nolight	0.0	nan	False		False	2.0
7183.888	2.0	trials	nogo_tone	4000.0	80.0	7183.888	0.1	False				False					nolight	0.0	nan	False		False	4.0
7195.317	2.0	trials	nogo_tone	4000.0	80.0	7195.317	0.1	True	5.0	7196.317	0.01	False					nolight	0.0	nan	False		False	3.0
7206.077	2.0	trials	nogo_tone	4000.0	80.0	7206.077	0.1	True	5.0	7207.077	0.01	False					nolight	0.0	nan	False		False	3.0
7217.078	2.0	trials	nogo_tone	4000.0	80.0	7217.078	0.1	True	5.0	7218.078	0.01	True	100.0	12.0	7218.028	7218.378000000001	whisker	350.0	wS1	True	7217.817	True	3.0
7227.831	2.0	trials	nogo_tone	4000.0	80.0	7227.831	0.1	True	5.0	7228.831	0.01	True	100.0	12.0	7228.781	7229.131	whisker	350.0	wS1	False		False	3.0
7238.407	2.0	trials	no_tone					True	5.0	7239.407	0.01	False					nolight	0.0	nan	False		False	5.0
7249.567	2.0	trials	nogo_tone	4000.0	80.0	7249.567	0.1	False				False					nolight	0.0	nan	False		False	4.0
7260.58	2.0	trials	go_tone	8000.0	80.0	7260.58	0.1	True	5.0	7261.58	0.01	False					nolight	0.0	nan	True	7263.826	False	1.0
7271.318	2.0	trials	go_tone	8000.0	80.0	7271.318	0.1	True	5.0	7272.318	0.01	False					nolight	0.0	nan	False		False	1.0
7282.49	2.0	trials	no_tone					True	5.0	7283.49	0.01	True	100.0	12.0	7283.44	7283.79	whisker	350.0	wS1	False		False	5.0
7293.5	2.0	trials	nogo_tone	4000.0	80.0	7293.5	0.1	False				True	100.0	12.0	7294.45	7294.8	whisker	350.0	wS1	False		False	4.0
7304.268	2.0	trials	no_tone					True	5.0	7305.268	0.01	True	100.0	12.0	7305.218	7305.568	whisker	350.0	wS1	False		False	5.0
7315.648	2.0	trials	go_tone	8000.0	80.0	7315.648	0.1	True	5.0	7316.648	0.01	False					nolight	0.0	nan	True	7318.545	False	1.0
7327.149	2.0	trials	nogo_tone	4000.0	80.0	7327.149	0.1	False				True	100.0	12.0	7328.099	7328.4490000000005	whisker	350.0	wS1	False		False	4.0
7338.339	2.0	trials	no_tone					True	5.0	7339.339	0.01	False					nolight	0.0	nan	False		False	5.0
7349.629	2.0	trials	go_tone	8000.0	80.0	7349.629	0.1	False				False					nolight	0.0	nan	False		False	2.0
7360.869	2.0	trials	go_tone	8000.0	80.0	7360.869	0.1	True	5.0	7361.869	0.01	True	100.0	12.0	7361.8189999999995	7362.169	whisker	350.0	wS1	True	7364.187	False	1.0
7371.79	2.0	trials	nogo_tone	4000.0	80.0	7371.79	0.1	False				False					nolight	0.0	nan	False		False	4.0
7382.66	2.0	trials	go_tone	8000.0	80.0	7382.66	0.1	False				True	100.0	12.0	7383.61	7383.96	whisker	350.0	wS1	True	7384.59	True	2.0
7394.591	2.0	trials	go_tone	8000.0	80.0	7394.591	0.1	False				True	100.0	12.0	7395.541	7395.8910000000005	whisker	350.0	wS1	False		False	2.0
7405.363	2.0	trials	no_tone					True	5.0	7406.363	0.01	False					nolight	0.0	nan	False		False	5.0
7416.51	2.0	trials	nogo_tone	4000.0	80.0	7416.51	0.1	True	5.0	7417.51	0.01	False					nolight	0.0	nan	False		False	3.0
7427.131	2.0	trials	no_tone					True	5.0	7428.131	0.01	False					nolight	0.0	nan	False		False	5.0
7438.372	2.0	trials	nogo_tone	4000.0	80.0	7438.372	0.1	False				False					nolight	0.0	nan	False		False	4.0
7449.782	2.0	trials	nogo_tone	4000.0	80.0	7449.782	0.1	False				False					nolight	0.0	nan	False		False	4.0
7460.962	2.0	trials	no_tone					True	5.0	7461.962	0.01	True	100.0	12.0	7461.912	7462.262000000001	whisker	350.0	wS1	False		False	5.0
7472.123	2.0	trials	go_tone	8000.0	80.0	7472.123	0.1	False				False					nolight	0.0	nan	False		False	2.0
7483.603	2.0	trials	no_tone					True	5.0	7484.603	0.01	False					nolight	0.0	nan	False		False	5.0
7494.253	2.0	trials	go_tone	8000.0	80.0	7494.253	0.1	True	5.0	7495.253	0.01	False					nolight	0.0	nan	True	7496.987999999999	False	1.0
7504.903	2.0	trials	go_tone	8000.0	80.0	7504.903	0.1	False				True	100.0	12.0	7505.853	7506.203	whisker	350.0	wS1	False		False	2.0
7516.142	2.0	trials	nogo_tone	4000.0	80.0	7516.142	0.1	False				False					nolight	0.0	nan	False		False	4.0
7527.062	2.0	trials	nogo_tone	4000.0	80.0	7527.062	0.1	True	5.0	7528.062	0.01	True	100.0	12.0	7528.012	7528.362	whisker	350.0	wS1	False		False	3.0
7538.534	2.0	trials	no_tone					True	5.0	7539.534	0.01	True	100.0	12.0	7539.4839999999995	7539.834	whisker	350.0	wS1	False		False	5.0
7550.063	2.0	trials	no_tone					True	5.0	7551.063	0.01	False					nolight	0.0	nan	False		False	5.0
7561.232	2.0	trials	go_tone	8000.0	80.0	7561.232	0.1	True	5.0	7562.232	0.01	False					nolight	0.0	nan	True	7563.91	False	1.0
7571.892	2.0	trials	nogo_tone	4000.0	80.0	7571.892	0.1	False				False					nolight	0.0	nan	False		False	4.0
7582.664	2.0	trials	go_tone	8000.0	80.0	7582.664	0.1	False				False					nolight	0.0	nan	False		False	2.0
7593.967	2.0	trials	nogo_tone	4000.0	80.0	7593.967	0.1	True	5.0	7594.967	0.01	False					nolight	0.0	nan	False		False	3.0
7604.634	2.0	trials	go_tone	8000.0	80.0	7604.634	0.1	True	5.0	7605.634	0.01	True	100.0	12.0	7605.584	7605.934	whisker	350.0	wS1	True	7607.724	False	1.0
7615.615	2.0	trials	no_tone					True	5.0	7616.615	0.01	False					nolight	0.0	nan	False		False	5.0
7626.285	2.0	trials	nogo_tone	4000.0	80.0	7626.285	0.1	True	5.0	7627.285	0.01	False					nolight	0.0	nan	False		False	3.0
7637.846	2.0	trials	nogo_tone	4000.0	80.0	7637.846	0.1	True	5.0	7638.846	0.01	False					nolight	0.0	nan	False		False	3.0
7648.464	2.0	trials	go_tone	8000.0	80.0	7648.464	0.1	False				False					nolight	0.0	nan	False		False	2.0
7659.294	2.0	trials	go_tone	8000.0	80.0	7659.294	0.1	True	5.0	7660.294	0.01	False					nolight	0.0	nan	True	7661.991	False	1.0
7670.535	2.0	trials	no_tone					True	5.0	7671.535	0.01	False					nolight	0.0	nan	False		False	5.0
7681.756	2.0	trials	nogo_tone	4000.0	80.0	7681.756	0.1	False				True	100.0	12.0	7682.706	7683.0560000000005	whisker	350.0	wS1	False		False	4.0
7692.485	2.0	trials	go_tone	8000.0	80.0	7692.485	0.1	False				False					nolight	0.0	nan	False		False	2.0
7703.465	2.0	trials	go_tone	8000.0	80.0	7703.465	0.1	True	5.0	7704.465	0.01	True	100.0	12.0	7704.415	7704.765	whisker	350.0	wS1	True	7706.128	False	1.0
7714.565	2.0	trials	go_tone	8000.0	80.0	7714.565	0.1	True	5.0	7715.565	0.01	False					nolight	0.0	nan	False		False	1.0
7725.696	2.0	trials	nogo_tone	4000.0	80.0	7725.696	0.1	True	5.0	7726.696	0.01	True	100.0	12.0	7726.646	7726.996	whisker	350.0	wS1	False		False	3.0
7737.175	2.0	trials	nogo_tone	4000.0	80.0	7737.175	0.1	False				True	100.0	12.0	7738.125	7738.475	whisker	350.0	wS1	False		False	4.0
7748.356	2.0	trials	nogo_tone	4000.0	80.0	7748.356	0.1	True	5.0	7749.356	0.01	False					nolight	0.0	nan	False		False	3.0
7759.395	2.0	trials	go_tone	8000.0	80.0	7759.395	0.1	False				True	100.0	12.0	7760.345	7760.695000000001	whisker	350.0	wS1	False		False	2.0
7770.616	2.0	trials	go_tone	8000.0	80.0	7770.616	0.1	False				False					nolight	0.0	nan	False		False	2.0
7781.276	2.0	trials	nogo_tone	4000.0	80.0	7781.276	0.1	False				False					nolight	0.0	nan	False		False	4.0
7791.966	2.0	trials	go_tone	8000.0	80.0	7791.966	0.1	True	5.0	7792.966	0.01	True	100.0	12.0	7792.916	7793.2660000000005	whisker	350.0	wS1	True	7795.138	False	1.0
7802.946	2.0	trials	nogo_tone	4000.0	80.0	7802.946	0.1	True	5.0	7803.946	0.01	True	100.0	12.0	7803.896	7804.246	whisker	350.0	wS1	False		False	3.0
7814.458	2.0	trials	go_tone	8000.0	80.0	7814.458	0.1	True	5.0	7815.458	0.01	False					nolight	0.0	nan	True	7817.155	False	1.0
7825.328	2.0	trials	nogo_tone	4000.0	80.0	7825.328	0.1	False				False					nolight	0.0	nan	False		False	4.0
7836.275	2.0	trials	no_tone					True	5.0	7837.275	0.01	False					nolight	0.0	nan	False		False	5.0
7847.827	2.0	trials	nogo_tone	4000.0	80.0	7847.827	0.1	False				False					nolight	0.0	nan	False		False	4.0
7858.487	2.0	trials	no_tone					True	5.0	7859.487	0.01	False					nolight	0.0	nan	False		False	5.0
7869.607	2.0	trials	go_tone	8000.0	80.0	7869.607	0.1	True	5.0	7870.607	0.01	True	100.0	12.0	7870.557	7870.907	whisker	350.0	wS1	False		False	1.0
7880.799	2.0	trials	go_tone	8000.0	80.0	7880.799	0.1	False				True	100.0	12.0	7881.749	7882.099	whisker	350.0	wS1	False		False	2.0
7892.329	2.0	trials	nogo_tone	4000.0	80.0	7892.329	0.1	False				False					nolight	0.0	nan	False		False	4.0
7903.114	2.0	trials	go_tone	8000.0	80.0	7903.114	0.1	True	5.0	7904.114	0.01	False					nolight	0.0	nan	False		False	1.0
7914.079	2.0	trials	no_tone					True	5.0	7915.079	0.01	True	100.0	12.0	7915.0289999999995	7915.379	whisker	350.0	wS1	False		False	5.0
7925.079	2.0	trials	go_tone	8000.0	80.0	7925.079	0.1	False				False					nolight	0.0	nan	False		False	2.0
7936.359	2.0	trials	nogo_tone	4000.0	80.0	7936.359	0.1	True	5.0	7937.359	0.01	False					nolight	0.0	nan	True	7939.094	False	3.0
7963.259	2.0	trials	no_tone					True	5.0	7964.259	0.01	True	100.0	12.0	7964.209	7964.559	whisker	350.0	wS1	False		False	5.0
7974.719	2.0	trials	go_tone	8000.0	80.0	7974.719	0.1	False				True	100.0	12.0	7975.669	7976.019	whisker	350.0	wS1	False		False	2.0
7985.771	2.0	trials	go_tone	8000.0	80.0	7985.771	0.1	True	5.0	7986.771	0.01	False					nolight	0.0	nan	True	7988.625	False	1.0
7996.611	2.0	trials	nogo_tone	4000.0	80.0	7996.611	0.1	True	5.0	7997.611	0.01	False					nolight	0.0	nan	True	7999.588	False	3.0
8023.244	2.0	trials	nogo_tone	4000.0	80.0	8023.244	0.1	True	5.0	8024.244	0.01	False					nolight	0.0	nan	True	8026.11	False	3.0
8049.892	2.0	trials	nogo_tone	4000.0	80.0	8049.892	0.1	False				True	100.0	12.0	8050.842	8051.192	whisker	350.0	wS1	False		False	4.0
8060.74	2.0	trials	no_tone					True	5.0	8061.74	0.01	False					nolight	0.0	nan	False		False	5.0
8071.751	2.0	trials	nogo_tone	4000.0	80.0	8071.751	0.1	False				True	100.0	12.0	8072.701	8073.051	whisker	350.0	wS1	False		False	4.0
8082.695	2.0	trials	nogo_tone	4000.0	80.0	8082.695	0.1	True	5.0	8083.695	0.01	True	100.0	12.0	8083.6449999999995	8083.995	whisker	350.0	wS1	False		False	3.0
8093.563	2.0	trials	no_tone					True	5.0	8094.563	0.01	False					nolight	0.0	nan	False		False	5.0
8104.393	2.0	trials	go_tone	8000.0	80.0	8104.393	0.1	True	5.0	8105.393	0.01	False					nolight	0.0	nan	True	8107.134	False	1.0
8115.402	2.0	trials	nogo_tone	4000.0	80.0	8115.402	0.1	True	5.0	8116.402	0.01	False					nolight	0.0	nan	True	8118.061	False	3.0
8142.692	2.0	trials	go_tone	8000.0	80.0	8142.692	0.1	False				False					nolight	0.0	nan	False		False	2.0
8154.163	2.0	trials	go_tone	8000.0	80.0	8154.163	0.1	False				False					nolight	0.0	nan	False		False	2.0
8165.424	2.0	trials	nogo_tone	4000.0	80.0	8165.424	0.1	False				False					nolight	0.0	nan	False		False	4.0
8176.782	2.0	trials	nogo_tone	4000.0	80.0	8176.782	0.1	False				False					nolight	0.0	nan	False		False	4.0
8188.314	2.0	trials	no_tone					True	5.0	8189.314	0.01	False					nolight	0.0	nan	False		False	5.0
8199.242	2.0	trials	no_tone					True	5.0	8200.242	0.01	False					nolight	0.0	nan	False		False	5.0
8210.553	2.0	trials	nogo_tone	4000.0	80.0	8210.553	0.1	True	5.0	8211.553	0.01	True	100.0	12.0	8211.503	8211.853	whisker	350.0	wS1	False		False	3.0
8222.103	2.0	trials	go_tone	8000.0	80.0	8222.103	0.1	True	5.0	8223.103	0.01	False					nolight	0.0	nan	False		False	1.0
8233.005	2.0	trials	go_tone	8000.0	80.0	8233.005	0.1	False				False					nolight	0.0	nan	False		False	2.0
8243.873	2.0	trials	no_tone					True	5.0	8244.873	0.01	False					nolight	0.0	nan	False		False	5.0
8254.695	2.0	trials	nogo_tone	4000.0	80.0	8254.695	0.1	True	5.0	8255.695	0.01	False					nolight	0.0	nan	False		False	3.0
8265.935	2.0	trials	go_tone	8000.0	80.0	8265.935	0.1	False				True	100.0	12.0	8266.885	8267.234999999999	whisker	350.0	wS1	False		False	2.0
8277.094	2.0	trials	go_tone	8000.0	80.0	8277.094	0.1	True	5.0	8278.094	0.01	False					nolight	0.0	nan	False		False	1.0
8287.674	2.0	trials	nogo_tone	4000.0	80.0	8287.674	0.1	False				False					nolight	0.0	nan	False		False	4.0
8298.356	2.0	trials	go_tone	8000.0	80.0	8298.356	0.1	True	5.0	8299.356	0.01	True	100.0	12.0	8299.306	8299.655999999999	whisker	350.0	wS1	False		False	1.0
8309.725	2.0	trials	go_tone	8000.0	80.0	8309.725	0.1	True	5.0	8310.725	0.01	False					nolight	0.0	nan	False		False	1.0
8320.466	2.0	trials	go_tone	8000.0	80.0	8320.466	0.1	False				False					nolight	0.0	nan	False		False	2.0
8331.406	2.0	trials	no_tone					True	5.0	8332.406	0.01	False					nolight	0.0	nan	False		False	5.0
8342.526	2.0	trials	nogo_tone	4000.0	80.0	8342.526	0.1	True	5.0	8343.526	0.01	False					nolight	0.0	nan	False		False	3.0
8353.312	2.0	trials	go_tone	8000.0	80.0	8353.312	0.1	False				True	100.0	12.0	8354.262	8354.612	whisker	350.0	wS1	False		False	2.0
8364.773	2.0	trials	nogo_tone	4000.0	80.0	8364.773	0.1	True	5.0	8365.773	0.01	True	100.0	12.0	8365.723	8366.072999999999	whisker	350.0	wS1	False		False	3.0
8375.776	2.0	trials	no_tone					True	5.0	8376.776	0.01	True	100.0	12.0	8376.726	8377.076	whisker	350.0	wS1	False		False	5.0
8387.187	2.0	trials	go_tone	8000.0	80.0	8387.187	0.1	False				False					nolight	0.0	nan	False		False	2.0
8398.175	2.0	trials	go_tone	8000.0	80.0	8398.175	0.1	True	5.0	8399.175	0.01	False					nolight	0.0	nan	False		False	1.0
8408.925	2.0	trials	nogo_tone	4000.0	80.0	8408.925	0.1	False				True	100.0	12.0	8409.875	8410.224999999999	whisker	350.0	wS1	False		False	4.0
8419.556	2.0	trials	go_tone	8000.0	80.0	8419.556	0.1	True	5.0	8420.556	0.01	True	100.0	12.0	8420.506000000001	8420.856	whisker	350.0	wS1	True	8422.315	False	1.0
8430.988	2.0	trials	go_tone	8000.0	80.0	8430.988	0.1	False				False					nolight	0.0	nan	False		False	2.0
8443.136	2.0	trials	no_tone					True	5.0	8444.136	0.01	True	100.0	12.0	8444.086000000001	8444.436	whisker	350.0	wS1	False		False	5.0
8454.328	2.0	trials	nogo_tone	4000.0	80.0	8454.328	0.1	True	5.0	8455.328	0.01	False					nolight	0.0	nan	False		False	3.0
8465.837	2.0	trials	nogo_tone	4000.0	80.0	8465.837	0.1	True	5.0	8466.837	0.01	False					nolight	0.0	nan	True	8468.554	False	3.0
8492.889	2.0	trials	nogo_tone	4000.0	80.0	8492.889	0.1	False				True	100.0	12.0	8493.839	8494.188999999998	whisker	350.0	wS1	False		False	4.0
8503.749	2.0	trials	nogo_tone	4000.0	80.0	8503.749	0.1	False				False					nolight	0.0	nan	False		False	4.0
8514.918	2.0	trials	no_tone					True	5.0	8515.918	0.01	True	100.0	12.0	8515.868	8516.217999999999	whisker	350.0	wS1	False		False	5.0
8525.759	2.0	trials	nogo_tone	4000.0	80.0	8525.759	0.1	True	5.0	8526.759	0.01	False					nolight	0.0	nan	False		False	3.0
8536.707	2.0	trials	go_tone	8000.0	80.0	8536.707	0.1	True	5.0	8537.707	0.01	False					nolight	0.0	nan	False		False	1.0
8547.78	2.0	trials	go_tone	8000.0	80.0	8547.78	0.1	True	5.0	8548.78	0.01	False					nolight	0.0	nan	False		False	1.0
8558.498	2.0	trials	nogo_tone	4000.0	80.0	8558.498	0.1	False				True	100.0	12.0	8559.448	8559.797999999999	whisker	350.0	wS1	False		False	4.0
8569.33	2.0	trials	nogo_tone	4000.0	80.0	8569.33	0.1	True	5.0	8570.33	0.01	True	100.0	12.0	8570.28	8570.63	whisker	350.0	wS1	False		False	3.0
8580.54	2.0	trials	nogo_tone	4000.0	80.0	8580.54	0.1	True	5.0	8581.54	0.01	False					nolight	0.0	nan	False		False	3.0
8591.299	2.0	trials	no_tone					True	5.0	8592.299	0.01	False					nolight	0.0	nan	False		False	5.0
8602.82	2.0	trials	go_tone	8000.0	80.0	8602.82	0.1	True	5.0	8603.82	0.01	False					nolight	0.0	nan	True	8605.746	False	1.0
8613.629	2.0	trials	nogo_tone	4000.0	80.0	8613.629	0.1	False				False					nolight	0.0	nan	False		False	4.0
8624.269	2.0	trials	no_tone					True	5.0	8625.269	0.01	False					nolight	0.0	nan	False		False	5.0
8635.721	2.0	trials	go_tone	8000.0	80.0	8635.721	0.1	True	5.0	8636.721	0.01	True	100.0	12.0	8636.671	8637.020999999999	whisker	350.0	wS1	True	8638.05	True	1.0
8648.06	2.0	trials	go_tone	8000.0	80.0	8648.06	0.1	True	5.0	8649.06	0.01	True	100.0	12.0	8649.01	8649.359999999999	whisker	350.0	wS1	True	8650.41	True	1.0
8660.41	2.0	trials	go_tone	8000.0	80.0	8660.41	0.1	True	5.0	8661.41	0.01	True	100.0	12.0	8661.36	8661.71	whisker	350.0	wS1	True	8663.148	False	1.0
8671.09	2.0	trials	go_tone	8000.0	80.0	8671.09	0.1	True	5.0	8672.09	0.01	True	100.0	12.0	8672.04	8672.39	whisker	350.0	wS1	True	8673.775	False	1.0
8681.89	2.0	trials	nogo_tone	4000.0	80.0	8681.89	0.1	True	5.0	8682.89	0.01	True	100.0	12.0	8682.84	8683.189999999999	whisker	350.0	wS1	False		False	3.0
8692.46	2.0	trials	nogo_tone	4000.0	80.0	8692.46	0.1	False				False					nolight	0.0	nan	False		False	4.0
8703.77	2.0	trials	nogo_tone	4000.0	80.0	8703.77	0.1	False				False					nolight	0.0	nan	True	8705.359	True	4.0
8715.36	2.0	trials	nogo_tone	4000.0	80.0	8715.36	0.1	False				False					nolight	0.0	nan	False		False	4.0
8726.781	2.0	trials	nogo_tone	4000.0	80.0	8726.781	0.1	False				False					nolight	0.0	nan	False		False	4.0
8737.633	2.0	trials	nogo_tone	4000.0	80.0	8737.633	0.1	True	5.0	8738.633	0.01	False					nolight	0.0	nan	True	8740.316	False	3.0
8764.872	2.0	trials	go_tone	8000.0	80.0	8764.872	0.1	False				True	100.0	12.0	8765.822	8766.171999999999	whisker	350.0	wS1	False		False	2.0
8776.312	2.0	trials	nogo_tone	4000.0	80.0	8776.312	0.1	True	5.0	8777.312	0.01	False					nolight	0.0	nan	True	8779.4	False	3.0
8803.694	2.0	trials	nogo_tone	4000.0	80.0	8803.694	0.1	False				True	100.0	12.0	8804.644	8804.993999999999	whisker	350.0	wS1	False		False	4.0
8814.983	2.0	trials	go_tone	8000.0	80.0	8814.983	0.1	True	5.0	8815.983	0.01	False					nolight	0.0	nan	True	8818.077	False	1.0
8825.574	2.0	trials	go_tone	8000.0	80.0	8825.574	0.1	False				False					nolight	0.0	nan	False		False	2.0
8836.912	2.0	trials	go_tone	8000.0	80.0	8836.912	0.1	False				False					nolight	0.0	nan	False		False	2.0
8847.654	2.0	trials	no_tone					True	5.0	8848.654	0.01	False					nolight	0.0	nan	False		False	5.0
8858.404	2.0	trials	go_tone	8000.0	80.0	8858.404	0.1	False				False					nolight	0.0	nan	False		False	2.0
8869.495	2.0	trials	go_tone	8000.0	80.0	8869.495	0.1	False				False					nolight	0.0	nan	False		False	2.0
8880.495	2.0	trials	go_tone	8000.0	80.0	8880.495	0.1	False				True	100.0	12.0	8881.445000000002	8881.795	whisker	350.0	wS1	False		False	2.0
8891.644	2.0	trials	no_tone					True	5.0	8892.644	0.01	False					nolight	0.0	nan	False		False	5.0
8902.515	2.0	trials	no_tone					True	5.0	8903.515	0.01	True	100.0	12.0	8903.465	8903.814999999999	whisker	350.0	wS1	False		False	5.0
8913.565	2.0	trials	nogo_tone	4000.0	80.0	8913.565	0.1	False				False					nolight	0.0	nan	False		False	4.0
8924.685	2.0	trials	nogo_tone	4000.0	80.0	8924.685	0.1	True	5.0	8925.685	0.01	False					nolight	0.0	nan	False		False	3.0
8935.354	2.0	trials	nogo_tone	4000.0	80.0	8935.354	0.1	False				False					nolight	0.0	nan	False		False	4.0
8946.496	2.0	trials	go_tone	8000.0	80.0	8946.496	0.1	True	5.0	8947.496	0.01	False					nolight	0.0	nan	True	8949.215999999999	False	1.0
8958.395	2.0	trials	go_tone	8000.0	80.0	8958.395	0.1	False				False					nolight	0.0	nan	False		False	2.0
8969.086	2.0	trials	go_tone	8000.0	80.0	8969.086	0.1	True	5.0	8970.086	0.01	False					nolight	0.0	nan	True	8971.554999999998	True	1.0
8981.564	2.0	trials	go_tone	8000.0	80.0	8981.564	0.1	True	5.0	8982.564	0.01	False					nolight	0.0	nan	False		False	1.0
8992.913	2.0	trials	nogo_tone	4000.0	80.0	8992.913	0.1	True	5.0	8993.913	0.01	False					nolight	0.0	nan	False		False	3.0
9004.095	2.0	trials	go_tone	8000.0	80.0	9004.095	0.1	True	5.0	9005.095	0.01	False					nolight	0.0	nan	True	9006.823999999999	False	1.0
9015.275	2.0	trials	go_tone	8000.0	80.0	9015.275	0.1	True	5.0	9016.275	0.01	False					nolight	0.0	nan	False		False	1.0
9026.555	2.0	trials	nogo_tone	4000.0	80.0	9026.555	0.1	False				False					nolight	0.0	nan	False		False	4.0
9037.327	2.0	trials	go_tone	8000.0	80.0	9037.327	0.1	True	5.0	9038.327	0.01	False					nolight	0.0	nan	False		False	1.0
9048.106	2.0	trials	nogo_tone	4000.0	80.0	9048.106	0.1	False				False					nolight	0.0	nan	False		False	4.0
9059.617	2.0	trials	no_tone					True	5.0	9060.617	0.01	False					nolight	0.0	nan	False		False	5.0
9070.347	2.0	trials	nogo_tone	4000.0	80.0	9070.347	0.1	False				False					nolight	0.0	nan	False		False	4.0
9081.616	2.0	trials	go_tone	8000.0	80.0	9081.616	0.1	False				False					nolight	0.0	nan	True	9082.095	True	2.0
9092.098	2.0	trials	go_tone	8000.0	80.0	9092.098	0.1	False				False					nolight	0.0	nan	False		False	2.0
9103.066	2.0	trials	nogo_tone	4000.0	80.0	9103.066	0.1	True	5.0	9104.066	0.01	False					nolight	0.0	nan	True	9105.788	False	3.0
9130.108	2.0	trials	nogo_tone	4000.0	80.0	9130.108	0.1	True	5.0	9131.108	0.01	False					nolight	0.0	nan	False		False	3.0
9140.997	2.0	trials	no_tone					True	5.0	9141.997	0.01	False					nolight	0.0	nan	False		False	5.0
9151.687	2.0	trials	nogo_tone	4000.0	80.0	9151.687	0.1	True	5.0	9152.687	0.01	False					nolight	0.0	nan	False		False	3.0
9162.707	2.0	trials	no_tone					True	5.0	9163.707	0.01	True	100.0	12.0	9163.657000000001	9164.007	whisker	350.0	wS1	False		False	5.0
9173.489	2.0	trials	nogo_tone	4000.0	80.0	9173.489	0.1	True	5.0	9174.489	0.01	True	100.0	12.0	9174.439	9174.788999999999	whisker	350.0	wS1	False		False	3.0
9184.739	2.0	trials	no_tone					True	5.0	9185.739	0.01	False					nolight	0.0	nan	False		False	5.0
9196.388	2.0	trials	go_tone	8000.0	80.0	9196.388	0.1	False				False					nolight	0.0	nan	False		False	2.0
9206.979	2.0	trials	go_tone	8000.0	80.0	9206.979	0.1	False				False					nolight	0.0	nan	False		False	2.0
9218.508	2.0	trials	no_tone					True	5.0	9219.508	0.01	False					nolight	0.0	nan	False		False	5.0
9229.74	2.0	trials	no_tone					True	5.0	9230.74	0.01	False					nolight	0.0	nan	False		False	5.0
9240.348	2.0	trials	nogo_tone	4000.0	80.0	9240.348	0.1	False				True	100.0	12.0	9241.298	9241.648	whisker	350.0	wS1	False		False	4.0
9251.449	2.0	trials	go_tone	8000.0	80.0	9251.449	0.1	False				True	100.0	12.0	9252.399000000001	9252.749	whisker	350.0	wS1	False		False	2.0
9262.051	2.0	trials	go_tone	8000.0	80.0	9262.051	0.1	True	5.0	9263.051	0.01	True	100.0	12.0	9263.001	9263.350999999999	whisker	350.0	wS1	True	9264.974	False	1.0
9273.039	2.0	trials	go_tone	8000.0	80.0	9273.039	0.1	False				False					nolight	0.0	nan	False		False	2.0
9284.531	2.0	trials	nogo_tone	4000.0	80.0	9284.531	0.1	True	5.0	9285.531	0.01	False					nolight	0.0	nan	False		False	3.0
9295.569	2.0	trials	go_tone	8000.0	80.0	9295.569	0.1	True	5.0	9296.569	0.01	False					nolight	0.0	nan	True	9298.268	False	1.0
9306.339	2.0	trials	no_tone					True	5.0	9307.339	0.01	False					nolight	0.0	nan	False		False	5.0
9317.65	2.0	trials	go_tone	8000.0	80.0	9317.65	0.1	True	5.0	9318.65	0.01	False					nolight	0.0	nan	False		False	1.0
9329.18	2.0	trials	no_tone					True	5.0	9330.18	0.01	False					nolight	0.0	nan	False		False	5.0
9340.66	2.0	trials	nogo_tone	4000.0	80.0	9340.66	0.1	False				False					nolight	0.0	nan	False		False	4.0
9351.932	2.0	trials	no_tone					True	5.0	9352.932	0.01	False					nolight	0.0	nan	False		False	5.0
9362.952	2.0	trials	go_tone	8000.0	80.0	9362.952	0.1	True	5.0	9363.952	0.01	False					nolight	0.0	nan	False		False	1.0
9373.582	2.0	trials	nogo_tone	4000.0	80.0	9373.582	0.1	False				False					nolight	0.0	nan	False		False	4.0
9384.663	2.0	trials	go_tone	8000.0	80.0	9384.663	0.1	False				False					nolight	0.0	nan	False		False	2.0
9396.173	2.0	trials	go_tone	8000.0	80.0	9396.173	0.1	False				False					nolight	0.0	nan	True	9399.308	False	2.0
9422.963	2.0	trials	nogo_tone	4000.0	80.0	9422.963	0.1	True	5.0	9423.963	0.01	False					nolight	0.0	nan	False		False	3.0
9434.293	2.0	trials	nogo_tone	4000.0	80.0	9434.293	0.1	True	5.0	9435.293	0.01	False					nolight	0.0	nan	True	9437.131	False	3.0
9460.902	2.0	trials	no_tone					True	5.0	9461.902	0.01	True	100.0	12.0	9461.852	9462.202	whisker	350.0	wS1	False		False	5.0
9471.712	2.0	trials	go_tone	8000.0	80.0	9471.712	0.1	False				False					nolight	0.0	nan	False		False	2.0
9483.254	2.0	trials	go_tone	8000.0	80.0	9483.254	0.1	False				False					nolight	0.0	nan	False		False	2.0
9494.314	2.0	trials	nogo_tone	4000.0	80.0	9494.314	0.1	False				False					nolight	0.0	nan	False		False	4.0
9505.703	2.0	trials	nogo_tone	4000.0	80.0	9505.703	0.1	False				False					nolight	0.0	nan	False		False	4.0
9516.665	2.0	trials	nogo_tone	4000.0	80.0	9516.665	0.1	True	5.0	9517.665	0.01	True	100.0	12.0	9517.615000000002	9517.965	whisker	350.0	wS1	False		False	3.0
9527.285	2.0	trials	nogo_tone	4000.0	80.0	9527.285	0.1	True	5.0	9528.285	0.01	False					nolight	0.0	nan	False		False	3.0
9538.165	2.0	trials	nogo_tone	4000.0	80.0	9538.165	0.1	False				True	100.0	12.0	9539.115000000002	9539.465	whisker	350.0	wS1	False		False	4.0
9549.115	2.0	trials	go_tone	8000.0	80.0	9549.115	0.1	True	5.0	9550.115	0.01	False					nolight	0.0	nan	False		False	1.0
9560.585	2.0	trials	go_tone	8000.0	80.0	9560.585	0.1	True	5.0	9561.585	0.01	False					nolight	0.0	nan	False		False	1.0
9571.904	2.0	trials	nogo_tone	4000.0	80.0	9571.904	0.1	False				False					nolight	0.0	nan	False		False	4.0
9582.984	2.0	trials	nogo_tone	4000.0	80.0	9582.984	0.1	True	5.0	9583.984	0.01	False					nolight	0.0	nan	False		False	3.0
9593.644	2.0	trials	no_tone					True	5.0	9594.644	0.01	False					nolight	0.0	nan	False		False	5.0
9604.406	2.0	trials	go_tone	8000.0	80.0	9604.406	0.1	False				False					nolight	0.0	nan	False		False	2.0
9615.686	2.0	trials	go_tone	8000.0	80.0	9615.686	0.1	False				True	100.0	12.0	9616.636	9616.985999999999	whisker	350.0	wS1	False		False	2.0
9626.789	2.0	trials	no_tone					True	5.0	9627.789	0.01	False					nolight	0.0	nan	False		False	5.0
9637.765	2.0	trials	go_tone	8000.0	80.0	9637.765	0.1	True	5.0	9638.765	0.01	True	100.0	12.0	9638.715	9639.064999999999	whisker	350.0	wS1	True	9640.519	False	1.0
9648.955	2.0	trials	go_tone	8000.0	80.0	9648.955	0.1	True	5.0	9649.955	0.01	False					nolight	0.0	nan	False		False	1.0
9660.402	2.0	trials	go_tone	8000.0	80.0	9660.402	0.1	True	5.0	9661.402	0.01	False					nolight	0.0	nan	False		False	1.0
9671.775	2.0	trials	no_tone					True	5.0	9672.775	0.01	False					nolight	0.0	nan	False		False	5.0
9682.586	2.0	trials	go_tone	8000.0	80.0	9682.586	0.1	False				False					nolight	0.0	nan	False		False	2.0
9693.307	2.0	trials	go_tone	8000.0	80.0	9693.307	0.1	False				False					nolight	0.0	nan	False		False	2.0
9704.096	2.0	trials	go_tone	8000.0	80.0	9704.096	0.1	True	5.0	9705.096	0.01	False					nolight	0.0	nan	True	9707.121	False	1.0
9714.996	2.0	trials	nogo_tone	4000.0	80.0	9714.996	0.1	True	5.0	9715.996	0.01	False					nolight	0.0	nan	False		False	3.0
9726.126	2.0	trials	nogo_tone	4000.0	80.0	9726.126	0.1	True	5.0	9727.126	0.01	False					nolight	0.0	nan	False		False	3.0
9737.496	2.0	trials	nogo_tone	4000.0	80.0	9737.496	0.1	True	5.0	9738.496	0.01	False					nolight	0.0	nan	False		False	3.0
9748.818	2.0	trials	no_tone					True	5.0	9749.818	0.01	False					nolight	0.0	nan	False		False	5.0
9759.538	2.0	trials	nogo_tone	4000.0	80.0	9759.538	0.1	False				False					nolight	0.0	nan	True	9760.626	True	4.0
9770.629	2.0	trials	nogo_tone	4000.0	80.0	9770.629	0.1	False				False					nolight	0.0	nan	False		False	4.0
9781.819	2.0	trials	nogo_tone	4000.0	80.0	9781.819	0.1	False				False					nolight	0.0	nan	False		False	4.0
9793.119	2.0	trials	go_tone	8000.0	80.0	9793.119	0.1	True	5.0	9794.119	0.01	False					nolight	0.0	nan	True	9795.803	False	1.0
9804.312	2.0	trials	no_tone					True	5.0	9805.312	0.01	False					nolight	0.0	nan	False		False	5.0
9815.039	2.0	trials	go_tone	8000.0	80.0	9815.039	0.1	False				False					nolight	0.0	nan	False		False	2.0
9826.248	2.0	trials	nogo_tone	4000.0	80.0	9826.248	0.1	False				False					nolight	0.0	nan	False		False	4.0
9836.929	2.0	trials	no_tone					True	5.0	9837.929	0.01	False					nolight	0.0	nan	False		False	5.0
9848.108	2.0	trials	go_tone	8000.0	80.0	9848.108	0.1	False				True	100.0	12.0	9849.058	9849.408	whisker	350.0	wS1	True	9851.057	False	2.0
9874.69	2.0	trials	go_tone	8000.0	80.0	9874.69	0.1	False				False					nolight	0.0	nan	False		False	2.0
9885.329	2.0	trials	nogo_tone	4000.0	80.0	9885.329	0.1	True	5.0	9886.329	0.01	False					nolight	0.0	nan	False		False	3.0
9896.479	2.0	trials	go_tone	8000.0	80.0	9896.479	0.1	False				False					nolight	0.0	nan	True	9896.919	True	2.0
9906.92	2.0	trials	go_tone	8000.0	80.0	9906.92	0.1	False				False					nolight	0.0	nan	False		False	2.0
9917.529	2.0	trials	nogo_tone	4000.0	80.0	9917.529	0.1	False				False					nolight	0.0	nan	False		False	4.0
9928.871	2.0	trials	no_tone					True	5.0	9929.871	0.01	False					nolight	0.0	nan	False		False	5.0
9940.018	2.0	trials	nogo_tone	4000.0	80.0	9940.018	0.1	False				True	100.0	12.0	9940.968	9941.318	whisker	350.0	wS1	False		False	4.0
9951.349	2.0	trials	go_tone	8000.0	80.0	9951.349	0.1	True	5.0	9952.349	0.01	True	100.0	12.0	9952.299	9952.649	whisker	350.0	wS1	True	9951.359	True	1.0
9961.36	2.0	trials	go_tone	8000.0	80.0	9961.36	0.1	True	5.0	9962.36	0.01	True	100.0	12.0	9962.310000000001	9962.66	whisker	350.0	wS1	False		False	1.0
9972.57	2.0	trials	nogo_tone	4000.0	80.0	9972.57	0.1	True	5.0	9973.57	0.01	False					nolight	0.0	nan	False		False	3.0
9983.441	2.0	trials	nogo_tone	4000.0	80.0	9983.441	0.1	False				False					nolight	0.0	nan	False		False	4.0
9995.181	2.0	trials	go_tone	8000.0	80.0	9995.181	0.1	True	5.0	9996.181	0.01	False					nolight	0.0	nan	True	9997.960000000001	False	1.0
10005.752	2.0	trials	nogo_tone	4000.0	80.0	10005.752	0.1	True	5.0	10006.752	0.01	True	100.0	12.0	10006.702000000001	10007.052	whisker	350.0	wS1	False		False	3.0
10017.021	2.0	trials	no_tone					True	5.0	10018.021	0.01	True	100.0	12.0	10017.971000000001	10018.321	whisker	350.0	wS1	False		False	5.0
10027.921	2.0	trials	go_tone	8000.0	80.0	10027.921	0.1	False				False					nolight	0.0	nan	True	10031.06	False	2.0
10054.673	2.0	trials	no_tone					True	5.0	10055.673	0.01	False					nolight	0.0	nan	False		False	5.0
10065.393	2.0	trials	no_tone					True	5.0	10066.393	0.01	False					nolight	0.0	nan	False		False	5.0
10076.383	2.0	trials	go_tone	8000.0	80.0	10076.383	0.1	True	5.0	10077.383	0.01	False					nolight	0.0	nan	False		False	1.0
10087.562	2.0	trials	nogo_tone	4000.0	80.0	10087.562	0.1	True	5.0	10088.562	0.01	True	100.0	12.0	10088.512	10088.862	whisker	350.0	wS1	False		False	3.0
10098.294	2.0	trials	go_tone	8000.0	80.0	10098.294	0.1	False				True	100.0	12.0	10099.244	10099.594	whisker	350.0	wS1	False		False	2.0
10326.847	2.0	trials	nogo_tone	4000.0	80.0	10326.847	0.1	False				False					nolight	0.0	nan	True	10327.372	True	4.0
10348.207	2.0	trials	nogo_tone	4000.0	80.0	10348.207	0.1	False				False					nolight	0.0	nan	True	10348.34	True	4.0
10358.346	2.0	trials	nogo_tone	4000.0	80.0	10358.346	0.1	False				False					nolight	0.0	nan	False		False	4.0
10370.137	2.0	trials	nogo_tone	4000.0	80.0	10370.137	0.1	True	5.0	10371.137	0.01	False					nolight	0.0	nan	False		False	3.0
10380.836	2.0	trials	go_tone	8000.0	80.0	10380.836	0.1	True	5.0	10381.836	0.01	False					nolight	0.0	nan	True	10383.637999999999	False	1.0
10391.738	2.0	trials	go_tone	8000.0	80.0	10391.738	0.1	False				False					nolight	0.0	nan	False		False	2.0
10402.997	2.0	trials	go_tone	8000.0	80.0	10402.997	0.1	False				False					nolight	0.0	nan	False		False	2.0
10414.308	2.0	trials	nogo_tone	4000.0	80.0	10414.308	0.1	True	5.0	10415.308	0.01	False					nolight	0.0	nan	False		False	3.0
10436.339	2.0	trials	nogo_tone	4000.0	80.0	10436.339	0.1	False				False					nolight	0.0	nan	False		False	4.0
10447.029	2.0	trials	no_tone					True	5.0	10448.029	0.01	True	100.0	12.0	10447.979000000001	10448.329	whisker	350.0	wS1	False		False	5.0
10457.799	2.0	trials	no_tone					True	5.0	10458.799	0.01	False					nolight	0.0	nan	False		False	5.0
10468.739	2.0	trials	nogo_tone	4000.0	80.0	10468.739	0.1	True	5.0	10469.739	0.01	False					nolight	0.0	nan	False		False	3.0
10479.418	2.0	trials	go_tone	8000.0	80.0	10479.418	0.1	True	5.0	10480.418	0.01	False					nolight	0.0	nan	True	10482.297	False	1.0
10490.438	2.0	trials	nogo_tone	4000.0	80.0	10490.438	0.1	True	5.0	10491.438	0.01	False					nolight	0.0	nan	False		False	3.0
10501.323	2.0	trials	go_tone	8000.0	80.0	10501.323	0.1	True	5.0	10502.323	0.01	True	100.0	12.0	10502.273000000001	10502.623	whisker	350.0	wS1	True	10504.298	False	1.0
10512.76	2.0	trials	nogo_tone	4000.0	80.0	10512.76	0.1	True	5.0	10513.76	0.01	False					nolight	0.0	nan	False		False	3.0
10523.78	2.0	trials	go_tone	8000.0	80.0	10523.78	0.1	True	5.0	10524.78	0.01	False					nolight	0.0	nan	True	10526.799	False	1.0
10535.09	2.0	trials	go_tone	8000.0	80.0	10535.09	0.1	False				False					nolight	0.0	nan	False		False	2.0
10546.32	2.0	trials	nogo_tone	4000.0	80.0	10546.32	0.1	False				False					nolight	0.0	nan	False		False	4.0
10557.681	2.0	trials	no_tone					True	5.0	10558.681	0.01	False					nolight	0.0	nan	True	10560.403	False	5.0
10584.93	2.0	trials	no_tone					True	5.0	10585.93	0.01	False					nolight	0.0	nan	False		False	5.0
10595.719	2.0	trials	go_tone	8000.0	80.0	10595.719	0.1	False				False					nolight	0.0	nan	True	10598.15	True	2.0
10608.152	2.0	trials	go_tone	8000.0	80.0	10608.152	0.1	False				False					nolight	0.0	nan	False		False	2.0
10619.47	2.0	trials	nogo_tone	4000.0	80.0	10619.47	0.1	False				False					nolight	0.0	nan	False		False	4.0
10631.15	2.0	trials	nogo_tone	4000.0	80.0	10631.15	0.1	False				True	100.0	12.0	10632.1	10632.449999999999	whisker	350.0	wS1	False		False	4.0
10641.911	2.0	trials	nogo_tone	4000.0	80.0	10641.911	0.1	False				False					nolight	0.0	nan	False		False	4.0
10653.001	2.0	trials	go_tone	8000.0	80.0	10653.001	0.1	True	5.0	10654.001	0.01	False					nolight	0.0	nan	True	10655.616	False	1.0
10664.282	2.0	trials	go_tone	8000.0	80.0	10664.282	0.1	True	5.0	10665.282	0.01	False					nolight	0.0	nan	True	10667.267	False	1.0
10675.351	2.0	trials	go_tone	8000.0	80.0	10675.351	0.1	False				False					nolight	0.0	nan	False		False	2.0
10686.553	2.0	trials	nogo_tone	4000.0	80.0	10686.553	0.1	False				True	100.0	12.0	10687.503	10687.853	whisker	350.0	wS1	False		False	4.0
10697.371	2.0	trials	nogo_tone	4000.0	80.0	10697.371	0.1	False				False					nolight	0.0	nan	False		False	4.0
10708.723	2.0	trials	no_tone					True	5.0	10709.723	0.01	False					nolight	0.0	nan	False		False	5.0
10719.802	2.0	trials	no_tone					True	5.0	10720.802	0.01	False					nolight	0.0	nan	False		False	5.0
10730.531	2.0	trials	go_tone	8000.0	80.0	10730.531	0.1	False				True	100.0	12.0	10731.481000000002	10731.831	whisker	350.0	wS1	False		False	2.0
10741.196	2.0	trials	nogo_tone	4000.0	80.0	10741.196	0.1	False				False					nolight	0.0	nan	False		False	4.0
10752.382	2.0	trials	go_tone	8000.0	80.0	10752.382	0.1	True	5.0	10753.382	0.01	False					nolight	0.0	nan	True	10754.823	True	1.0
10764.824	2.0	trials	go_tone	8000.0	80.0	10764.824	0.1	True	5.0	10765.824	0.01	False					nolight	0.0	nan	True	10764.893	True	1.0
10774.894	2.0	trials	go_tone	8000.0	80.0	10774.894	0.1	True	5.0	10775.894	0.01	False					nolight	0.0	nan	True	10777.781	False	1.0
10786.405	2.0	trials	go_tone	8000.0	80.0	10786.405	0.1	True	5.0	10787.405	0.01	False					nolight	0.0	nan	True	10789.134	False	1.0
10797.735	2.0	trials	go_tone	8000.0	80.0	10797.735	0.1	True	5.0	10798.735	0.01	True	100.0	12.0	10798.685000000001	10799.035	whisker	350.0	wS1	False		False	1.0
10808.903	2.0	trials	nogo_tone	4000.0	80.0	10808.903	0.1	True	5.0	10809.903	0.01	False					nolight	0.0	nan	False		False	3.0
10819.486	2.0	trials	go_tone	8000.0	80.0	10819.486	0.1	True	5.0	10820.486	0.01	False					nolight	0.0	nan	True	10822.571	False	1.0
10830.505	2.0	trials	go_tone	8000.0	80.0	10830.505	0.1	True	5.0	10831.505	0.01	False					nolight	0.0	nan	True	10833.287999999999	False	1.0
10841.905	2.0	trials	nogo_tone	4000.0	80.0	10841.905	0.1	True	5.0	10842.905	0.01	False					nolight	0.0	nan	False		False	3.0
10853.405	2.0	trials	nogo_tone	4000.0	80.0	10853.405	0.1	False				False					nolight	0.0	nan	False		False	4.0
10864.045	2.0	trials	go_tone	8000.0	80.0	10864.045	0.1	False				False					nolight	0.0	nan	False		False	2.0
10875.545	2.0	trials	go_tone	8000.0	80.0	10875.545	0.1	False				False					nolight	0.0	nan	True	10877.369	True	2.0
10887.375	2.0	trials	go_tone	8000.0	80.0	10887.375	0.1	False				False					nolight	0.0	nan	False		False	2.0
10898.926	2.0	trials	nogo_tone	4000.0	80.0	10898.926	0.1	False				False					nolight	0.0	nan	False		False	4.0
10910.455	2.0	trials	nogo_tone	4000.0	80.0	10910.455	0.1	True	5.0	10911.455	0.01	True	100.0	12.0	10911.405	10911.755	whisker	350.0	wS1	True	10913.205	False	3.0
10937.895	2.0	trials	go_tone	8000.0	80.0	10937.895	0.1	False				False					nolight	0.0	nan	False		False	2.0
10949.085	2.0	trials	no_tone					True	5.0	10950.085	0.01	False					nolight	0.0	nan	True	10950.109999999999	True	5.0
10960.112	2.0	trials	no_tone					True	5.0	10961.112	0.01	False					nolight	0.0	nan	False		False	5.0
10970.946	2.0	trials	nogo_tone	4000.0	80.0	10970.946	0.1	False				False					nolight	0.0	nan	False		False	4.0
10981.866	2.0	trials	no_tone					True	5.0	10982.866	0.01	True	100.0	12.0	10982.816	10983.166	whisker	350.0	wS1	True	10982.096	True	5.0
10992.1	2.0	trials	no_tone					True	5.0	10993.1	0.01	True	100.0	12.0	10993.050000000001	10993.4	whisker	350.0	wS1	False		False	5.0
11003.226	2.0	trials	nogo_tone	4000.0	80.0	11003.226	0.1	True	5.0	11004.226	0.01	False					nolight	0.0	nan	False		False	3.0
11014.478	2.0	trials	nogo_tone	4000.0	80.0	11014.478	0.1	True	5.0	11015.478	0.01	False					nolight	0.0	nan	False		False	3.0
11025.747	2.0	trials	no_tone					True	5.0	11026.747	0.01	False					nolight	0.0	nan	False		False	5.0
11036.417	2.0	trials	go_tone	8000.0	80.0	11036.417	0.1	False				False					nolight	0.0	nan	False		False	2.0
11047.168	2.0	trials	no_tone					True	5.0	11048.168	0.01	False					nolight	0.0	nan	False		False	5.0
11058.378	2.0	trials	nogo_tone	4000.0	80.0	11058.378	0.1	True	5.0	11059.378	0.01	False					nolight	0.0	nan	False		False	3.0
11069.448	2.0	trials	nogo_tone	4000.0	80.0	11069.448	0.1	True	5.0	11070.448	0.01	True	100.0	12.0	11070.398000000001	11070.748	whisker	350.0	wS1	False		False	3.0
11080.287	2.0	trials	nogo_tone	4000.0	80.0	11080.287	0.1	False				False					nolight	0.0	nan	False		False	4.0
11091.539	2.0	trials	nogo_tone	4000.0	80.0	11091.539	0.1	False				False					nolight	0.0	nan	False		False	4.0
11102.857	2.0	trials	go_tone	8000.0	80.0	11102.857	0.1	False				True	100.0	12.0	11103.807	11104.157	whisker	350.0	wS1	False		False	2.0
11113.609	2.0	trials	go_tone	8000.0	80.0	11113.609	0.1	False				False					nolight	0.0	nan	False		False	2.0
11124.678	2.0	trials	go_tone	8000.0	80.0	11124.678	0.1	False				False					nolight	0.0	nan	False		False	2.0
11136.038	2.0	trials	nogo_tone	4000.0	80.0	11136.038	0.1	False				False					nolight	0.0	nan	False		False	4.0
11147.578	2.0	trials	nogo_tone	4000.0	80.0	11147.578	0.1	False				True	100.0	12.0	11148.528	11148.877999999999	whisker	350.0	wS1	False		False	4.0
11158.67	2.0	trials	nogo_tone	4000.0	80.0	11158.67	0.1	True	5.0	11159.67	0.01	False					nolight	0.0	nan	False		False	3.0
11169.6	2.0	trials	go_tone	8000.0	80.0	11169.6	0.1	True	5.0	11170.6	0.01	False					nolight	0.0	nan	False		False	1.0
11181.0	2.0	trials	go_tone	8000.0	80.0	11181.0	0.1	True	5.0	11182.0	0.01	False					nolight	0.0	nan	False		False	1.0
11192.36	2.0	trials	go_tone	8000.0	80.0	11192.36	0.1	False				False					nolight	0.0	nan	False		False	2.0
11203.571	2.0	trials	nogo_tone	4000.0	80.0	11203.571	0.1	False				False					nolight	0.0	nan	False		False	4.0
11214.34	2.0	trials	nogo_tone	4000.0	80.0	11214.34	0.1	True	5.0	11215.34	0.01	False					nolight	0.0	nan	False		False	3.0
11225.75	2.0	trials	no_tone					True	5.0	11226.75	0.01	False					nolight	0.0	nan	False		False	5.0
11236.9	2.0	trials	go_tone	8000.0	80.0	11236.9	0.1	False				False					nolight	0.0	nan	False		False	2.0
11248.222	2.0	trials	nogo_tone	4000.0	80.0	11248.222	0.1	True	5.0	11249.222	0.01	False					nolight	0.0	nan	False		False	3.0
11259.05	2.0	trials	nogo_tone	4000.0	80.0	11259.05	0.1	False				False					nolight	0.0	nan	True	11260.25	True	4.0
11270.251	2.0	trials	nogo_tone	4000.0	80.0	11270.251	0.1	False				False					nolight	0.0	nan	False		False	4.0
11280.951	2.0	trials	no_tone					True	5.0	11281.951	0.01	False					nolight	0.0	nan	False		False	5.0
11291.551	2.0	trials	no_tone					True	5.0	11292.551	0.01	True	100.0	12.0	11292.501	11292.850999999999	whisker	350.0	wS1	False		False	5.0
11302.663	2.0	trials	no_tone					True	5.0	11303.663	0.01	False					nolight	0.0	nan	False		False	5.0
11313.391	2.0	trials	nogo_tone	4000.0	80.0	11313.391	0.1	True	5.0	11314.391	0.01	False					nolight	0.0	nan	False		False	3.0
11324.503	2.0	trials	nogo_tone	4000.0	80.0	11324.503	0.1	True	5.0	11325.503	0.01	False					nolight	0.0	nan	False		False	3.0
11335.151	2.0	trials	go_tone	8000.0	80.0	11335.151	0.1	True	5.0	11336.151	0.01	False					nolight	0.0	nan	True	11337.828	False	1.0
11345.783	2.0	trials	no_tone					True	5.0	11346.783	0.01	False					nolight	0.0	nan	False		False	5.0
11357.112	2.0	trials	go_tone	8000.0	80.0	11357.112	0.1	True	5.0	11358.112	0.01	False					nolight	0.0	nan	True	11359.875	False	1.0
11367.913	2.0	trials	no_tone					True	5.0	11368.913	0.01	False					nolight	0.0	nan	False		False	5.0
11378.544	2.0	trials	go_tone	8000.0	80.0	11378.544	0.1	False				False					nolight	0.0	nan	True	11381.331	False	2.0
11406.124	2.0	trials	go_tone	8000.0	80.0	11406.124	0.1	True	5.0	11407.124	0.01	True	100.0	12.0	11407.074	11407.423999999999	whisker	350.0	wS1	False		False	1.0
11422.983	2.0	trials	go_tone	8000.0	80.0	11422.983	0.1	True	5.0	11423.983	0.01	False					nolight	0.0	nan	True	11425.283	True	1.0
11435.283	2.0	trials	go_tone	8000.0	80.0	11435.283	0.1	True	5.0	11436.283	0.01	False					nolight	0.0	nan	True	11436.42	True	1.0
11446.423	2.0	trials	go_tone	8000.0	80.0	11446.423	0.1	True	5.0	11447.423	0.01	False					nolight	0.0	nan	True	11449.142	False	1.0
11457.713	2.0	trials	nogo_tone	4000.0	80.0	11457.713	0.1	False				False					nolight	0.0	nan	False		False	4.0
11468.384	2.0	trials	nogo_tone	4000.0	80.0	11468.384	0.1	False				True	100.0	12.0	11469.334	11469.684	whisker	350.0	wS1	False		False	4.0
11479.614	2.0	trials	go_tone	8000.0	80.0	11479.614	0.1	True	5.0	11480.614	0.01	False					nolight	0.0	nan	True	11482.297999999999	False	1.0
11490.556	2.0	trials	nogo_tone	4000.0	80.0	11490.556	0.1	True	5.0	11491.556	0.01	False					nolight	0.0	nan	False		False	3.0
11501.505	2.0	trials	no_tone					True	5.0	11502.505	0.01	False					nolight	0.0	nan	False		False	5.0
11512.626	2.0	trials	go_tone	8000.0	80.0	11512.626	0.1	True	5.0	11513.626	0.01	True	100.0	12.0	11513.576000000001	11513.926	whisker	350.0	wS1	False		False	1.0
11523.345	2.0	trials	go_tone	8000.0	80.0	11523.345	0.1	False				False					nolight	0.0	nan	False		False	2.0
11534.785	2.0	trials	no_tone					True	5.0	11535.785	0.01	False					nolight	0.0	nan	False		False	5.0
11546.335	2.0	trials	nogo_tone	4000.0	80.0	11546.335	0.1	True	5.0	11547.335	0.01	True	100.0	12.0	11547.285	11547.634999999998	whisker	350.0	wS1	False		False	3.0
11557.395	2.0	trials	go_tone	8000.0	80.0	11557.395	0.1	False				False					nolight	0.0	nan	True	11560.113000000001	False	2.0
11584.377	2.0	trials	go_tone	8000.0	80.0	11584.377	0.1	True	5.0	11585.377	0.01	False					nolight	0.0	nan	True	11587.097	False	1.0
11595.221	2.0	trials	nogo_tone	4000.0	80.0	11595.221	0.1	False				False					nolight	0.0	nan	False		False	4.0
11606.557	2.0	trials	no_tone					True	5.0	11607.557	0.01	False					nolight	0.0	nan	False		False	5.0
11617.79	2.0	trials	go_tone	8000.0	80.0	11617.79	0.1	True	5.0	11618.79	0.01	False					nolight	0.0	nan	True	11620.967	False	1.0
11628.666	2.0	trials	go_tone	8000.0	80.0	11628.666	0.1	False				False					nolight	0.0	nan	False		False	2.0
11639.596	2.0	trials	nogo_tone	4000.0	80.0	11639.596	0.1	True	5.0	11640.596	0.01	False					nolight	0.0	nan	False		False	3.0
11650.994	2.0	trials	no_tone					True	5.0	11651.994	0.01	False					nolight	0.0	nan	False		False	5.0
11661.828	2.0	trials	nogo_tone	4000.0	80.0	11661.828	0.1	True	5.0	11662.828	0.01	False					nolight	0.0	nan	True	11664.948999999999	False	3.0
11688.677	2.0	trials	nogo_tone	4000.0	80.0	11688.677	0.1	True	5.0	11689.677	0.01	False					nolight	0.0	nan	False		False	3.0
11699.787	2.0	trials	go_tone	8000.0	80.0	11699.787	0.1	False				True	100.0	12.0	11700.737000000001	11701.087	whisker	350.0	wS1	False		False	2.0
11710.398	2.0	trials	nogo_tone	4000.0	80.0	11710.398	0.1	False				False					nolight	0.0	nan	True	11713.643999999998	False	4.0
11737.88	2.0	trials	no_tone					True	5.0	11738.88	0.01	True	100.0	12.0	11738.83	11739.179999999998	whisker	350.0	wS1	True	11740.801	False	5.0
11765.29	2.0	trials	go_tone	8000.0	80.0	11765.29	0.1	False				False					nolight	0.0	nan	True	11765.914	True	2.0
11775.918	2.0	trials	go_tone	8000.0	80.0	11775.918	0.1	False				False					nolight	0.0	nan	True	11778.491	False	2.0
11803.04	2.0	trials	go_tone	8000.0	80.0	11803.04	0.1	False				False					nolight	0.0	nan	False		False	2.0
11814.081	2.0	trials	go_tone	8000.0	80.0	11814.081	0.1	True	5.0	11815.081	0.01	False					nolight	0.0	nan	True	11816.805	False	1.0
11825.638	2.0	trials	nogo_tone	4000.0	80.0	11825.638	0.1	True	5.0	11826.638	0.01	False					nolight	0.0	nan	False		False	3.0
11837.051	2.0	trials	nogo_tone	4000.0	80.0	11837.051	0.1	False				False					nolight	0.0	nan	True	11838.528999999999	True	4.0
11848.53	2.0	trials	nogo_tone	4000.0	80.0	11848.53	0.1	False				False					nolight	0.0	nan	False		False	4.0
11860.05	2.0	trials	go_tone	8000.0	80.0	11860.05	0.1	True	5.0	11861.05	0.01	False					nolight	0.0	nan	True	11862.746	False	1.0
11872.181	2.0	trials	no_tone					True	5.0	11873.181	0.01	False					nolight	0.0	nan	False		False	5.0
11883.55	2.0	trials	nogo_tone	4000.0	80.0	11883.55	0.1	False				False					nolight	0.0	nan	True	11886.721	False	4.0
11910.55	2.0	trials	go_tone	8000.0	80.0	11910.55	0.1	True	5.0	11911.55	0.01	False					nolight	0.0	nan	True	11913.22	False	1.0
11921.872	2.0	trials	nogo_tone	4000.0	80.0	11921.872	0.1	True	5.0	11922.872	0.01	False					nolight	0.0	nan	True	11922.439999999999	True	3.0
11932.442	2.0	trials	nogo_tone	4000.0	80.0	11932.442	0.1	True	5.0	11933.442	0.01	False					nolight	0.0	nan	True	11935.131	False	3.0
11960.945	2.0	trials	nogo_tone	4000.0	80.0	11960.945	0.1	True	5.0	11961.945	0.01	False					nolight	0.0	nan	True	11961.001	True	3.0
11971.001	2.0	trials	nogo_tone	4000.0	80.0	11971.001	0.1	True	5.0	11972.001	0.01	False					nolight	0.0	nan	True	11971.081	True	3.0
11981.091	2.0	trials	nogo_tone	4000.0	80.0	11981.091	0.1	True	5.0	11982.091	0.01	False					nolight	0.0	nan	True	11982.561	True	3.0
11992.561	2.0	trials	nogo_tone	4000.0	80.0	11992.561	0.1	True	5.0	11993.561	0.01	False					nolight	0.0	nan	False		False	3.0
12003.212	2.0	trials	go_tone	8000.0	80.0	12003.212	0.1	True	5.0	12004.212	0.01	False					nolight	0.0	nan	True	12005.909	False	1.0
12014.974	2.0	trials	go_tone	8000.0	80.0	12014.974	0.1	False				False					nolight	0.0	nan	False		False	2.0
12026.242	2.0	trials	go_tone	8000.0	80.0	12026.242	0.1	False				True	100.0	12.0	12027.192000000001	12027.542	whisker	350.0	wS1	False		False	2.0
12036.872	2.0	trials	nogo_tone	4000.0	80.0	12036.872	0.1	False				False					nolight	0.0	nan	True	12039.396999999999	True	4.0
12049.404	2.0	trials	nogo_tone	4000.0	80.0	12049.404	0.1	False				False					nolight	0.0	nan	False		False	4.0
12060.014	2.0	trials	no_tone					True	5.0	12061.014	0.01	False					nolight	0.0	nan	False		False	5.0
12071.063	2.0	trials	no_tone					True	5.0	12072.063	0.01	True	100.0	12.0	12072.013	12072.363	whisker	350.0	wS1	False		False	5.0
12081.673	2.0	trials	nogo_tone	4000.0	80.0	12081.673	0.1	True	5.0	12082.673	0.01	False					nolight	0.0	nan	False		False	3.0
12092.981	2.0	trials	no_tone					True	5.0	12093.981	0.01	False					nolight	0.0	nan	False		False	5.0
12104.133	2.0	trials	nogo_tone	4000.0	80.0	12104.133	0.1	False				False					nolight	0.0	nan	False		False	4.0
12115.109	2.0	trials	nogo_tone	4000.0	80.0	12115.109	0.1	True	5.0	12116.109	0.01	False					nolight	0.0	nan	False		False	3.0
12126.283	2.0	trials	nogo_tone	4000.0	80.0	12126.283	0.1	False				False					nolight	0.0	nan	True	12126.323	True	4.0
12136.325	2.0	trials	nogo_tone	4000.0	80.0	12136.325	0.1	False				False					nolight	0.0	nan	False		False	4.0
12147.746	2.0	trials	go_tone	8000.0	80.0	12147.746	0.1	True	5.0	12148.746	0.01	False					nolight	0.0	nan	True	12150.568	False	1.0
12159.024	2.0	trials	go_tone	8000.0	80.0	12159.024	0.1	False				False					nolight	0.0	nan	True	12161.796	False	2.0
12186.545	2.0	trials	no_tone					True	5.0	12187.545	0.01	False					nolight	0.0	nan	False		False	5.0
12197.306	2.0	trials	go_tone	8000.0	80.0	12197.306	0.1	True	5.0	12198.306	0.01	True	100.0	12.0	12198.256000000001	12198.606	whisker	350.0	wS1	True	12200.053	False	1.0
12208.625	2.0	trials	go_tone	8000.0	80.0	12208.625	0.1	False				False					nolight	0.0	nan	False		False	2.0
12220.185	2.0	trials	nogo_tone	4000.0	80.0	12220.185	0.1	True	5.0	12221.185	0.01	True	100.0	12.0	12221.135	12221.484999999999	whisker	350.0	wS1	False		False	3.0
12231.305	2.0	trials	nogo_tone	4000.0	80.0	12231.305	0.1	False				False					nolight	0.0	nan	False		False	4.0
12242.325	2.0	trials	go_tone	8000.0	80.0	12242.325	0.1	False				False					nolight	0.0	nan	False		False	2.0
12253.217	2.0	trials	nogo_tone	4000.0	80.0	12253.217	0.1	True	5.0	12254.217	0.01	False					nolight	0.0	nan	False		False	3.0
12264.753	2.0	trials	go_tone	8000.0	80.0	12264.753	0.1	True	5.0	12265.753	0.01	False					nolight	0.0	nan	True	12267.49	False	1.0
12275.646	2.0	trials	go_tone	8000.0	80.0	12275.646	0.1	True	5.0	12276.646	0.01	False					nolight	0.0	nan	True	12278.339	False	1.0
12286.767	2.0	trials	no_tone					True	5.0	12287.767	0.01	False					nolight	0.0	nan	False		False	5.0
12297.866	2.0	trials	nogo_tone	4000.0	80.0	12297.866	0.1	False				True	100.0	12.0	12298.816	12299.166	whisker	350.0	wS1	False		False	4.0
12308.607	2.0	trials	no_tone					True	5.0	12309.607	0.01	False					nolight	0.0	nan	False		False	5.0
12319.637	2.0	trials	nogo_tone	4000.0	80.0	12319.637	0.1	False				False					nolight	0.0	nan	False		False	4.0
12330.867	2.0	trials	go_tone	8000.0	80.0	12330.867	0.1	False				False					nolight	0.0	nan	False		False	2.0
12341.947	2.0	trials	no_tone					True	5.0	12342.947	0.01	True	100.0	12.0	12342.897	12343.247	whisker	350.0	wS1	False		False	5.0
12352.557	2.0	trials	nogo_tone	4000.0	80.0	12352.557	0.1	True	5.0	12353.557	0.01	False					nolight	0.0	nan	False		False	3.0
12363.869	2.0	trials	no_tone					True	5.0	12364.869	0.01	False					nolight	0.0	nan	False		False	5.0
12374.817	2.0	trials	nogo_tone	4000.0	80.0	12374.817	0.1	False				False					nolight	0.0	nan	False		False	4.0
12387.249	2.0	trials	no_tone					True	5.0	12388.249	0.01	False					nolight	0.0	nan	False		False	5.0
12398.518	2.0	trials	go_tone	8000.0	80.0	12398.518	0.1	True	5.0	12399.518	0.01	False					nolight	0.0	nan	False		False	1.0
12409.905	2.0	trials	no_tone					True	5.0	12410.905	0.01	False					nolight	0.0	nan	False		False	5.0
12421.2	2.0	trials	go_tone	8000.0	80.0	12421.2	0.1	False				True	100.0	12.0	12422.150000000001	12422.5	whisker	350.0	wS1	False		False	2.0
12432.208	2.0	trials	nogo_tone	4000.0	80.0	12432.208	0.1	True	5.0	12433.208	0.01	False					nolight	0.0	nan	False		False	3.0
12443.69	2.0	trials	nogo_tone	4000.0	80.0	12443.69	0.1	True	5.0	12444.69	0.01	False					nolight	0.0	nan	False		False	3.0
12457.879	2.0	trials	go_tone	8000.0	80.0	12457.879	0.1	True	5.0	12458.879	0.01	False					nolight	0.0	nan	True	12460.602	False	1.0
12468.5	2.0	trials	no_tone					True	5.0	12469.5	0.01	False					nolight	0.0	nan	False		False	5.0
12479.759	2.0	trials	go_tone	8000.0	80.0	12479.759	0.1	True	5.0	12480.759	0.01	False					nolight	0.0	nan	True	12482.149	True	1.0
12492.151	2.0	trials	go_tone	8000.0	80.0	12492.151	0.1	True	5.0	12493.151	0.01	False					nolight	0.0	nan	True	12494.875	False	1.0
12503.0	2.0	trials	nogo_tone	4000.0	80.0	12503.0	0.1	False				False					nolight	0.0	nan	False		False	4.0
12513.831	2.0	trials	go_tone	8000.0	80.0	12513.831	0.1	True	5.0	12514.831	0.01	True	100.0	12.0	12514.781	12515.131	whisker	350.0	wS1	True	12516.562	False	1.0
12525.33	2.0	trials	nogo_tone	4000.0	80.0	12525.33	0.1	True	5.0	12526.33	0.01	True	100.0	12.0	12526.28	12526.63	whisker	350.0	wS1	False		False	3.0
12536.782	2.0	trials	nogo_tone	4000.0	80.0	12536.782	0.1	True	5.0	12537.782	0.01	False					nolight	0.0	nan	False		False	3.0
12547.842	2.0	trials	go_tone	8000.0	80.0	12547.842	0.1	False				False					nolight	0.0	nan	True	12550.588	False	2.0
12574.852	2.0	trials	nogo_tone	4000.0	80.0	12574.852	0.1	False				False					nolight	0.0	nan	False		False	4.0
12585.471	2.0	trials	no_tone					True	5.0	12586.471	0.01	False					nolight	0.0	nan	False		False	5.0
12596.456	2.0	trials	go_tone	8000.0	80.0	12596.456	0.1	False				False					nolight	0.0	nan	False		False	2.0
12607.141	2.0	trials	nogo_tone	4000.0	80.0	12607.141	0.1	False				True	100.0	12.0	12608.091	12608.440999999999	whisker	350.0	wS1	False		False	4.0
12618.123	2.0	trials	go_tone	8000.0	80.0	12618.123	0.1	False				False					nolight	0.0	nan	True	12619.571	True	2.0
12629.571	2.0	trials	go_tone	8000.0	80.0	12629.571	0.1	False				False					nolight	0.0	nan	True	12630.296	True	2.0
12640.302	2.0	trials	go_tone	8000.0	80.0	12640.302	0.1	False				False					nolight	0.0	nan	True	12642.572	True	2.0
12652.572	2.0	trials	go_tone	8000.0	80.0	12652.572	0.1	False				False					nolight	0.0	nan	False		False	2.0
12663.614	2.0	trials	go_tone	8000.0	80.0	12663.614	0.1	True	5.0	12664.614	0.01	False					nolight	0.0	nan	True	12665.872	True	1.0
12675.872	2.0	trials	go_tone	8000.0	80.0	12675.872	0.1	True	5.0	12676.872	0.01	False					nolight	0.0	nan	True	12678.805	False	1.0
12687.123	2.0	trials	go_tone	8000.0	80.0	12687.123	0.1	False				False					nolight	0.0	nan	True	12688.101999999999	True	2.0
12698.104	2.0	trials	go_tone	8000.0	80.0	12698.104	0.1	False				False					nolight	0.0	nan	True	12700.23	True	2.0
12710.235	2.0	trials	go_tone	8000.0	80.0	12710.235	0.1	False				False					nolight	0.0	nan	False		False	2.0
12721.404	2.0	trials	nogo_tone	4000.0	80.0	12721.404	0.1	False				False					nolight	0.0	nan	False		False	4.0
12732.223	2.0	trials	nogo_tone	4000.0	80.0	12732.223	0.1	True	5.0	12733.223	0.01	False					nolight	0.0	nan	False		False	3.0
12743.215	2.0	trials	go_tone	8000.0	80.0	12743.215	0.1	False				False					nolight	0.0	nan	False		False	2.0
12782.504	2.0	trials	nogo_tone	4000.0	80.0	12782.504	0.1	False				False					nolight	0.0	nan	True	12782.514000000001	True	4.0
12792.524	2.0	trials	nogo_tone	4000.0	80.0	12792.524	0.1	False				False					nolight	0.0	nan	False		False	4.0
12803.184	2.0	trials	go_tone	8000.0	80.0	12803.184	0.1	True	5.0	12804.184	0.01	False					nolight	0.0	nan	True	12805.875999999998	False	1.0
12814.436	2.0	trials	nogo_tone	4000.0	80.0	12814.436	0.1	False				False					nolight	0.0	nan	False		False	4.0
12825.566	2.0	trials	no_tone					True	5.0	12826.566	0.01	False					nolight	0.0	nan	False		False	5.0
12836.686	2.0	trials	go_tone	8000.0	80.0	12836.686	0.1	False				False					nolight	0.0	nan	True	12839.134	True	2.0
12849.145	2.0	trials	go_tone	8000.0	80.0	12849.145	0.1	False				False					nolight	0.0	nan	False		False	2.0
12859.897	2.0	trials	nogo_tone	4000.0	80.0	12859.897	0.1	True	5.0	12860.897	0.01	False					nolight	0.0	nan	False		False	3.0
12871.285	2.0	trials	nogo_tone	4000.0	80.0	12871.285	0.1	True	5.0	12872.285	0.01	False					nolight	0.0	nan	False		False	3.0
12881.955	2.0	trials	nogo_tone	4000.0	80.0	12881.955	0.1	True	5.0	12882.955	0.01	False					nolight	0.0	nan	False		False	3.0
12893.336	2.0	trials	go_tone	8000.0	80.0	12893.336	0.1	False				False					nolight	0.0	nan	True	12895.953	False	2.0
12920.77	2.0	trials	nogo_tone	4000.0	80.0	12920.77	0.1	False				False					nolight	0.0	nan	False		False	4.0
12931.506	2.0	trials	nogo_tone	4000.0	80.0	12931.506	0.1	True	5.0	12932.506	0.01	True	100.0	12.0	12932.456	12932.805999999999	whisker	350.0	wS1	True	12934.189999999999	False	3.0
12958.927	2.0	trials	go_tone	8000.0	80.0	12958.927	0.1	True	5.0	12959.927	0.01	False					nolight	0.0	nan	False		False	1.0
12969.597	2.0	trials	nogo_tone	4000.0	80.0	12969.597	0.1	True	5.0	12970.597	0.01	False					nolight	0.0	nan	False		False	3.0
12980.417	2.0	trials	go_tone	8000.0	80.0	12980.417	0.1	True	5.0	12981.417	0.01	False					nolight	0.0	nan	True	12982.947	True	1.0
12992.957	2.0	trials	go_tone	8000.0	80.0	12992.957	0.1	True	5.0	12993.957	0.01	False					nolight	0.0	nan	False		False	1.0
13004.057	2.0	trials	go_tone	8000.0	80.0	13004.057	0.1	False				False					nolight	0.0	nan	False		False	2.0
13015.307	2.0	trials	nogo_tone	4000.0	80.0	13015.307	0.1	False				False					nolight	0.0	nan	False		False	4.0
13026.309	2.0	trials	no_tone					True	5.0	13027.309	0.01	False					nolight	0.0	nan	False		False	5.0
13037.268	2.0	trials	go_tone	8000.0	80.0	13037.268	0.1	True	5.0	13038.268	0.01	False					nolight	0.0	nan	False		False	1.0
13048.788	2.0	trials	no_tone					True	5.0	13049.788	0.01	False					nolight	0.0	nan	False		False	5.0
13059.54	2.0	trials	go_tone	8000.0	80.0	13059.54	0.1	False				False					nolight	0.0	nan	False		False	2.0
13070.759	2.0	trials	go_tone	8000.0	80.0	13070.759	0.1	False				True	100.0	12.0	13071.709	13072.059	whisker	350.0	wS1	False		False	2.0
13081.978	2.0	trials	go_tone	8000.0	80.0	13081.978	0.1	False				False					nolight	0.0	nan	False		False	2.0
13093.419	2.0	trials	nogo_tone	4000.0	80.0	13093.419	0.1	False				True	100.0	12.0	13094.369	13094.719	whisker	350.0	wS1	False		False	4.0
13104.229	2.0	trials	go_tone	8000.0	80.0	13104.229	0.1	True	5.0	13105.229	0.01	False					nolight	0.0	nan	False		False	1.0
13115.116	2.0	trials	no_tone					True	5.0	13116.116	0.01	False					nolight	0.0	nan	False		False	5.0
13125.959	2.0	trials	nogo_tone	4000.0	80.0	13125.959	0.1	True	5.0	13126.959	0.01	False					nolight	0.0	nan	False		False	3.0
13137.491	2.0	trials	no_tone					True	5.0	13138.491	0.01	False					nolight	0.0	nan	False		False	5.0
13148.19	2.0	trials	no_tone					True	5.0	13149.19	0.01	True	100.0	12.0	13149.140000000001	13149.49	whisker	350.0	wS1	False		False	5.0
13158.851	2.0	trials	nogo_tone	4000.0	80.0	13158.851	0.1	False				False					nolight	0.0	nan	False		False	4.0
13170.37	2.0	trials	go_tone	8000.0	80.0	13170.37	0.1	True	5.0	13171.37	0.01	True	100.0	12.0	13171.320000000002	13171.67	whisker	350.0	wS1	False		False	1.0
13181.545	2.0	trials	nogo_tone	4000.0	80.0	13181.545	0.1	False				False					nolight	0.0	nan	False		False	4.0
13192.832	2.0	trials	go_tone	8000.0	80.0	13192.832	0.1	True	5.0	13193.832	0.01	False					nolight	0.0	nan	False		False	1.0
13203.562	2.0	trials	go_tone	8000.0	80.0	13203.562	0.1	False				True	100.0	12.0	13204.512	13204.862	whisker	350.0	wS1	False		False	2.0
13214.962	2.0	trials	nogo_tone	4000.0	80.0	13214.962	0.1	True	5.0	13215.962	0.01	False					nolight	0.0	nan	False		False	3.0
13226.012	2.0	trials	no_tone					True	5.0	13227.012	0.01	True	100.0	12.0	13226.962000000001	13227.312	whisker	350.0	wS1	False		False	5.0
13237.371	2.0	trials	go_tone	8000.0	80.0	13237.371	0.1	False				False					nolight	0.0	nan	False		False	2.0
13248.041	2.0	trials	nogo_tone	4000.0	80.0	13248.041	0.1	False				False					nolight	0.0	nan	False		False	4.0
13259.403	2.0	trials	go_tone	8000.0	80.0	13259.403	0.1	True	5.0	13260.403	0.01	False					nolight	0.0	nan	False		False	1.0
13270.783	2.0	trials	nogo_tone	4000.0	80.0	13270.783	0.1	False				False					nolight	0.0	nan	False		False	4.0
13281.413	2.0	trials	no_tone					True	5.0	13282.413	0.01	False					nolight	0.0	nan	False		False	5.0
13292.943	2.0	trials	go_tone	8000.0	80.0	13292.943	0.1	False				False					nolight	0.0	nan	False		False	2.0
13304.123	2.0	trials	go_tone	8000.0	80.0	13304.123	0.1	False				False					nolight	0.0	nan	False		False	2.0
13315.662	2.0	trials	go_tone	8000.0	80.0	13315.662	0.1	True	5.0	13316.662	0.01	False					nolight	0.0	nan	False		False	1.0
13326.863	2.0	trials	no_tone					True	5.0	13327.863	0.01	False					nolight	0.0	nan	False		False	5.0
13338.112	2.0	trials	no_tone					True	5.0	13339.112	0.01	False					nolight	0.0	nan	False		False	5.0
13349.364	2.0	trials	nogo_tone	4000.0	80.0	13349.364	0.1	True	5.0	13350.364	0.01	False					nolight	0.0	nan	False		False	3.0
13360.925	2.0	trials	nogo_tone	4000.0	80.0	13360.925	0.1	True	5.0	13361.925	0.01	False					nolight	0.0	nan	False		False	3.0
13372.263	2.0	trials	nogo_tone	4000.0	80.0	13372.263	0.1	False				True	100.0	12.0	13373.213000000002	13373.563	whisker	350.0	wS1	False		False	4.0
13383.105	2.0	trials	nogo_tone	4000.0	80.0	13383.105	0.1	False				False					nolight	0.0	nan	False		False	4.0
13393.915	2.0	trials	go_tone	8000.0	80.0	13393.915	0.1	True	5.0	13394.915	0.01	True	100.0	12.0	13394.865000000002	13395.215	whisker	350.0	wS1	True	13396.962000000001	False	1.0
13418.964	2.0	trials	nogo_tone	4000.0	80.0	13418.964	0.1	True	5.0	13419.964	0.01	False					nolight	0.0	nan	False		False	3.0
13429.706	2.0	trials	no_tone					True	5.0	13430.706	0.01	False					nolight	0.0	nan	False		False	5.0
13440.665	2.0	trials	go_tone	8000.0	80.0	13440.665	0.1	True	5.0	13441.665	0.01	False					nolight	0.0	nan	True	13443.688	False	1.0
13451.506	2.0	trials	nogo_tone	4000.0	80.0	13451.506	0.1	True	5.0	13452.506	0.01	False					nolight	0.0	nan	False		False	3.0
13462.904	2.0	trials	go_tone	8000.0	80.0	13462.904	0.1	True	5.0	13463.904	0.01	False					nolight	0.0	nan	False		False	1.0
