onset	duration	nwb_table	context	auditory_stim_frequency	auditory_stim_amplitude	auditory_stim_time	auditory_stim_duration	whisker_stim	whisker_stim_amplitude	whisker_stim_time	whisker_stim_duration	opto_stim	opto_stim_frequency	opto_stim_amplitude	opto_stim_start_time	opto_stim_stop_time	opto_window	opto_duration	opto_area	lick_flag	lick_time	early_lick	trial_type
8.091000000000001	2.0	trials	nogo_tone	4000.0	80.0	8.091000000000001	0.1	True	5.0	9.091000000000001	0.01	False					nolight	0.0	nan	False		False	3.0
18.721	2.0	trials	go_tone	8000.0	80.0	18.721	0.1	True	5.0	19.721	0.01	False					nolight	0.0	nan	True	21.38	False	1.0
29.381	2.0	trials	go_tone	8000.0	80.0	29.381	0.1	True	5.0	30.381	0.01	False					nolight	0.0	nan	True	32.018	False	1.0
40.661	2.0	trials	go_tone	8000.0	80.0	40.661	0.1	False				False					nolight	0.0	nan	False		False	2.0
51.652	2.0	trials	no_tone					True	5.0	52.652	0.01	False					nolight	0.0	nan	True	54.316	False	5.0
78.392	2.0	trials	go_tone	8000.0	80.0	78.392	0.1	True	5.0	79.392	0.01	False					nolight	0.0	nan	True	81.112	False	1.0
89.472	2.0	trials	nogo_tone	4000.0	80.0	89.472	0.1	True	5.0	90.472	0.01	False					nolight	0.0	nan	True	92.29299999999999	False	3.0
117.003	2.0	trials	go_tone	8000.0	80.0	117.003	0.1	False				False					nolight	0.0	nan	True	119.043	True	2.0
133.053	2.0	trials	go_tone	8000.0	80.0	133.053	0.1	False				False					nolight	0.0	nan	True	135.503	True	2.0
149.503	2.0	trials	go_tone	8000.0	80.0	149.503	0.1	False				False					nolight	0.0	nan	False		False	2.0
160.13	2.0	trials	nogo_tone	4000.0	80.0	160.13	0.1	False				False					nolight	0.0	nan	False		False	4.0
171.264	2.0	trials	go_tone	8000.0	80.0	171.264	0.1	True	5.0	172.264	0.01	False					nolight	0.0	nan	True	173.928	False	1.0
182.774	2.0	trials	nogo_tone	4000.0	80.0	182.774	0.1	False				False					nolight	0.0	nan	False		False	4.0
193.854	2.0	trials	go_tone	8000.0	80.0	193.854	0.1	True	5.0	194.854	0.01	False					nolight	0.0	nan	True	196.585	False	1.0
204.875	2.0	trials	go_tone	8000.0	80.0	204.875	0.1	False				False					nolight	0.0	nan	True	207.425	True	2.0
221.435	2.0	trials	go_tone	8000.0	80.0	221.435	0.1	False				False					nolight	0.0	nan	True	223.075	True	2.0
237.085	2.0	trials	go_tone	8000.0	80.0	237.085	0.1	False				False					nolight	0.0	nan	True	239.83100000000002	False	2.0
263.745	2.0	trials	go_tone	8000.0	80.0	263.745	0.1	False				False					nolight	0.0	nan	True	266.195	True	2.0
280.206	2.0	trials	go_tone	8000.0	80.0	280.206	0.1	False				False					nolight	0.0	nan	True	283.432	False	2.0
307.206	2.0	trials	nogo_tone	4000.0	80.0	307.206	0.1	True	5.0	308.206	0.01	False					nolight	0.0	nan	True	309.957	False	3.0
364.244	2.0	trials	no_tone					True	5.0	365.244	0.01	False					nolight	0.0	nan	False		False	5.0
374.974	2.0	trials	go_tone	8000.0	80.0	374.974	0.1	False				False					nolight	0.0	nan	False		False	2.0
385.688	2.0	trials	nogo_tone	4000.0	80.0	385.688	0.1	True	5.0	386.688	0.01	False					nolight	0.0	nan	False		False	3.0
396.448	2.0	trials	no_tone					True	5.0	397.448	0.01	False					nolight	0.0	nan	True	399.147	False	5.0
423.668	2.0	trials	go_tone	8000.0	80.0	423.668	0.1	False				False					nolight	0.0	nan	True	426.389	False	2.0
450.259	2.0	trials	go_tone	8000.0	80.0	450.259	0.1	False				False					nolight	0.0	nan	True	453.184	False	2.0
477.249	2.0	trials	nogo_tone	4000.0	80.0	477.249	0.1	False				False					nolight	0.0	nan	False		False	4.0
488.38	2.0	trials	go_tone	8000.0	80.0	488.38	0.1	False				False					nolight	0.0	nan	True	491.02299999999997	False	2.0
515.46	2.0	trials	go_tone	8000.0	80.0	515.46	0.1	False				False					nolight	0.0	nan	False		False	2.0
526.79	2.0	trials	nogo_tone	4000.0	80.0	526.79	0.1	True	5.0	527.79	0.01	False					nolight	0.0	nan	False		False	3.0
537.88	2.0	trials	no_tone					True	5.0	538.88	0.01	False					nolight	0.0	nan	False		False	5.0
548.841	2.0	trials	nogo_tone	4000.0	80.0	548.841	0.1	True	5.0	549.841	0.01	False					nolight	0.0	nan	False		False	3.0
559.751	2.0	trials	go_tone	8000.0	80.0	559.751	0.1	True	5.0	560.751	0.01	False					nolight	0.0	nan	True	562.3779999999999	False	1.0
571.071	2.0	trials	no_tone					True	5.0	572.071	0.01	False					nolight	0.0	nan	False		False	5.0
582.541	2.0	trials	no_tone					True	5.0	583.541	0.01	False					nolight	0.0	nan	False		False	5.0
593.302	2.0	trials	go_tone	8000.0	80.0	593.302	0.1	False				False					nolight	0.0	nan	True	596.317	False	2.0
620.512	2.0	trials	nogo_tone	4000.0	80.0	620.512	0.1	True	5.0	621.512	0.01	False					nolight	0.0	nan	True	623.266	False	3.0
647.672	2.0	trials	nogo_tone	4000.0	80.0	647.672	0.1	True	5.0	648.672	0.01	False					nolight	0.0	nan	False		False	3.0
658.333	2.0	trials	go_tone	8000.0	80.0	658.333	0.1	True	5.0	659.333	0.01	False					nolight	0.0	nan	True	660.813	True	1.0
674.813	2.0	trials	go_tone	8000.0	80.0	674.813	0.1	True	5.0	675.813	0.01	False					nolight	0.0	nan	True	677.536	False	1.0
686.293	2.0	trials	go_tone	8000.0	80.0	686.293	0.1	True	5.0	687.293	0.01	False					nolight	0.0	nan	True	688.951	False	1.0
697.193	2.0	trials	go_tone	8000.0	80.0	697.193	0.1	False				False					nolight	0.0	nan	True	699.193	True	2.0
713.195	2.0	trials	go_tone	8000.0	80.0	713.195	0.1	False				False					nolight	0.0	nan	True	715.519	True	2.0
729.524	2.0	trials	go_tone	8000.0	80.0	729.524	0.1	False				False					nolight	0.0	nan	True	732.191	False	2.0
756.836	2.0	trials	go_tone	8000.0	80.0	756.836	0.1	True	5.0	757.836	0.01	False					nolight	0.0	nan	True	759.468	False	1.0
768.064	2.0	trials	go_tone	8000.0	80.0	768.064	0.1	True	5.0	769.064	0.01	False					nolight	0.0	nan	True	770.6809999999999	False	1.0
780.235	2.0	trials	no_tone					True	5.0	781.235	0.01	False					nolight	0.0	nan	True	782.8870000000001	False	5.0
806.925	2.0	trials	nogo_tone	4000.0	80.0	806.925	0.1	False				False					nolight	0.0	nan	False		False	4.0
818.035	2.0	trials	go_tone	8000.0	80.0	818.035	0.1	True	5.0	819.035	0.01	False					nolight	0.0	nan	True	820.717	False	1.0
829.306	2.0	trials	go_tone	8000.0	80.0	829.306	0.1	False				False					nolight	0.0	nan	True	831.6310000000001	True	2.0
845.636	2.0	trials	go_tone	8000.0	80.0	845.636	0.1	False				False					nolight	0.0	nan	True	847.976	True	2.0
861.978	2.0	trials	go_tone	8000.0	80.0	861.978	0.1	False				False					nolight	0.0	nan	True	865.236	False	2.0
888.807	2.0	trials	nogo_tone	4000.0	80.0	888.807	0.1	True	5.0	889.807	0.01	False					nolight	0.0	nan	True	891.523	False	3.0
916.047	2.0	trials	nogo_tone	4000.0	80.0	916.047	0.1	True	5.0	917.047	0.01	False					nolight	0.0	nan	False		False	3.0
926.657	2.0	trials	no_tone					True	5.0	927.657	0.01	False					nolight	0.0	nan	False		False	5.0
937.923	2.0	trials	nogo_tone	4000.0	80.0	937.923	0.1	False				False					nolight	0.0	nan	False		False	4.0
949.288	2.0	trials	no_tone					True	5.0	950.288	0.01	False					nolight	0.0	nan	False		False	5.0
960.488	2.0	trials	go_tone	8000.0	80.0	960.488	0.1	False				False					nolight	0.0	nan	True	963.2520000000001	False	2.0
987.078	2.0	trials	no_tone					True	5.0	988.078	0.01	False					nolight	0.0	nan	False		False	5.0
997.799	2.0	trials	nogo_tone	4000.0	80.0	997.799	0.1	False				False					nolight	0.0	nan	False		False	4.0
1008.709	2.0	trials	go_tone	8000.0	80.0	1008.709	0.1	False				False					nolight	0.0	nan	False		False	2.0
1019.929	2.0	trials	nogo_tone	4000.0	80.0	1019.929	0.1	True	5.0	1020.929	0.01	False					nolight	0.0	nan	True	1022.65	False	3.0
1046.919	2.0	trials	go_tone	8000.0	80.0	1046.919	0.1	False				False					nolight	0.0	nan	True	1049.603	False	2.0
1073.87	2.0	trials	go_tone	8000.0	80.0	1073.87	0.1	False				False					nolight	0.0	nan	True	1076.513	False	2.0
1100.64	2.0	trials	no_tone					True	5.0	1101.64	0.01	False					nolight	0.0	nan	True	1104.005	False	5.0
1127.491	2.0	trials	no_tone					True	5.0	1128.491	0.01	False					nolight	0.0	nan	False		False	5.0
1138.817	2.0	trials	nogo_tone	4000.0	80.0	1138.817	0.1	True	5.0	1139.817	0.01	False					nolight	0.0	nan	False		False	3.0
1150.161	2.0	trials	go_tone	8000.0	80.0	1150.161	0.1	True	5.0	1151.161	0.01	False					nolight	0.0	nan	True	1152.651	True	1.0
1166.651	2.0	trials	go_tone	8000.0	80.0	1166.651	0.1	True	5.0	1167.651	0.01	False					nolight	0.0	nan	False		False	1.0
1177.782	2.0	trials	go_tone	8000.0	80.0	1177.782	0.1	False				False					nolight	0.0	nan	True	1180.635	False	2.0
1205.183	2.0	trials	go_tone	8000.0	80.0	1205.183	0.1	False				False					nolight	0.0	nan	True	1207.753	False	2.0
1232.483	2.0	trials	go_tone	8000.0	80.0	1232.483	0.1	False				False					nolight	0.0	nan	True	1235.623	False	2.0
1259.053	2.0	trials	go_tone	8000.0	80.0	1259.053	0.1	False				False					nolight	0.0	nan	False		False	2.0
1269.617	2.0	trials	no_tone					True	5.0	1270.617	0.01	False					nolight	0.0	nan	False		False	5.0
1280.984	2.0	trials	nogo_tone	4000.0	80.0	1280.984	0.1	False				False					nolight	0.0	nan	False		False	4.0
1292.114	2.0	trials	go_tone	8000.0	80.0	1292.114	0.1	True	5.0	1293.114	0.01	False					nolight	0.0	nan	True	1294.785	False	1.0
1303.604	2.0	trials	go_tone	8000.0	80.0	1303.604	0.1	False				False					nolight	0.0	nan	False		False	2.0
1314.874	2.0	trials	go_tone	8000.0	80.0	1314.874	0.1	True	5.0	1315.874	0.01	False					nolight	0.0	nan	True	1316.905	True	1.0
1330.914	2.0	trials	go_tone	8000.0	80.0	1330.914	0.1	True	5.0	1331.914	0.01	False					nolight	0.0	nan	True	1332.751	True	1.0
1346.755	2.0	trials	go_tone	8000.0	80.0	1346.755	0.1	True	5.0	1347.755	0.01	False					nolight	0.0	nan	False		False	1.0
1357.725	2.0	trials	go_tone	8000.0	80.0	1357.725	0.1	False				False					nolight	0.0	nan	True	1360.221	True	2.0
1374.225	2.0	trials	go_tone	8000.0	80.0	1374.225	0.1	False				False					nolight	0.0	nan	False		False	2.0
1385.716	2.0	trials	go_tone	8000.0	80.0	1385.716	0.1	True	5.0	1386.716	0.01	False					nolight	0.0	nan	True	1388.367	False	1.0
1396.416	2.0	trials	go_tone	8000.0	80.0	1396.416	0.1	False				False					nolight	0.0	nan	True	1398.906	True	2.0
1412.916	2.0	trials	go_tone	8000.0	80.0	1412.916	0.1	False				False					nolight	0.0	nan	False		False	2.0
1423.746	2.0	trials	nogo_tone	4000.0	80.0	1423.746	0.1	True	5.0	1424.746	0.01	False					nolight	0.0	nan	False		False	3.0
1434.356	2.0	trials	go_tone	8000.0	80.0	1434.356	0.1	False				False					nolight	0.0	nan	False		False	2.0
1445.476	2.0	trials	no_tone					True	5.0	1446.476	0.01	False					nolight	0.0	nan	True	1448.171	False	5.0
1472.417	2.0	trials	nogo_tone	4000.0	80.0	1472.417	0.1	False				False					nolight	0.0	nan	False		False	4.0
1483.427	2.0	trials	nogo_tone	4000.0	80.0	1483.427	0.1	True	5.0	1484.427	0.01	False					nolight	0.0	nan	False		False	3.0
1494.928	2.0	trials	go_tone	8000.0	80.0	1494.928	0.1	False				False					nolight	0.0	nan	False		False	2.0
1505.588	2.0	trials	go_tone	8000.0	80.0	1505.588	0.1	True	5.0	1506.588	0.01	False					nolight	0.0	nan	True	1508.54	False	1.0
1516.298	2.0	trials	go_tone	8000.0	80.0	1516.298	0.1	True	5.0	1517.298	0.01	False					nolight	0.0	nan	True	1518.934	False	1.0
1531.288	2.0	trials	go_tone	8000.0	80.0	1531.288	0.1	False				False					nolight	0.0	nan	False		False	2.0
1542.689	2.0	trials	nogo_tone	4000.0	80.0	1542.689	0.1	True	5.0	1543.689	0.01	False					nolight	0.0	nan	False		False	3.0
1554.079	2.0	trials	no_tone					True	5.0	1555.079	0.01	False					nolight	0.0	nan	False		False	5.0
1564.919	2.0	trials	go_tone	8000.0	80.0	1564.919	0.1	True	5.0	1565.919	0.01	False					nolight	0.0	nan	True	1567.4720000000002	False	1.0
1576.549	2.0	trials	nogo_tone	4000.0	80.0	1576.549	0.1	True	5.0	1577.549	0.01	False					nolight	0.0	nan	False		False	3.0
1587.899	2.0	trials	nogo_tone	4000.0	80.0	1587.899	0.1	True	5.0	1588.899	0.01	False					nolight	0.0	nan	False		False	3.0
1598.539	2.0	trials	nogo_tone	4000.0	80.0	1598.539	0.1	True	5.0	1599.539	0.01	False					nolight	0.0	nan	False		False	3.0
1609.103	2.0	trials	go_tone	8000.0	80.0	1609.103	0.1	False				False					nolight	0.0	nan	True	1611.925	False	2.0
1636.21	2.0	trials	go_tone	8000.0	80.0	1636.21	0.1	False				False					nolight	0.0	nan	True	1638.74	True	2.0
1652.75	2.0	trials	go_tone	8000.0	80.0	1652.75	0.1	False				False					nolight	0.0	nan	False		False	2.0
1663.46	2.0	trials	go_tone	8000.0	80.0	1663.46	0.1	False				False					nolight	0.0	nan	True	1666.193	False	2.0
1690.401	2.0	trials	nogo_tone	4000.0	80.0	1690.401	0.1	False				False					nolight	0.0	nan	False		False	4.0
1700.971	2.0	trials	go_tone	8000.0	80.0	1700.971	0.1	False				False					nolight	0.0	nan	True	1703.331	True	2.0
1740.712	2.0	trials	go_tone	8000.0	80.0	1740.712	0.1	False				False					nolight	0.0	nan	False		False	2.0
1751.713	2.0	trials	nogo_tone	4000.0	80.0	1751.713	0.1	False				False					nolight	0.0	nan	False		False	4.0
1762.782	2.0	trials	go_tone	8000.0	80.0	1762.782	0.1	True	5.0	1763.782	0.01	False					nolight	0.0	nan	True	1765.504	False	1.0
1773.952	2.0	trials	go_tone	8000.0	80.0	1773.952	0.1	False				False					nolight	0.0	nan	True	1776.492	True	2.0
1791.483	2.0	trials	go_tone	8000.0	80.0	1791.483	0.1	False				False					nolight	0.0	nan	True	1794.626	False	2.0
1819.943	2.0	trials	no_tone					True	5.0	1820.943	0.01	False					nolight	0.0	nan	True	1822.72	False	5.0
1846.694	2.0	trials	go_tone	8000.0	80.0	1846.694	0.1	True	5.0	1847.694	0.01	False					nolight	0.0	nan	True	1849.52	False	1.0
1858.214	2.0	trials	nogo_tone	4000.0	80.0	1858.214	0.1	True	5.0	1859.214	0.01	False					nolight	0.0	nan	True	1859.3139999999999	True	3.0
1873.314	2.0	trials	nogo_tone	4000.0	80.0	1873.314	0.1	True	5.0	1874.314	0.01	False					nolight	0.0	nan	False		False	3.0
1884.474	2.0	trials	go_tone	8000.0	80.0	1884.474	0.1	False				False					nolight	0.0	nan	True	1885.724	True	2.0
1899.725	2.0	trials	go_tone	8000.0	80.0	1899.725	0.1	False				False					nolight	0.0	nan	True	1902.0849999999998	True	2.0
1916.095	2.0	trials	go_tone	8000.0	80.0	1916.095	0.1	False				False					nolight	0.0	nan	True	1918.865	False	2.0
1942.849	2.0	trials	go_tone	8000.0	80.0	1942.849	0.1	True	5.0	1943.849	0.01	False					nolight	0.0	nan	True	1945.668	False	1.0
1953.509	2.0	trials	go_tone	8000.0	80.0	1953.509	0.1	False				False					nolight	0.0	nan	True	1955.837	True	2.0
1969.846	2.0	trials	go_tone	8000.0	80.0	1969.846	0.1	False				False					nolight	0.0	nan	True	1972.379	True	2.0
1986.386	2.0	trials	go_tone	8000.0	80.0	1986.386	0.1	False				False					nolight	0.0	nan	True	1988.826	True	2.0
2002.837	2.0	trials	go_tone	8000.0	80.0	2002.837	0.1	False				False					nolight	0.0	nan	False		False	2.0
2013.487	2.0	trials	go_tone	8000.0	80.0	2013.487	0.1	False				False					nolight	0.0	nan	True	2015.9370000000001	True	2.0
2029.937	2.0	trials	go_tone	8000.0	80.0	2029.937	0.1	False				False					nolight	0.0	nan	True	2032.062	True	2.0
2046.067	2.0	trials	go_tone	8000.0	80.0	2046.067	0.1	False				False					nolight	0.0	nan	True	2048.751	False	2.0
2073.568	2.0	trials	nogo_tone	4000.0	80.0	2073.568	0.1	True	5.0	2074.568	0.01	False					nolight	0.0	nan	False		False	3.0
2084.96	2.0	trials	nogo_tone	4000.0	80.0	2084.96	0.1	True	5.0	2085.96	0.01	False					nolight	0.0	nan	False		False	3.0
2095.948	2.0	trials	go_tone	8000.0	80.0	2095.948	0.1	True	5.0	2096.948	0.01	False					nolight	0.0	nan	True	2098.651	False	1.0
2107.448	2.0	trials	go_tone	8000.0	80.0	2107.448	0.1	False				False					nolight	0.0	nan	True	2109.7729999999997	True	2.0
2123.779	2.0	trials	go_tone	8000.0	80.0	2123.779	0.1	False				False					nolight	0.0	nan	True	2126.33	False	2.0
2150.701	2.0	trials	nogo_tone	4000.0	80.0	2150.701	0.1	True	5.0	2151.701	0.01	False					nolight	0.0	nan	True	2153.42	False	3.0
2177.35	2.0	trials	nogo_tone	4000.0	80.0	2177.35	0.1	True	5.0	2178.35	0.01	False					nolight	0.0	nan	True	2179.999	False	3.0
2203.98	2.0	trials	no_tone					True	5.0	2204.98	0.01	False					nolight	0.0	nan	False		False	5.0
2215.496	2.0	trials	nogo_tone	4000.0	80.0	2215.496	0.1	False				False					nolight	0.0	nan	False		False	4.0
2227.0	2.0	trials	go_tone	8000.0	80.0	2227.0	0.1	False				False					nolight	0.0	nan	True	2229.647	False	2.0
2253.711	2.0	trials	go_tone	8000.0	80.0	2253.711	0.1	False				False					nolight	0.0	nan	False		False	2.0
2264.331	2.0	trials	nogo_tone	4000.0	80.0	2264.331	0.1	False				False					nolight	0.0	nan	False		False	4.0
2275.701	2.0	trials	no_tone					True	5.0	2276.701	0.01	False					nolight	0.0	nan	False		False	5.0
2286.971	2.0	trials	go_tone	8000.0	80.0	2286.971	0.1	True	5.0	2287.971	0.01	False					nolight	0.0	nan	True	2290.059	False	1.0
2298.292	2.0	trials	nogo_tone	4000.0	80.0	2298.292	0.1	True	5.0	2299.292	0.01	False					nolight	0.0	nan	True	2300.94	False	3.0
2325.381	2.0	trials	go_tone	8000.0	80.0	2325.381	0.1	False				False					nolight	0.0	nan	True	2327.643	True	2.0
2341.642	2.0	trials	go_tone	8000.0	80.0	2341.642	0.1	False				False					nolight	0.0	nan	True	2344.0919999999996	True	2.0
2358.093	2.0	trials	go_tone	8000.0	80.0	2358.093	0.1	False				False					nolight	0.0	nan	True	2360.383	True	2.0
2374.385	2.0	trials	go_tone	8000.0	80.0	2374.385	0.1	False				False					nolight	0.0	nan	False		False	2.0
2385.543	2.0	trials	go_tone	8000.0	80.0	2385.543	0.1	False				False					nolight	0.0	nan	False		False	2.0
2396.423	2.0	trials	go_tone	8000.0	80.0	2396.423	0.1	True	5.0	2397.423	0.01	False					nolight	0.0	nan	True	2399.0409999999997	False	1.0
2407.304	2.0	trials	go_tone	8000.0	80.0	2407.304	0.1	False				False					nolight	0.0	nan	True	2409.862	False	2.0
2434.674	2.0	trials	go_tone	8000.0	80.0	2434.674	0.1	False				False					nolight	0.0	nan	False		False	2.0
2445.884	2.0	trials	go_tone	8000.0	80.0	2445.884	0.1	False				False					nolight	0.0	nan	True	2448.054	True	2.0
2462.055	2.0	trials	go_tone	8000.0	80.0	2462.055	0.1	False				False					nolight	0.0	nan	True	2464.9469999999997	False	2.0
2489.335	2.0	trials	go_tone	8000.0	80.0	2489.335	0.1	False				False					nolight	0.0	nan	True	2491.906	False	2.0
2516.336	2.0	trials	nogo_tone	4000.0	80.0	2516.336	0.1	False				False					nolight	0.0	nan	False		False	4.0
2527.512	2.0	trials	go_tone	8000.0	80.0	2527.512	0.1	False				False					nolight	0.0	nan	True	2530.6040000000003	False	2.0
2554.636	2.0	trials	nogo_tone	4000.0	80.0	2554.636	0.1	True	5.0	2555.636	0.01	False					nolight	0.0	nan	True	2557.442	False	3.0
2581.357	2.0	trials	go_tone	8000.0	80.0	2581.357	0.1	True	5.0	2582.357	0.01	False					nolight	0.0	nan	True	2583.797	True	1.0
2597.807	2.0	trials	go_tone	8000.0	80.0	2597.807	0.1	True	5.0	2598.807	0.01	False					nolight	0.0	nan	True	2600.0319999999997	True	1.0
2614.038	2.0	trials	go_tone	8000.0	80.0	2614.038	0.1	True	5.0	2615.038	0.01	False					nolight	0.0	nan	True	2616.829	False	1.0
2625.094	2.0	trials	go_tone	8000.0	80.0	2625.094	0.1	False				False					nolight	0.0	nan	True	2627.319	True	2.0
2641.328	2.0	trials	go_tone	8000.0	80.0	2641.328	0.1	False				False					nolight	0.0	nan	False		False	2.0
2652.298	2.0	trials	go_tone	8000.0	80.0	2652.298	0.1	False				False					nolight	0.0	nan	True	2654.2279999999996	True	2.0
2668.239	2.0	trials	go_tone	8000.0	80.0	2668.239	0.1	False				False					nolight	0.0	nan	False		False	2.0
2679.269	2.0	trials	go_tone	8000.0	80.0	2679.269	0.1	False				False					nolight	0.0	nan	False		False	2.0
2689.929	2.0	trials	go_tone	8000.0	80.0	2689.929	0.1	True	5.0	2690.929	0.01	False					nolight	0.0	nan	True	2692.547	False	1.0
2701.069	2.0	trials	go_tone	8000.0	80.0	2701.069	0.1	False				False					nolight	0.0	nan	False		False	2.0
2712.039	2.0	trials	nogo_tone	4000.0	80.0	2712.039	0.1	True	5.0	2713.039	0.01	False					nolight	0.0	nan	False		False	3.0
2723.459	2.0	trials	go_tone	8000.0	80.0	2723.459	0.1	False				False					nolight	0.0	nan	True	2726.0919999999996	False	2.0
2750.32	2.0	trials	nogo_tone	4000.0	80.0	2750.32	0.1	False				False					nolight	0.0	nan	False		False	4.0
2933.837	2.0	trials	go_tone	8000.0	80.0	2933.837	0.1	False				False					nolight	0.0	nan	False		False	2.0
2945.013	2.0	trials	go_tone	8000.0	80.0	2945.013	0.1	True	5.0	2946.013	0.01	False					nolight	0.0	nan	True	2947.9069999999997	False	1.0
2959.423	2.0	trials	nogo_tone	4000.0	80.0	2959.423	0.1	True	5.0	2960.423	0.01	False					nolight	0.0	nan	False		False	3.0
2970.634	2.0	trials	go_tone	8000.0	80.0	2970.634	0.1	False				False					nolight	0.0	nan	True	2973.165	True	2.0
2989.844	2.0	trials	go_tone	8000.0	80.0	2989.844	0.1	False				False					nolight	0.0	nan	False		False	2.0
3000.604	2.0	trials	no_tone					True	5.0	3001.604	0.01	False					nolight	0.0	nan	False		False	5.0
3011.804	2.0	trials	go_tone	8000.0	80.0	3011.804	0.1	True	5.0	3012.804	0.01	False					nolight	0.0	nan	True	3014.592	False	1.0
3022.515	2.0	trials	no_tone					True	5.0	3023.515	0.01	False					nolight	0.0	nan	False		False	5.0
3127.186	2.0	trials	go_tone	8000.0	80.0	3127.186	0.1	False				False					nolight	0.0	nan	True	3130.0260000000003	False	2.0
3154.147	2.0	trials	go_tone	8000.0	80.0	3154.147	0.1	True	5.0	3155.147	0.01	False					nolight	0.0	nan	True	3156.994	False	1.0
3164.937	2.0	trials	go_tone	8000.0	80.0	3164.937	0.1	True	5.0	3165.937	0.01	False					nolight	0.0	nan	True	3167.562	False	1.0
3176.058	2.0	trials	nogo_tone	4000.0	80.0	3176.058	0.1	False				False					nolight	0.0	nan	False		False	4.0
3187.068	2.0	trials	go_tone	8000.0	80.0	3187.068	0.1	False				False					nolight	0.0	nan	True	3189.193	True	2.0
3203.204	2.0	trials	go_tone	8000.0	80.0	3203.204	0.1	False				False					nolight	0.0	nan	True	3205.76	False	2.0
3230.498	2.0	trials	no_tone					True	5.0	3231.498	0.01	False					nolight	0.0	nan	False		False	5.0
3241.248	2.0	trials	nogo_tone	4000.0	80.0	3241.248	0.1	True	5.0	3242.248	0.01	False					nolight	0.0	nan	False		False	3.0
3252.359	2.0	trials	nogo_tone	4000.0	80.0	3252.359	0.1	True	5.0	3253.359	0.01	False					nolight	0.0	nan	False		False	3.0
3263.669	2.0	trials	nogo_tone	4000.0	80.0	3263.669	0.1	True	5.0	3264.669	0.01	False					nolight	0.0	nan	False		False	3.0
3274.699	2.0	trials	go_tone	8000.0	80.0	3274.699	0.1	False				False					nolight	0.0	nan	True	3277.189	True	2.0
3291.189	2.0	trials	go_tone	8000.0	80.0	3291.189	0.1	False				False					nolight	0.0	nan	True	3293.6589999999997	True	2.0
3307.67	2.0	trials	go_tone	8000.0	80.0	3307.67	0.1	False				False					nolight	0.0	nan	True	3310.348	False	2.0
3334.29	2.0	trials	go_tone	8000.0	80.0	3334.29	0.1	True	5.0	3335.29	0.01	False					nolight	0.0	nan	True	3337.079	False	1.0
3345.63	2.0	trials	no_tone					True	5.0	3346.63	0.01	False					nolight	0.0	nan	True	3348.273	False	5.0
3372.547	2.0	trials	go_tone	8000.0	80.0	3372.547	0.1	False				False					nolight	0.0	nan	True	3375.686	False	2.0
3399.711	2.0	trials	no_tone					True	5.0	3400.711	0.01	False					nolight	0.0	nan	True	3402.5089999999996	False	5.0
3426.572	2.0	trials	nogo_tone	4000.0	80.0	3426.572	0.1	True	5.0	3427.572	0.01	False					nolight	0.0	nan	False		False	3.0
3438.032	2.0	trials	nogo_tone	4000.0	80.0	3438.032	0.1	False				False					nolight	0.0	nan	False		False	4.0
3452.234	2.0	trials	nogo_tone	4000.0	80.0	3452.234	0.1	False				False					nolight	0.0	nan	False		False	4.0
3463.542	2.0	trials	go_tone	8000.0	80.0	3463.542	0.1	False				True	100.0	12.0	3463.942	3464.4919999999997	delay	550.0	wS2	True	3466.41	False	2.0
3490.473	2.0	trials	go_tone	8000.0	80.0	3490.473	0.1	True	5.0	3491.473	0.01	False					nolight	0.0	nan	True	3493.1459999999997	False	1.0
3501.903	2.0	trials	go_tone	8000.0	80.0	3501.903	0.1	False				True	100.0	12.0	3502.303	3502.8529999999996	delay	550.0	wS2	True	3504.6429999999996	False	2.0
3529.168	2.0	trials	go_tone	8000.0	80.0	3529.168	0.1	True	5.0	3530.168	0.01	True	100.0	12.0	3529.568	3530.118	delay	550.0	wS2	True	3531.891	False	1.0
3539.784	2.0	trials	go_tone	8000.0	80.0	3539.784	0.1	False				False					nolight	0.0	nan	False		False	2.0
3550.694	2.0	trials	nogo_tone	4000.0	80.0	3550.694	0.1	True	5.0	3551.694	0.01	False					nolight	0.0	nan	True	3552.324	True	3.0
3566.334	2.0	trials	nogo_tone	4000.0	80.0	3566.334	0.1	True	5.0	3567.334	0.01	False					nolight	0.0	nan	True	3569.154	False	3.0
3593.725	2.0	trials	nogo_tone	4000.0	80.0	3593.725	0.1	True	5.0	3594.725	0.01	False					nolight	0.0	nan	False		False	3.0
3604.625	2.0	trials	no_tone					True	5.0	3605.625	0.01	True	100.0	12.0	3605.025	3605.575	delay	550.0	wS2	False		False	5.0
3615.695	2.0	trials	go_tone	8000.0	80.0	3615.695	0.1	False				False					nolight	0.0	nan	True	3617.985	True	2.0
3631.985	2.0	trials	go_tone	8000.0	80.0	3631.985	0.1	False				False					nolight	0.0	nan	False		False	2.0
3642.986	2.0	trials	go_tone	8000.0	80.0	3642.986	0.1	False				True	100.0	12.0	3643.386	3643.9359999999997	delay	550.0	wS2	False		False	2.0
3653.968	2.0	trials	go_tone	8000.0	80.0	3653.968	0.1	True	5.0	3654.968	0.01	True	100.0	12.0	3654.368	3654.9179999999997	delay	550.0	wS2	True	3656.7929999999997	False	1.0
3665.291	2.0	trials	nogo_tone	4000.0	80.0	3665.291	0.1	True	5.0	3666.291	0.01	True	100.0	12.0	3665.6910000000003	3666.241	delay	550.0	wS2	False		False	3.0
3676.36	2.0	trials	go_tone	8000.0	80.0	3676.36	0.1	False				False					nolight	0.0	nan	False		False	2.0
3687.136	2.0	trials	go_tone	8000.0	80.0	3687.136	0.1	False				False					nolight	0.0	nan	False		False	2.0
3698.607	2.0	trials	no_tone					True	5.0	3699.607	0.01	False					nolight	0.0	nan	True	3701.334	False	5.0
3726.127	2.0	trials	no_tone					True	5.0	3727.127	0.01	False					nolight	0.0	nan	True	3728.808	False	5.0
3752.838	2.0	trials	no_tone					True	5.0	3753.838	0.01	True	100.0	12.0	3753.2380000000003	3753.788	delay	550.0	wS2	False		False	5.0
3764.368	2.0	trials	nogo_tone	4000.0	80.0	3764.368	0.1	True	5.0	3765.368	0.01	True	100.0	12.0	3764.768	3765.3179999999998	delay	550.0	wS2	False		False	3.0
3774.968	2.0	trials	go_tone	8000.0	80.0	3774.968	0.1	False				False					nolight	0.0	nan	False		False	2.0
3786.518	2.0	trials	go_tone	8000.0	80.0	3786.518	0.1	True	5.0	3787.518	0.01	False					nolight	0.0	nan	True	3789.21	False	1.0
3797.228	2.0	trials	go_tone	8000.0	80.0	3797.228	0.1	True	5.0	3798.228	0.01	False					nolight	0.0	nan	True	3799.85	False	1.0
3808.375	2.0	trials	nogo_tone	4000.0	80.0	3808.375	0.1	False				True	100.0	12.0	3808.775	3809.325	delay	550.0	wS2	False		False	4.0
3819.789	2.0	trials	nogo_tone	4000.0	80.0	3819.789	0.1	True	5.0	3820.789	0.01	False					nolight	0.0	nan	False		False	3.0
3830.759	2.0	trials	nogo_tone	4000.0	80.0	3830.759	0.1	False				False					nolight	0.0	nan	False		False	4.0
3841.849	2.0	trials	go_tone	8000.0	80.0	3841.849	0.1	True	5.0	3842.849	0.01	False					nolight	0.0	nan	True	3844.518	False	1.0
3852.759	2.0	trials	no_tone					True	5.0	3853.759	0.01	False					nolight	0.0	nan	True	3855.414	False	5.0
3879.98	2.0	trials	no_tone					True	5.0	3880.98	0.01	False					nolight	0.0	nan	False		False	5.0
3891.37	2.0	trials	no_tone					True	5.0	3892.37	0.01	True	100.0	12.0	3891.77	3892.3199999999997	delay	550.0	wS2	False		False	5.0
3902.46	2.0	trials	nogo_tone	4000.0	80.0	3902.46	0.1	True	5.0	3903.46	0.01	False					nolight	0.0	nan	False		False	3.0
3913.72	2.0	trials	nogo_tone	4000.0	80.0	3913.72	0.1	True	5.0	3914.72	0.01	False					nolight	0.0	nan	False		False	3.0
3924.651	2.0	trials	no_tone					True	5.0	3925.651	0.01	False					nolight	0.0	nan	False		False	5.0
3936.031	2.0	trials	go_tone	8000.0	80.0	3936.031	0.1	False				False					nolight	0.0	nan	True	3939.279	False	2.0
3963.151	2.0	trials	go_tone	8000.0	80.0	3963.151	0.1	True	5.0	3964.151	0.01	False					nolight	0.0	nan	True	3965.923	False	1.0
3974.681	2.0	trials	go_tone	8000.0	80.0	3974.681	0.1	False				False					nolight	0.0	nan	False		False	2.0
3986.184	2.0	trials	go_tone	8000.0	80.0	3986.184	0.1	True	5.0	3987.184	0.01	True	100.0	12.0	3986.5840000000003	3987.134	delay	550.0	wS2	True	3988.809	False	1.0
3996.912	2.0	trials	nogo_tone	4000.0	80.0	3996.912	0.1	True	5.0	3997.912	0.01	False					nolight	0.0	nan	True	3999.5989999999997	False	3.0
4023.842	2.0	trials	go_tone	8000.0	80.0	4023.842	0.1	False				False					nolight	0.0	nan	True	4026.739	False	2.0
4050.953	2.0	trials	nogo_tone	4000.0	80.0	4050.953	0.1	True	5.0	4051.953	0.01	True	100.0	12.0	4051.353	4051.903	delay	550.0	wS2	True	4053.809	False	3.0
4078.503	2.0	trials	go_tone	8000.0	80.0	4078.503	0.1	True	5.0	4079.503	0.01	False					nolight	0.0	nan	True	4081.527	False	1.0
4089.523	2.0	trials	nogo_tone	4000.0	80.0	4089.523	0.1	False				True	100.0	12.0	4089.9230000000002	4090.473	delay	550.0	wS2	False		False	4.0
4100.864	2.0	trials	go_tone	8000.0	80.0	4100.864	0.1	False				False					nolight	0.0	nan	True	4103.552	False	2.0
4128.084	2.0	trials	nogo_tone	4000.0	80.0	4128.084	0.1	False				False					nolight	0.0	nan	False		False	4.0
4139.325	2.0	trials	go_tone	8000.0	80.0	4139.325	0.1	True	5.0	4140.325	0.01	False					nolight	0.0	nan	True	4142.008	False	1.0
4150.805	2.0	trials	no_tone					True	5.0	4151.805	0.01	True	100.0	12.0	4151.205	4151.755	delay	550.0	wS2	True	4153.521000000001	False	5.0
4177.585	2.0	trials	no_tone					True	5.0	4178.585	0.01	False					nolight	0.0	nan	False		False	5.0
4188.365	2.0	trials	go_tone	8000.0	80.0	4188.365	0.1	False				False					nolight	0.0	nan	True	4191.1849999999995	False	2.0
4215.236	2.0	trials	nogo_tone	4000.0	80.0	4215.236	0.1	True	5.0	4216.236	0.01	False					nolight	0.0	nan	False		False	3.0
4226.396	2.0	trials	go_tone	8000.0	80.0	4226.396	0.1	False				True	100.0	12.0	4226.795999999999	4227.346	delay	550.0	wS2	True	4229.062	False	2.0
4253.386	2.0	trials	go_tone	8000.0	80.0	4253.386	0.1	False				True	100.0	12.0	4253.786	4254.336	delay	550.0	wS2	False		False	2.0
4264.437	2.0	trials	go_tone	8000.0	80.0	4264.437	0.1	True	5.0	4265.437	0.01	True	100.0	12.0	4264.8369999999995	4265.387	delay	550.0	wS2	True	4267.062	False	1.0
4275.477	2.0	trials	go_tone	8000.0	80.0	4275.477	0.1	False				False					nolight	0.0	nan	False		False	2.0
4286.967	2.0	trials	go_tone	8000.0	80.0	4286.967	0.1	False				True	100.0	12.0	4287.366999999999	4287.9169999999995	delay	550.0	wS2	False		False	2.0
4298.137	2.0	trials	nogo_tone	4000.0	80.0	4298.137	0.1	True	5.0	4299.137	0.01	True	100.0	12.0	4298.536999999999	4299.0869999999995	delay	550.0	wS2	True	4300.786999999999	False	3.0
4324.738	2.0	trials	go_tone	8000.0	80.0	4324.738	0.1	False				False					nolight	0.0	nan	True	4327.169	True	2.0
4341.178	2.0	trials	go_tone	8000.0	80.0	4341.178	0.1	False				False					nolight	0.0	nan	True	4343.974	False	2.0
4367.969	2.0	trials	go_tone	8000.0	80.0	4367.969	0.1	False				False					nolight	0.0	nan	True	4370.7210000000005	False	2.0
4394.949	2.0	trials	go_tone	8000.0	80.0	4394.949	0.1	True	5.0	4395.949	0.01	False					nolight	0.0	nan	True	4397.584	False	1.0
4406.289	2.0	trials	go_tone	8000.0	80.0	4406.289	0.1	False				True	100.0	12.0	4406.688999999999	4407.239	delay	550.0	wS2	True	4408.960999999999	False	2.0
4433.15	2.0	trials	go_tone	8000.0	80.0	4433.15	0.1	False				False					nolight	0.0	nan	True	4435.998	False	2.0
4460.32	2.0	trials	nogo_tone	4000.0	80.0	4460.32	0.1	True	5.0	4461.32	0.01	False					nolight	0.0	nan	False		False	3.0
4471.64	2.0	trials	no_tone					True	5.0	4472.64	0.01	False					nolight	0.0	nan	False		False	5.0
4483.131	2.0	trials	go_tone	8000.0	80.0	4483.131	0.1	True	5.0	4484.131	0.01	False					nolight	0.0	nan	True	4485.808	False	1.0
4493.821	2.0	trials	go_tone	8000.0	80.0	4493.821	0.1	True	5.0	4494.821	0.01	True	100.0	12.0	4494.221	4494.771	delay	550.0	wS2	True	4496.438	False	1.0
4505.261	2.0	trials	nogo_tone	4000.0	80.0	4505.261	0.1	True	5.0	4506.261	0.01	True	100.0	12.0	4505.661	4506.211	delay	550.0	wS2	True	4507.884	False	3.0
4533.092	2.0	trials	no_tone					True	5.0	4534.092	0.01	False					nolight	0.0	nan	False		False	5.0
4544.562	2.0	trials	go_tone	8000.0	80.0	4544.562	0.1	True	5.0	4545.562	0.01	False					nolight	0.0	nan	True	4547.407	False	1.0
4555.416	2.0	trials	nogo_tone	4000.0	80.0	4555.416	0.1	True	5.0	4556.416	0.01	False					nolight	0.0	nan	False		False	3.0
4566.542	2.0	trials	go_tone	8000.0	80.0	4566.542	0.1	False				False					nolight	0.0	nan	True	4569.229	False	2.0
4593.203	2.0	trials	go_tone	8000.0	80.0	4593.203	0.1	False				True	100.0	12.0	4593.603	4594.153	delay	550.0	wS2	True	4595.923000000001	False	2.0
4620.693	2.0	trials	nogo_tone	4000.0	80.0	4620.693	0.1	False				False					nolight	0.0	nan	False		False	4.0
4631.713	2.0	trials	go_tone	8000.0	80.0	4631.713	0.1	True	5.0	4632.713	0.01	True	100.0	12.0	4632.112999999999	4632.663	delay	550.0	wS2	True	4634.4349999999995	False	1.0
4642.503	2.0	trials	no_tone					True	5.0	4643.503	0.01	True	100.0	12.0	4642.902999999999	4643.4529999999995	delay	550.0	wS2	True	4645.156	False	5.0
4669.808	2.0	trials	go_tone	8000.0	80.0	4669.808	0.1	False				False					nolight	0.0	nan	True	4672.652	False	2.0
4696.885	2.0	trials	no_tone					True	5.0	4697.885	0.01	False					nolight	0.0	nan	False		False	5.0
4707.565	2.0	trials	nogo_tone	4000.0	80.0	4707.565	0.1	False				True	100.0	12.0	4707.964999999999	4708.514999999999	delay	550.0	wS2	True	4709.224999999999	True	4.0
4723.225	2.0	trials	nogo_tone	4000.0	80.0	4723.225	0.1	False				True	100.0	12.0	4723.625	4724.175	delay	550.0	wS2	False		False	4.0
4734.615	2.0	trials	no_tone					True	5.0	4735.615	0.01	False					nolight	0.0	nan	True	4737.303	False	5.0
4761.785	2.0	trials	go_tone	8000.0	80.0	4761.785	0.1	False				False					nolight	0.0	nan	True	4763.985	True	2.0
4777.986	2.0	trials	go_tone	8000.0	80.0	4777.986	0.1	False				False					nolight	0.0	nan	False		False	2.0
4788.816	2.0	trials	nogo_tone	4000.0	80.0	4788.816	0.1	False				False					nolight	0.0	nan	False		False	4.0
4799.856	2.0	trials	nogo_tone	4000.0	80.0	4799.856	0.1	True	5.0	4800.856	0.01	False					nolight	0.0	nan	False		False	3.0
4810.736	2.0	trials	nogo_tone	4000.0	80.0	4810.736	0.1	True	5.0	4811.736	0.01	True	100.0	12.0	4811.1359999999995	4811.686	delay	550.0	wS2	False		False	3.0
4822.226	2.0	trials	nogo_tone	4000.0	80.0	4822.226	0.1	True	5.0	4823.226	0.01	False					nolight	0.0	nan	True	4824.959	False	3.0
4851.947	2.0	trials	no_tone					True	5.0	4852.947	0.01	True	100.0	12.0	4852.347	4852.897	delay	550.0	wS2	False		False	5.0
4862.877	2.0	trials	go_tone	8000.0	80.0	4862.877	0.1	False				True	100.0	12.0	4863.277	4863.827	delay	550.0	wS2	True	4865.548000000001	False	2.0
4890.018	2.0	trials	go_tone	8000.0	80.0	4890.018	0.1	True	5.0	4891.018	0.01	False					nolight	0.0	nan	True	4892.684	False	1.0
4930.116	2.0	trials	go_tone	8000.0	80.0	4930.116	0.1	True	5.0	4931.116	0.01	False					nolight	0.0	nan	True	4931.256	True	1.0
4945.259	2.0	trials	go_tone	8000.0	80.0	4945.259	0.1	True	5.0	4946.259	0.01	False					nolight	0.0	nan	True	4947.95	False	1.0
4956.759	2.0	trials	no_tone					True	5.0	4957.759	0.01	False					nolight	0.0	nan	False		False	5.0
4967.999	2.0	trials	go_tone	8000.0	80.0	4967.999	0.1	False				False					nolight	0.0	nan	False		False	2.0
4979.539	2.0	trials	go_tone	8000.0	80.0	4979.539	0.1	True	5.0	4980.539	0.01	False					nolight	0.0	nan	True	4982.378	False	1.0
4990.61	2.0	trials	go_tone	8000.0	80.0	4990.61	0.1	False				True	100.0	12.0	4991.009999999999	4991.5599999999995	delay	550.0	wS2	True	4993.235	False	2.0
5017.78	2.0	trials	go_tone	8000.0	80.0	5017.78	0.1	True	5.0	5018.78	0.01	False					nolight	0.0	nan	True	5020.602	False	1.0
5029.16	2.0	trials	nogo_tone	4000.0	80.0	5029.16	0.1	True	5.0	5030.16	0.01	False					nolight	0.0	nan	True	5031.857	False	3.0
5056.411	2.0	trials	nogo_tone	4000.0	80.0	5056.411	0.1	True	5.0	5057.411	0.01	False					nolight	0.0	nan	True	5059.153	False	3.0
5083.731	2.0	trials	go_tone	8000.0	80.0	5083.731	0.1	False				False					nolight	0.0	nan	False		False	2.0
5094.511	2.0	trials	nogo_tone	4000.0	80.0	5094.511	0.1	True	5.0	5095.511	0.01	False					nolight	0.0	nan	False		False	3.0
5105.832	2.0	trials	nogo_tone	4000.0	80.0	5105.832	0.1	False				False					nolight	0.0	nan	False		False	4.0
5116.832	2.0	trials	go_tone	8000.0	80.0	5116.832	0.1	False				False					nolight	0.0	nan	True	5119.548000000001	False	2.0
5144.179	2.0	trials	go_tone	8000.0	80.0	5144.179	0.1	False				False					nolight	0.0	nan	True	5147.156	False	2.0
5171.553	2.0	trials	nogo_tone	4000.0	80.0	5171.553	0.1	True	5.0	5172.553	0.01	True	100.0	12.0	5171.9529999999995	5172.503	delay	550.0	wS2	True	5174.227	False	3.0
5198.163	2.0	trials	nogo_tone	4000.0	80.0	5198.163	0.1	True	5.0	5199.163	0.01	True	100.0	12.0	5198.562999999999	5199.112999999999	delay	550.0	wS2	False		False	3.0
5209.073	2.0	trials	nogo_tone	4000.0	80.0	5209.073	0.1	False				False					nolight	0.0	nan	False		False	4.0
5220.534	2.0	trials	go_tone	8000.0	80.0	5220.534	0.1	False				True	100.0	12.0	5220.933999999999	5221.4839999999995	delay	550.0	wS2	False		False	2.0
5231.244	2.0	trials	go_tone	8000.0	80.0	5231.244	0.1	True	5.0	5232.244	0.01	False					nolight	0.0	nan	True	5233.866	False	1.0
5242.744	2.0	trials	go_tone	8000.0	80.0	5242.744	0.1	False				True	100.0	12.0	5243.143999999999	5243.6939999999995	delay	550.0	wS2	True	5245.766	False	2.0
5269.935	2.0	trials	go_tone	8000.0	80.0	5269.935	0.1	True	5.0	5270.935	0.01	True	100.0	12.0	5270.335	5270.885	delay	550.0	wS2	True	5272.688	False	1.0
5280.595	2.0	trials	no_tone					True	5.0	5281.595	0.01	True	100.0	12.0	5280.995	5281.545	delay	550.0	wS2	True	5283.3240000000005	False	5.0
5307.495	2.0	trials	go_tone	8000.0	80.0	5307.495	0.1	True	5.0	5308.495	0.01	True	100.0	12.0	5307.8949999999995	5308.445	delay	550.0	wS2	True	5310.229	False	1.0
5318.656	2.0	trials	nogo_tone	4000.0	80.0	5318.656	0.1	False				True	100.0	12.0	5319.056	5319.606	delay	550.0	wS2	False		False	4.0
5329.896	2.0	trials	go_tone	8000.0	80.0	5329.896	0.1	False				False					nolight	0.0	nan	True	5332.695	False	2.0
5357.246	2.0	trials	go_tone	8000.0	80.0	5357.246	0.1	False				False					nolight	0.0	nan	True	5359.586	True	2.0
5373.596	2.0	trials	go_tone	8000.0	80.0	5373.596	0.1	False				False					nolight	0.0	nan	True	5376.28	False	2.0
5400.843	2.0	trials	no_tone					True	5.0	5401.843	0.01	False					nolight	0.0	nan	True	5403.5	False	5.0
5457.439	2.0	trials	no_tone					True	5.0	5458.439	0.01	True	100.0	12.0	5457.839	5458.389	delay	550.0	wS2	True	5460.1630000000005	False	5.0
5484.73	2.0	trials	no_tone					True	5.0	5485.73	0.01	False					nolight	0.0	nan	True	5487.4	False	5.0
5511.819	2.0	trials	nogo_tone	4000.0	80.0	5511.819	0.1	True	5.0	5512.819	0.01	False					nolight	0.0	nan	True	5514.557000000001	False	3.0
5538.749	2.0	trials	no_tone					True	5.0	5539.749	0.01	False					nolight	0.0	nan	True	5541.436	False	5.0
5565.83	2.0	trials	go_tone	8000.0	80.0	5565.83	0.1	False				True	100.0	12.0	5566.23	5566.78	delay	550.0	wS2	False		False	2.0
5577.2	2.0	trials	nogo_tone	4000.0	80.0	5577.2	0.1	False				True	100.0	12.0	5577.599999999999	5578.15	delay	550.0	wS2	False		False	4.0
5587.95	2.0	trials	no_tone					True	5.0	5588.95	0.01	False					nolight	0.0	nan	False		False	5.0
5598.82	2.0	trials	go_tone	8000.0	80.0	5598.82	0.1	True	5.0	5599.82	0.01	False					nolight	0.0	nan	True	5601.599999999999	False	1.0
5610.141	2.0	trials	nogo_tone	4000.0	80.0	5610.141	0.1	True	5.0	5611.141	0.01	False					nolight	0.0	nan	False		False	3.0
5620.791	2.0	trials	nogo_tone	4000.0	80.0	5620.791	0.1	True	5.0	5621.791	0.01	False					nolight	0.0	nan	False		False	3.0
5632.001	2.0	trials	nogo_tone	4000.0	80.0	5632.001	0.1	False				False					nolight	0.0	nan	False		False	4.0
5643.391	2.0	trials	go_tone	8000.0	80.0	5643.391	0.1	True	5.0	5644.391	0.01	True	100.0	12.0	5643.790999999999	5644.340999999999	delay	550.0	wS2	True	5646.089999999999	False	1.0
5653.962	2.0	trials	go_tone	8000.0	80.0	5653.962	0.1	True	5.0	5654.962	0.01	False					nolight	0.0	nan	True	5656.644	False	1.0
5665.012	2.0	trials	go_tone	8000.0	80.0	5665.012	0.1	False				True	100.0	12.0	5665.411999999999	5665.9619999999995	delay	550.0	wS2	False		False	2.0
5675.702	2.0	trials	nogo_tone	4000.0	80.0	5675.702	0.1	False				False					nolight	0.0	nan	False		False	4.0
5686.618	2.0	trials	no_tone					True	5.0	5687.618	0.01	False					nolight	0.0	nan	False		False	5.0
5697.696	2.0	trials	nogo_tone	4000.0	80.0	5697.696	0.1	True	5.0	5698.696	0.01	False					nolight	0.0	nan	False		False	3.0
5709.013	2.0	trials	no_tone					True	5.0	5710.013	0.01	True	100.0	12.0	5709.413	5709.963	delay	550.0	wS2	True	5711.701	False	5.0
5735.753	2.0	trials	go_tone	8000.0	80.0	5735.753	0.1	False				False					nolight	0.0	nan	False		False	2.0
5746.383	2.0	trials	no_tone					True	5.0	5747.383	0.01	False					nolight	0.0	nan	False		False	5.0
5757.723	2.0	trials	nogo_tone	4000.0	80.0	5757.723	0.1	True	5.0	5758.723	0.01	False					nolight	0.0	nan	True	5760.642	False	3.0
5784.384	2.0	trials	go_tone	8000.0	80.0	5784.384	0.1	False				False					nolight	0.0	nan	True	5787.515	False	2.0
5811.144	2.0	trials	go_tone	8000.0	80.0	5811.144	0.1	False				False					nolight	0.0	nan	True	5813.996	False	2.0
5838.345	2.0	trials	go_tone	8000.0	80.0	5838.345	0.1	False				False					nolight	0.0	nan	True	5840.965	False	2.0
5865.315	2.0	trials	no_tone					True	5.0	5866.315	0.01	False					nolight	0.0	nan	False		False	5.0
5876.042	2.0	trials	no_tone					True	5.0	5877.042	0.01	True	100.0	12.0	5876.442	5876.992	delay	550.0	wS2	False		False	5.0
5886.846	2.0	trials	go_tone	8000.0	80.0	5886.846	0.1	False				False					nolight	0.0	nan	True	5889.396	True	2.0
5903.406	2.0	trials	go_tone	8000.0	80.0	5903.406	0.1	False				False					nolight	0.0	nan	True	5906.376	False	2.0
5930.756	2.0	trials	go_tone	8000.0	80.0	5930.756	0.1	False				True	100.0	12.0	5931.156	5931.706	delay	550.0	wS2	False		False	2.0
5941.616	2.0	trials	go_tone	8000.0	80.0	5941.616	0.1	False				False					nolight	0.0	nan	True	5944.164	False	2.0
5969.037	2.0	trials	nogo_tone	4000.0	80.0	5969.037	0.1	True	5.0	5970.037	0.01	True	100.0	12.0	5969.437	5969.987	delay	550.0	wS2	False		False	3.0
5980.557	2.0	trials	go_tone	8000.0	80.0	5980.557	0.1	True	5.0	5981.557	0.01	True	100.0	12.0	5980.956999999999	5981.507	delay	550.0	wS2	True	5983.218	False	1.0
5991.273	2.0	trials	go_tone	8000.0	80.0	5991.273	0.1	True	5.0	5992.273	0.01	False					nolight	0.0	nan	True	5993.925	False	1.0
6002.325	2.0	trials	go_tone	8000.0	80.0	6002.325	0.1	True	5.0	6003.325	0.01	False					nolight	0.0	nan	True	6004.706999999999	True	1.0
6018.708	2.0	trials	go_tone	8000.0	80.0	6018.708	0.1	True	5.0	6019.708	0.01	False					nolight	0.0	nan	True	6020.833	True	1.0
6034.838	2.0	trials	go_tone	8000.0	80.0	6034.838	0.1	True	5.0	6035.838	0.01	False					nolight	0.0	nan	True	6037.503	False	1.0
6045.785	2.0	trials	nogo_tone	4000.0	80.0	6045.785	0.1	True	5.0	6046.785	0.01	True	100.0	12.0	6046.1849999999995	6046.735	delay	550.0	wS2	True	6048.469	False	3.0
6072.819	2.0	trials	nogo_tone	4000.0	80.0	6072.819	0.1	False				False					nolight	0.0	nan	False		False	4.0
6083.669	2.0	trials	go_tone	8000.0	80.0	6083.669	0.1	False				False					nolight	0.0	nan	False		False	2.0
6094.43	2.0	trials	go_tone	8000.0	80.0	6094.43	0.1	False				False					nolight	0.0	nan	True	6097.326	False	2.0
6121.31	2.0	trials	go_tone	8000.0	80.0	6121.31	0.1	True	5.0	6122.31	0.01	True	100.0	12.0	6121.71	6122.26	delay	550.0	wS2	True	6123.948	False	1.0
6132.411	2.0	trials	go_tone	8000.0	80.0	6132.411	0.1	False				False					nolight	0.0	nan	True	6134.79	True	2.0
6150.54	2.0	trials	go_tone	8000.0	80.0	6150.54	0.1	False				False					nolight	0.0	nan	False		False	2.0
6161.73	2.0	trials	no_tone					True	5.0	6162.73	0.01	True	100.0	12.0	6162.129999999999	6162.679999999999	delay	550.0	wS2	True	6164.380999999999	False	5.0
6188.701	2.0	trials	go_tone	8000.0	80.0	6188.701	0.1	False				True	100.0	12.0	6189.101	6189.651	delay	550.0	wS2	True	6191.337	False	2.0
6215.572	2.0	trials	nogo_tone	4000.0	80.0	6215.572	0.1	True	5.0	6216.572	0.01	True	100.0	12.0	6215.972	6216.522	delay	550.0	wS2	False		False	3.0
6226.772	2.0	trials	go_tone	8000.0	80.0	6226.772	0.1	False				True	100.0	12.0	6227.172	6227.722	delay	550.0	wS2	False		False	2.0
6237.762	2.0	trials	nogo_tone	4000.0	80.0	6237.762	0.1	False				True	100.0	12.0	6238.161999999999	6238.7119999999995	delay	550.0	wS2	False		False	4.0
6248.353	2.0	trials	nogo_tone	4000.0	80.0	6248.353	0.1	True	5.0	6249.353	0.01	True	100.0	12.0	6248.753	6249.303	delay	550.0	wS2	False		False	3.0
6259.902	2.0	trials	go_tone	8000.0	80.0	6259.902	0.1	True	5.0	6260.902	0.01	False					nolight	0.0	nan	True	6262.521	False	1.0
6271.262	2.0	trials	nogo_tone	4000.0	80.0	6271.262	0.1	False				False					nolight	0.0	nan	False		False	4.0
6281.983	2.0	trials	go_tone	8000.0	80.0	6281.983	0.1	True	5.0	6282.983	0.01	False					nolight	0.0	nan	True	6284.6320000000005	False	1.0
6293.083	2.0	trials	no_tone					True	5.0	6294.083	0.01	False					nolight	0.0	nan	False		False	5.0
6304.483	2.0	trials	go_tone	8000.0	80.0	6304.483	0.1	False				False					nolight	0.0	nan	True	6306.914	True	2.0
6320.923	2.0	trials	go_tone	8000.0	80.0	6320.923	0.1	False				False					nolight	0.0	nan	True	6323.476	False	2.0
6347.664	2.0	trials	no_tone					True	5.0	6348.664	0.01	False					nolight	0.0	nan	True	6350.346	False	5.0
6374.694	2.0	trials	nogo_tone	4000.0	80.0	6374.694	0.1	True	5.0	6375.694	0.01	False					nolight	0.0	nan	False		False	3.0
6385.814	2.0	trials	nogo_tone	4000.0	80.0	6385.814	0.1	True	5.0	6386.814	0.01	False					nolight	0.0	nan	False		False	3.0
6396.385	2.0	trials	no_tone					True	5.0	6397.385	0.01	False					nolight	0.0	nan	False		False	5.0
6407.535	2.0	trials	no_tone					True	5.0	6408.535	0.01	True	100.0	12.0	6407.9349999999995	6408.485	delay	550.0	wS2	False		False	5.0
6418.906	2.0	trials	nogo_tone	4000.0	80.0	6418.906	0.1	True	5.0	6419.906	0.01	False					nolight	0.0	nan	False		False	3.0
6429.515	2.0	trials	no_tone					True	5.0	6430.515	0.01	False					nolight	0.0	nan	True	6432.198	False	5.0
6456.586	2.0	trials	go_tone	8000.0	80.0	6456.586	0.1	True	5.0	6457.586	0.01	True	100.0	12.0	6456.986	6457.536	delay	550.0	wS2	True	6459.244000000001	False	1.0
6467.546	2.0	trials	go_tone	8000.0	80.0	6467.546	0.1	True	5.0	6468.546	0.01	False					nolight	0.0	nan	True	6469.936000000001	True	1.0
6483.936	2.0	trials	go_tone	8000.0	80.0	6483.936	0.1	True	5.0	6484.936	0.01	False					nolight	0.0	nan	True	6486.5779999999995	False	1.0
6495.127	2.0	trials	go_tone	8000.0	80.0	6495.127	0.1	False				True	100.0	12.0	6495.527	6496.077	delay	550.0	wS2	False		False	2.0
6506.633	2.0	trials	go_tone	8000.0	80.0	6506.633	0.1	True	5.0	6507.633	0.01	False					nolight	0.0	nan	True	6509.394	False	1.0
6517.777	2.0	trials	nogo_tone	4000.0	80.0	6517.777	0.1	True	5.0	6518.777	0.01	False					nolight	0.0	nan	False		False	3.0
6529.087	2.0	trials	go_tone	8000.0	80.0	6529.087	0.1	False				False					nolight	0.0	nan	True	6531.818	False	2.0
6556.438	2.0	trials	go_tone	8000.0	80.0	6556.438	0.1	False				False					nolight	0.0	nan	True	6559.2210000000005	False	2.0
6583.722	2.0	trials	nogo_tone	4000.0	80.0	6583.722	0.1	False				False					nolight	0.0	nan	False		False	4.0
6595.028	2.0	trials	go_tone	8000.0	80.0	6595.028	0.1	False				True	100.0	12.0	6595.428	6595.978	delay	550.0	wS2	False		False	2.0
6606.418	2.0	trials	go_tone	8000.0	80.0	6606.418	0.1	True	5.0	6607.418	0.01	False					nolight	0.0	nan	True	6608.982999999999	False	1.0
6617.109	2.0	trials	go_tone	8000.0	80.0	6617.109	0.1	True	5.0	6618.109	0.01	False					nolight	0.0	nan	True	6619.734	False	1.0
6627.969	2.0	trials	go_tone	8000.0	80.0	6627.969	0.1	True	5.0	6628.969	0.01	False					nolight	0.0	nan	True	6630.634	False	1.0
6638.839	2.0	trials	nogo_tone	4000.0	80.0	6638.839	0.1	True	5.0	6639.839	0.01	False					nolight	0.0	nan	True	6641.524	False	3.0
6666.209	2.0	trials	no_tone					True	5.0	6667.209	0.01	True	100.0	12.0	6666.6089999999995	6667.159	delay	550.0	wS2	False		False	5.0
6677.21	2.0	trials	no_tone					True	5.0	6678.21	0.01	False					nolight	0.0	nan	False		False	5.0
6688.0	2.0	trials	go_tone	8000.0	80.0	6688.0	0.1	True	5.0	6689.0	0.01	True	100.0	12.0	6688.4	6688.95	delay	550.0	wS2	True	6690.635	False	1.0
6699.09	2.0	trials	no_tone					True	5.0	6700.09	0.01	True	100.0	12.0	6699.49	6700.04	delay	550.0	wS2	False		False	5.0
6710.17	2.0	trials	nogo_tone	4000.0	80.0	6710.17	0.1	False				True	100.0	12.0	6710.57	6711.12	delay	550.0	wS2	False		False	4.0
6721.477	2.0	trials	go_tone	8000.0	80.0	6721.477	0.1	False				False					nolight	0.0	nan	True	6723.501	True	2.0
6737.511	2.0	trials	go_tone	8000.0	80.0	6737.511	0.1	False				False					nolight	0.0	nan	True	6739.881	True	2.0
6753.882	2.0	trials	go_tone	8000.0	80.0	6753.882	0.1	False				False					nolight	0.0	nan	False		False	2.0
6765.142	2.0	trials	no_tone					True	5.0	6766.142	0.01	False					nolight	0.0	nan	True	6767.777	False	5.0
6792.062	2.0	trials	nogo_tone	4000.0	80.0	6792.062	0.1	True	5.0	6793.062	0.01	True	100.0	12.0	6792.4619999999995	6793.012	delay	550.0	wS2	False		False	3.0
6802.812	2.0	trials	nogo_tone	4000.0	80.0	6802.812	0.1	True	5.0	6803.812	0.01	False					nolight	0.0	nan	False		False	3.0
6813.812	2.0	trials	nogo_tone	4000.0	80.0	6813.812	0.1	True	5.0	6814.812	0.01	False					nolight	0.0	nan	False		False	3.0
6824.842	2.0	trials	no_tone					True	5.0	6825.842	0.01	False					nolight	0.0	nan	False		False	5.0
6836.012	2.0	trials	go_tone	8000.0	80.0	6836.012	0.1	False				False					nolight	0.0	nan	True	6838.482	True	2.0
6852.483	2.0	trials	go_tone	8000.0	80.0	6852.483	0.1	False				False					nolight	0.0	nan	False		False	2.0
6864.013	2.0	trials	go_tone	8000.0	80.0	6864.013	0.1	False				True	100.0	12.0	6864.413	6864.963	delay	550.0	wS2	True	6865.7029999999995	True	2.0
6879.703	2.0	trials	go_tone	8000.0	80.0	6879.703	0.1	False				True	100.0	12.0	6880.103	6880.653	delay	550.0	wS2	False		False	2.0
6890.703	2.0	trials	go_tone	8000.0	80.0	6890.703	0.1	True	5.0	6891.703	0.01	True	100.0	12.0	6891.103	6891.653	delay	550.0	wS2	True	6893.469	False	1.0
6901.444	2.0	trials	nogo_tone	4000.0	80.0	6901.444	0.1	False				False					nolight	0.0	nan	False		False	4.0
6912.874	2.0	trials	go_tone	8000.0	80.0	6912.874	0.1	False				False					nolight	0.0	nan	True	6915.224	True	2.0
6929.234	2.0	trials	go_tone	8000.0	80.0	6929.234	0.1	False				False					nolight	0.0	nan	True	6931.981000000001	False	2.0
6956.215	2.0	trials	no_tone					True	5.0	6957.215	0.01	False					nolight	0.0	nan	True	6958.937	False	5.0
6983.215	2.0	trials	go_tone	8000.0	80.0	6983.215	0.1	False				False					nolight	0.0	nan	True	6985.857	False	2.0
7009.916	2.0	trials	nogo_tone	4000.0	80.0	7009.916	0.1	True	5.0	7010.916	0.01	True	100.0	12.0	7010.316	7010.866	delay	550.0	wS2	False		False	3.0
7020.716	2.0	trials	go_tone	8000.0	80.0	7020.716	0.1	False				False					nolight	0.0	nan	False		False	2.0
7031.786	2.0	trials	go_tone	8000.0	80.0	7031.786	0.1	True	5.0	7032.786	0.01	False					nolight	0.0	nan	True	7034.286	True	1.0
7048.286	2.0	trials	go_tone	8000.0	80.0	7048.286	0.1	True	5.0	7049.286	0.01	False					nolight	0.0	nan	True	7050.906	False	1.0
7059.226	2.0	trials	go_tone	8000.0	80.0	7059.226	0.1	False				False					nolight	0.0	nan	True	7061.766	True	2.0
7075.777	2.0	trials	go_tone	8000.0	80.0	7075.777	0.1	False				False					nolight	0.0	nan	True	7078.657	False	2.0
7102.947	2.0	trials	nogo_tone	4000.0	80.0	7102.947	0.1	True	5.0	7103.947	0.01	False					nolight	0.0	nan	False		False	3.0
7114.248	2.0	trials	go_tone	8000.0	80.0	7114.248	0.1	False				True	100.0	12.0	7114.647999999999	7115.197999999999	delay	550.0	wS2	False		False	2.0
7125.018	2.0	trials	go_tone	8000.0	80.0	7125.018	0.1	True	5.0	7126.018	0.01	False					nolight	0.0	nan	True	7127.696	False	1.0
7136.299	2.0	trials	nogo_tone	4000.0	80.0	7136.299	0.1	False				False					nolight	0.0	nan	False		False	4.0
7147.328	2.0	trials	go_tone	8000.0	80.0	7147.328	0.1	False				False					nolight	0.0	nan	False		False	2.0
7158.758	2.0	trials	no_tone					True	5.0	7159.758	0.01	True	100.0	12.0	7159.157999999999	7159.708	delay	550.0	wS2	False		False	5.0
7169.528	2.0	trials	go_tone	8000.0	80.0	7169.528	0.1	False				False					nolight	0.0	nan	True	7172.275000000001	False	2.0
7196.489	2.0	trials	go_tone	8000.0	80.0	7196.489	0.1	True	5.0	7197.489	0.01	False					nolight	0.0	nan	True	7199.482999999999	False	1.0
7207.994	2.0	trials	nogo_tone	4000.0	80.0	7207.994	0.1	False				True	100.0	12.0	7208.393999999999	7208.9439999999995	delay	550.0	wS2	False		False	4.0
7219.349	2.0	trials	nogo_tone	4000.0	80.0	7219.349	0.1	True	5.0	7220.349	0.01	False					nolight	0.0	nan	True	7222.268	False	3.0
7245.99	2.0	trials	go_tone	8000.0	80.0	7245.99	0.1	False				False					nolight	0.0	nan	True	7248.48	True	2.0
7262.48	2.0	trials	go_tone	8000.0	80.0	7262.48	0.1	False				False					nolight	0.0	nan	False		False	2.0
7273.31	2.0	trials	nogo_tone	4000.0	80.0	7273.31	0.1	True	5.0	7274.31	0.01	True	100.0	12.0	7273.71	7274.26	delay	550.0	wS2	True	7275.996	False	3.0
7300.271	2.0	trials	go_tone	8000.0	80.0	7300.271	0.1	False				True	100.0	12.0	7300.670999999999	7301.221	delay	550.0	wS2	False		False	2.0
7311.761	2.0	trials	no_tone					True	5.0	7312.761	0.01	False					nolight	0.0	nan	True	7314.493	False	5.0
7338.801	2.0	trials	go_tone	8000.0	80.0	7338.801	0.1	False				True	100.0	12.0	7339.201	7339.751	delay	550.0	wS2	False		False	2.0
7350.353	2.0	trials	nogo_tone	4000.0	80.0	7350.353	0.1	True	5.0	7351.353	0.01	False					nolight	0.0	nan	False		False	3.0
7361.282	2.0	trials	no_tone					True	5.0	7362.282	0.01	True	100.0	12.0	7361.682	7362.232	delay	550.0	wS2	False		False	5.0
7372.132	2.0	trials	nogo_tone	4000.0	80.0	7372.132	0.1	False				False					nolight	0.0	nan	False		False	4.0
7383.062	2.0	trials	go_tone	8000.0	80.0	7383.062	0.1	False				True	100.0	12.0	7383.4619999999995	7384.012	delay	550.0	wS2	False		False	2.0
7393.933	2.0	trials	go_tone	8000.0	80.0	7393.933	0.1	True	5.0	7394.933	0.01	False					nolight	0.0	nan	True	7396.588	False	1.0
7405.444	2.0	trials	nogo_tone	4000.0	80.0	7405.444	0.1	True	5.0	7406.444	0.01	False					nolight	0.0	nan	False		False	3.0
7416.314	2.0	trials	go_tone	8000.0	80.0	7416.314	0.1	False				False					nolight	0.0	nan	False		False	2.0
7427.584	2.0	trials	no_tone					True	5.0	7428.584	0.01	False					nolight	0.0	nan	True	7430.303	False	5.0
7454.703	2.0	trials	nogo_tone	4000.0	80.0	7454.703	0.1	True	5.0	7455.703	0.01	False					nolight	0.0	nan	True	7457.377	False	3.0
7481.794	2.0	trials	go_tone	8000.0	80.0	7481.794	0.1	True	5.0	7482.794	0.01	False					nolight	0.0	nan	True	7484.018	True	1.0
7498.031	2.0	trials	go_tone	8000.0	80.0	7498.031	0.1	True	5.0	7499.031	0.01	False					nolight	0.0	nan	True	7500.824	False	1.0
7509.175	2.0	trials	no_tone					True	5.0	7510.175	0.01	False					nolight	0.0	nan	True	7511.894	False	5.0
7536.305	2.0	trials	go_tone	8000.0	80.0	7536.305	0.1	False				False					nolight	0.0	nan	True	7538.83	True	2.0
7552.836	2.0	trials	go_tone	8000.0	80.0	7552.836	0.1	False				False					nolight	0.0	nan	True	7555.3060000000005	True	2.0
7569.306	2.0	trials	go_tone	8000.0	80.0	7569.306	0.1	False				False					nolight	0.0	nan	True	7571.861999999999	False	2.0
7596.046	2.0	trials	go_tone	8000.0	80.0	7596.046	0.1	True	5.0	7597.046	0.01	True	100.0	12.0	7596.446	7596.996	delay	550.0	wS2	True	7598.716	False	1.0
7607.036	2.0	trials	go_tone	8000.0	80.0	7607.036	0.1	True	5.0	7608.036	0.01	True	100.0	12.0	7607.436	7607.986	delay	550.0	wS2	True	7609.688	False	1.0
7617.896	2.0	trials	nogo_tone	4000.0	80.0	7617.896	0.1	True	5.0	7618.896	0.01	True	100.0	12.0	7618.295999999999	7618.846	delay	550.0	wS2	False		False	3.0
7628.777	2.0	trials	go_tone	8000.0	80.0	7628.777	0.1	False				False					nolight	0.0	nan	False		False	2.0
7639.437	2.0	trials	no_tone					True	5.0	7640.437	0.01	False					nolight	0.0	nan	False		False	5.0
7650.318	2.0	trials	no_tone					True	5.0	7651.318	0.01	False					nolight	0.0	nan	True	7653.0830000000005	False	5.0
7677.437	2.0	trials	no_tone					True	5.0	7678.437	0.01	False					nolight	0.0	nan	False		False	5.0
7688.5	2.0	trials	nogo_tone	4000.0	80.0	7688.5	0.1	True	5.0	7689.5	0.01	False					nolight	0.0	nan	False		False	3.0
7699.858	2.0	trials	go_tone	8000.0	80.0	7699.858	0.1	False				False					nolight	0.0	nan	True	7702.408	True	2.0
7716.41	2.0	trials	go_tone	8000.0	80.0	7716.41	0.1	False				False					nolight	0.0	nan	True	7719.63	False	2.0
7743.051	2.0	trials	go_tone	8000.0	80.0	7743.051	0.1	True	5.0	7744.051	0.01	False					nolight	0.0	nan	True	7745.703	False	1.0
7753.959	2.0	trials	go_tone	8000.0	80.0	7753.959	0.1	False				True	100.0	12.0	7754.3589999999995	7754.909	delay	550.0	wS2	True	7756.78	False	2.0
7781.189	2.0	trials	nogo_tone	4000.0	80.0	7781.189	0.1	False				False					nolight	0.0	nan	False		False	4.0
7791.85	2.0	trials	go_tone	8000.0	80.0	7791.85	0.1	False				True	100.0	12.0	7792.25	7792.8	delay	550.0	wS2	False		False	2.0
7802.99	2.0	trials	go_tone	8000.0	80.0	7802.99	0.1	True	5.0	7803.99	0.01	False					nolight	0.0	nan	True	7805.6089999999995	False	1.0
7814.47	2.0	trials	nogo_tone	4000.0	80.0	7814.47	0.1	True	5.0	7815.47	0.01	True	100.0	12.0	7814.87	7815.42	delay	550.0	wS2	False		False	3.0
7825.061	2.0	trials	go_tone	8000.0	80.0	7825.061	0.1	True	5.0	7826.061	0.01	True	100.0	12.0	7825.460999999999	7826.0109999999995	delay	550.0	wS2	True	7827.697999999999	False	1.0
7836.13	2.0	trials	go_tone	8000.0	80.0	7836.13	0.1	False				False					nolight	0.0	nan	True	7838.783	False	2.0
7863.291	2.0	trials	go_tone	8000.0	80.0	7863.291	0.1	False				False					nolight	0.0	nan	False		False	2.0
7874.451	2.0	trials	nogo_tone	4000.0	80.0	7874.451	0.1	True	5.0	7875.451	0.01	True	100.0	12.0	7874.851	7875.401	delay	550.0	wS2	False		False	3.0
7885.981	2.0	trials	nogo_tone	4000.0	80.0	7885.981	0.1	False				False					nolight	0.0	nan	False		False	4.0
7896.761	2.0	trials	go_tone	8000.0	80.0	7896.761	0.1	False				False					nolight	0.0	nan	False		False	2.0
7907.742	2.0	trials	go_tone	8000.0	80.0	7907.742	0.1	False				False					nolight	0.0	nan	False		False	2.0
7919.262	2.0	trials	nogo_tone	4000.0	80.0	7919.262	0.1	False				True	100.0	12.0	7919.661999999999	7920.2119999999995	delay	550.0	wS2	False		False	4.0
7929.832	2.0	trials	nogo_tone	4000.0	80.0	7929.832	0.1	True	5.0	7930.832	0.01	False					nolight	0.0	nan	False		False	3.0
7941.373	2.0	trials	no_tone					True	5.0	7942.373	0.01	False					nolight	0.0	nan	False		False	5.0
7952.353	2.0	trials	nogo_tone	4000.0	80.0	7952.353	0.1	True	5.0	7953.353	0.01	False					nolight	0.0	nan	False		False	3.0
7963.754	2.0	trials	go_tone	8000.0	80.0	7963.754	0.1	False				False					nolight	0.0	nan	False		False	2.0
7975.281	2.0	trials	go_tone	8000.0	80.0	7975.281	0.1	True	5.0	7976.281	0.01	True	100.0	12.0	7975.681	7976.231	delay	550.0	wS2	True	7977.949	False	1.0
7986.113	2.0	trials	no_tone					True	5.0	7987.113	0.01	True	100.0	12.0	7986.513	7987.063	delay	550.0	wS2	True	7988.755	False	5.0
8013.103	2.0	trials	go_tone	8000.0	80.0	8013.103	0.1	True	5.0	8014.103	0.01	False					nolight	0.0	nan	True	8015.766	False	1.0
8023.834	2.0	trials	no_tone					True	5.0	8024.834	0.01	False					nolight	0.0	nan	True	8026.5289999999995	False	5.0
8051.304	2.0	trials	no_tone					True	5.0	8052.304	0.01	True	100.0	12.0	8051.704	8052.254	delay	550.0	wS2	False		False	5.0
8061.966	2.0	trials	go_tone	8000.0	80.0	8061.966	0.1	True	5.0	8062.966	0.01	False					nolight	0.0	nan	True	8064.668000000001	False	1.0
8072.704	2.0	trials	nogo_tone	4000.0	80.0	8072.704	0.1	True	5.0	8073.704	0.01	False					nolight	0.0	nan	False		False	3.0
8083.837	2.0	trials	go_tone	8000.0	80.0	8083.837	0.1	False				True	100.0	12.0	8084.237	8084.787	delay	550.0	wS2	True	8086.67	False	2.0
8110.566	2.0	trials	go_tone	8000.0	80.0	8110.566	0.1	False				False					nolight	0.0	nan	False		False	2.0
8123.766	2.0	trials	nogo_tone	4000.0	80.0	8123.766	0.1	True	5.0	8124.766	0.01	False					nolight	0.0	nan	False		False	3.0
8135.316	2.0	trials	go_tone	8000.0	80.0	8135.316	0.1	True	5.0	8136.316	0.01	False					nolight	0.0	nan	True	8138.095	False	1.0
8146.386	2.0	trials	go_tone	8000.0	80.0	8146.386	0.1	False				False					nolight	0.0	nan	True	8149.157	False	2.0
8173.036	2.0	trials	no_tone					True	5.0	8174.036	0.01	True	100.0	12.0	8173.436	8173.986	delay	550.0	wS2	True	8175.727	False	5.0
8200.007	2.0	trials	nogo_tone	4000.0	80.0	8200.007	0.1	True	5.0	8201.007	0.01	True	100.0	12.0	8200.407	8200.957	delay	550.0	wS2	True	8202.722	False	3.0
8227.557	2.0	trials	no_tone					True	5.0	8228.557	0.01	False					nolight	0.0	nan	False		False	5.0
8238.267	2.0	trials	go_tone	8000.0	80.0	8238.267	0.1	True	5.0	8239.267	0.01	False					nolight	0.0	nan	True	8240.919	False	1.0
8248.987	2.0	trials	no_tone					True	5.0	8249.987	0.01	False					nolight	0.0	nan	False		False	5.0
8260.318	2.0	trials	go_tone	8000.0	80.0	8260.318	0.1	False				False					nolight	0.0	nan	True	8262.936	False	2.0
8300.839	2.0	trials	go_tone	8000.0	80.0	8300.839	0.1	True	5.0	8301.839	0.01	False					nolight	0.0	nan	False		False	1.0
8312.069	2.0	trials	nogo_tone	4000.0	80.0	8312.069	0.1	True	5.0	8313.069	0.01	False					nolight	0.0	nan	True	8314.789999999999	False	3.0
8338.659	2.0	trials	go_tone	8000.0	80.0	8338.659	0.1	False				False					nolight	0.0	nan	False		False	2.0
8349.811	2.0	trials	go_tone	8000.0	80.0	8349.811	0.1	True	5.0	8350.811	0.01	True	100.0	12.0	8350.211	8350.761	delay	550.0	wS2	True	8352.453	False	1.0
8360.672	2.0	trials	go_tone	8000.0	80.0	8360.672	0.1	False				True	100.0	12.0	8361.072	8361.622000000001	delay	550.0	wS2	False		False	2.0
8371.86	2.0	trials	nogo_tone	4000.0	80.0	8371.86	0.1	False				False					nolight	0.0	nan	False		False	4.0
8382.87	2.0	trials	no_tone					True	5.0	8383.87	0.01	True	100.0	12.0	8383.27	8383.820000000002	delay	550.0	wS2	False		False	5.0
8394.15	2.0	trials	nogo_tone	4000.0	80.0	8394.15	0.1	True	5.0	8395.15	0.01	False					nolight	0.0	nan	False		False	3.0
8405.61	2.0	trials	nogo_tone	4000.0	80.0	8405.61	0.1	False				False					nolight	0.0	nan	False		False	4.0
8416.72	2.0	trials	go_tone	8000.0	80.0	8416.72	0.1	False				True	100.0	12.0	8417.119999999999	8417.67	delay	550.0	wS2	True	8419.473	False	2.0
8443.861	2.0	trials	go_tone	8000.0	80.0	8443.861	0.1	False				False					nolight	0.0	nan	False		False	2.0
8454.791	2.0	trials	nogo_tone	4000.0	80.0	8454.791	0.1	True	5.0	8455.791	0.01	True	100.0	12.0	8455.190999999999	8455.741	delay	550.0	wS2	False		False	3.0
8465.648	2.0	trials	go_tone	8000.0	80.0	8465.648	0.1	False				False					nolight	0.0	nan	True	8468.394999999999	False	2.0
8492.882	2.0	trials	no_tone					True	5.0	8493.882	0.01	False					nolight	0.0	nan	True	8495.55	False	5.0
8520.003	2.0	trials	no_tone					True	5.0	8521.003	0.01	False					nolight	0.0	nan	False		False	5.0
8530.692	2.0	trials	go_tone	8000.0	80.0	8530.692	0.1	False				True	100.0	12.0	8531.091999999999	8531.642	delay	550.0	wS2	False		False	2.0
8541.843	2.0	trials	go_tone	8000.0	80.0	8541.843	0.1	True	5.0	8542.843	0.01	False					nolight	0.0	nan	True	8544.54	False	1.0
8552.623	2.0	trials	go_tone	8000.0	80.0	8552.623	0.1	True	5.0	8553.623	0.01	True	100.0	12.0	8553.023	8553.573	delay	550.0	wS2	False		False	1.0
8563.603	2.0	trials	nogo_tone	4000.0	80.0	8563.603	0.1	True	5.0	8564.603	0.01	False					nolight	0.0	nan	True	8566.302	False	3.0
8590.644	2.0	trials	nogo_tone	4000.0	80.0	8590.644	0.1	False				True	100.0	12.0	8591.044	8591.594000000001	delay	550.0	wS2	False		False	4.0
8602.204	2.0	trials	go_tone	8000.0	80.0	8602.204	0.1	True	5.0	8603.204	0.01	False					nolight	0.0	nan	True	8604.891	False	1.0
8613.614	2.0	trials	no_tone					True	5.0	8614.614	0.01	True	100.0	12.0	8614.014	8614.564	delay	550.0	wS2	False		False	5.0
8625.004	2.0	trials	go_tone	8000.0	80.0	8625.004	0.1	True	5.0	8626.004	0.01	False					nolight	0.0	nan	True	8627.644	False	1.0
8635.675	2.0	trials	nogo_tone	4000.0	80.0	8635.675	0.1	True	5.0	8636.675	0.01	False					nolight	0.0	nan	False		False	3.0
8646.565	2.0	trials	nogo_tone	4000.0	80.0	8646.565	0.1	True	5.0	8647.565	0.01	False					nolight	0.0	nan	False		False	3.0
8657.255	2.0	trials	nogo_tone	4000.0	80.0	8657.255	0.1	False				True	100.0	12.0	8657.654999999999	8658.205	delay	550.0	wS2	False		False	4.0
8668.355	2.0	trials	go_tone	8000.0	80.0	8668.355	0.1	False				True	100.0	12.0	8668.755	8669.305	delay	550.0	wS2	True	8671.002	False	2.0
8694.988	2.0	trials	go_tone	8000.0	80.0	8694.988	0.1	True	5.0	8695.988	0.01	True	100.0	12.0	8695.387999999999	8695.938	delay	550.0	wS2	True	8697.621	False	1.0
8706.322	2.0	trials	go_tone	8000.0	80.0	8706.322	0.1	False				True	100.0	12.0	8706.722	8707.272	delay	550.0	wS2	False		False	2.0
8717.616	2.0	trials	nogo_tone	4000.0	80.0	8717.616	0.1	False				False					nolight	0.0	nan	False		False	4.0
8728.186	2.0	trials	go_tone	8000.0	80.0	8728.186	0.1	False				False					nolight	0.0	nan	True	8731.176	False	2.0
8755.007	2.0	trials	nogo_tone	4000.0	80.0	8755.007	0.1	True	5.0	8756.007	0.01	False					nolight	0.0	nan	False		False	3.0
8766.107	2.0	trials	nogo_tone	4000.0	80.0	8766.107	0.1	False				False					nolight	0.0	nan	False		False	4.0
8777.262	2.0	trials	no_tone					True	5.0	8778.262	0.01	True	100.0	12.0	8777.662	8778.212000000001	delay	550.0	wS2	False		False	5.0
8788.748	2.0	trials	go_tone	8000.0	80.0	8788.748	0.1	False				False					nolight	0.0	nan	False		False	2.0
8799.908	2.0	trials	nogo_tone	4000.0	80.0	8799.908	0.1	True	5.0	8800.908	0.01	True	100.0	12.0	8800.307999999999	8800.858	delay	550.0	wS2	False		False	3.0
8811.028	2.0	trials	nogo_tone	4000.0	80.0	8811.028	0.1	True	5.0	8812.028	0.01	False					nolight	0.0	nan	True	8813.758	False	3.0
8837.778	2.0	trials	no_tone					True	5.0	8838.778	0.01	False					nolight	0.0	nan	False		False	5.0
8849.048	2.0	trials	no_tone					True	5.0	8850.048	0.01	False					nolight	0.0	nan	False		False	5.0
8860.598	2.0	trials	no_tone					True	5.0	8861.598	0.01	False					nolight	0.0	nan	False		False	5.0
8871.669	2.0	trials	go_tone	8000.0	80.0	8871.669	0.1	True	5.0	8872.669	0.01	True	100.0	12.0	8872.069	8872.619	delay	550.0	wS2	True	8873.359	True	1.0
8887.359	2.0	trials	go_tone	8000.0	80.0	8887.359	0.1	True	5.0	8888.359	0.01	True	100.0	12.0	8887.759	8888.309000000001	delay	550.0	wS2	False		False	1.0
8898.499	2.0	trials	go_tone	8000.0	80.0	8898.499	0.1	False				False					nolight	0.0	nan	False		False	2.0
8909.209	2.0	trials	go_tone	8000.0	80.0	8909.209	0.1	False				True	100.0	12.0	8909.609	8910.159000000001	delay	550.0	wS2	False		False	2.0
8920.259	2.0	trials	go_tone	8000.0	80.0	8920.259	0.1	True	5.0	8921.259	0.01	False					nolight	0.0	nan	True	8922.937	False	1.0
8931.006	2.0	trials	go_tone	8000.0	80.0	8931.006	0.1	True	5.0	8932.006	0.01	False					nolight	0.0	nan	True	8933.680999999999	False	1.0
8941.99	2.0	trials	go_tone	8000.0	80.0	8941.99	0.1	False				False					nolight	0.0	nan	False		False	2.0
8953.08	2.0	trials	nogo_tone	4000.0	80.0	8953.08	0.1	True	5.0	8954.08	0.01	True	100.0	12.0	8953.48	8954.03	delay	550.0	wS2	False		False	3.0
8964.58	2.0	trials	go_tone	8000.0	80.0	8964.58	0.1	False				False					nolight	0.0	nan	False		False	2.0
8975.96	2.0	trials	go_tone	8000.0	80.0	8975.96	0.1	False				False					nolight	0.0	nan	True	8978.605	False	2.0
9003.371	2.0	trials	no_tone					True	5.0	9004.371	0.01	False					nolight	0.0	nan	False		False	5.0
9014.741	2.0	trials	go_tone	8000.0	80.0	9014.741	0.1	False				False					nolight	0.0	nan	True	9017.737	False	2.0
9042.292	2.0	trials	no_tone					True	5.0	9043.292	0.01	False					nolight	0.0	nan	True	9045.018	False	5.0
9069.462	2.0	trials	nogo_tone	4000.0	80.0	9069.462	0.1	True	5.0	9070.462	0.01	False					nolight	0.0	nan	False		False	3.0
9080.732	2.0	trials	go_tone	8000.0	80.0	9080.732	0.1	False				False					nolight	0.0	nan	False		False	2.0
9091.432	2.0	trials	go_tone	8000.0	80.0	9091.432	0.1	True	5.0	9092.432	0.01	True	100.0	12.0	9091.832	9092.382000000001	delay	550.0	wS2	False		False	1.0
9102.123	2.0	trials	go_tone	8000.0	80.0	9102.123	0.1	True	5.0	9103.123	0.01	False					nolight	0.0	nan	True	9104.859999999999	False	1.0
9113.265	2.0	trials	go_tone	8000.0	80.0	9113.265	0.1	False				True	100.0	12.0	9113.664999999999	9114.215	delay	550.0	wS2	False		False	2.0
9124.119	2.0	trials	go_tone	8000.0	80.0	9124.119	0.1	False				False					nolight	0.0	nan	False		False	2.0
9135.403	2.0	trials	go_tone	8000.0	80.0	9135.403	0.1	True	5.0	9136.403	0.01	False					nolight	0.0	nan	True	9138.134	False	1.0
9146.514	2.0	trials	go_tone	8000.0	80.0	9146.514	0.1	True	5.0	9147.514	0.01	True	100.0	12.0	9146.913999999999	9147.464	delay	550.0	wS2	True	9149.145999999999	False	1.0
9157.33	2.0	trials	go_tone	8000.0	80.0	9157.33	0.1	False				True	100.0	12.0	9157.73	9158.28	delay	550.0	wS2	True	9160.076	False	2.0
9184.835	2.0	trials	no_tone					True	5.0	9185.835	0.01	False					nolight	0.0	nan	False		False	5.0
9195.816	2.0	trials	no_tone					True	5.0	9196.816	0.01	False					nolight	0.0	nan	False		False	5.0
9206.775	2.0	trials	nogo_tone	4000.0	80.0	9206.775	0.1	False				True	100.0	12.0	9207.175	9207.725	delay	550.0	wS2	False		False	4.0
9217.905	2.0	trials	no_tone					True	5.0	9218.905	0.01	True	100.0	12.0	9218.305	9218.855000000001	delay	550.0	wS2	False		False	5.0
9228.686	2.0	trials	go_tone	8000.0	80.0	9228.686	0.1	False				False					nolight	0.0	nan	False		False	2.0
9239.296	2.0	trials	go_tone	8000.0	80.0	9239.296	0.1	True	5.0	9240.296	0.01	False					nolight	0.0	nan	True	9241.878	False	1.0
9250.836	2.0	trials	go_tone	8000.0	80.0	9250.836	0.1	False				False					nolight	0.0	nan	False		False	2.0
9262.145	2.0	trials	nogo_tone	4000.0	80.0	9262.145	0.1	True	5.0	9263.145	0.01	True	100.0	12.0	9262.545	9263.095000000001	delay	550.0	wS2	False		False	3.0
9273.646	2.0	trials	nogo_tone	4000.0	80.0	9273.646	0.1	False				False					nolight	0.0	nan	False		False	4.0
9284.916	2.0	trials	go_tone	8000.0	80.0	9284.916	0.1	False				True	100.0	12.0	9285.315999999999	9285.866	delay	550.0	wS2	False		False	2.0
9295.556	2.0	trials	nogo_tone	4000.0	80.0	9295.556	0.1	False				False					nolight	0.0	nan	False		False	4.0
9307.056	2.0	trials	no_tone					True	5.0	9308.056	0.01	False					nolight	0.0	nan	False		False	5.0
9318.207	2.0	trials	go_tone	8000.0	80.0	9318.207	0.1	True	5.0	9319.207	0.01	False					nolight	0.0	nan	True	9320.898000000001	False	1.0
9328.897	2.0	trials	go_tone	8000.0	80.0	9328.897	0.1	False				False					nolight	0.0	nan	False		False	2.0
9339.937	2.0	trials	nogo_tone	4000.0	80.0	9339.937	0.1	True	5.0	9340.937	0.01	False					nolight	0.0	nan	False		False	3.0
9351.377	2.0	trials	nogo_tone	4000.0	80.0	9351.377	0.1	True	5.0	9352.377	0.01	False					nolight	0.0	nan	False		False	3.0
9362.298	2.0	trials	no_tone					True	5.0	9363.298	0.01	True	100.0	12.0	9362.698	9363.248000000001	delay	550.0	wS2	False		False	5.0
9372.898	2.0	trials	nogo_tone	4000.0	80.0	9372.898	0.1	True	5.0	9373.898	0.01	True	100.0	12.0	9373.297999999999	9373.848	delay	550.0	wS2	False		False	3.0
9384.288	2.0	trials	nogo_tone	4000.0	80.0	9384.288	0.1	True	5.0	9385.288	0.01	False					nolight	0.0	nan	False		False	3.0
9395.28	2.0	trials	go_tone	8000.0	80.0	9395.28	0.1	False				False					nolight	0.0	nan	False		False	2.0
9406.668	2.0	trials	nogo_tone	4000.0	80.0	9406.668	0.1	True	5.0	9407.668	0.01	True	100.0	12.0	9407.068	9407.618	delay	550.0	wS2	False		False	3.0
9417.908	2.0	trials	go_tone	8000.0	80.0	9417.908	0.1	True	5.0	9418.908	0.01	False					nolight	0.0	nan	True	9420.573	False	1.0
9429.309	2.0	trials	no_tone					True	5.0	9430.309	0.01	True	100.0	12.0	9429.708999999999	9430.259	delay	550.0	wS2	False		False	5.0
9440.029	2.0	trials	go_tone	8000.0	80.0	9440.029	0.1	True	5.0	9441.029	0.01	False					nolight	0.0	nan	True	9442.687	False	1.0
9450.839	2.0	trials	go_tone	8000.0	80.0	9450.839	0.1	False				True	100.0	12.0	9451.239	9451.789	delay	550.0	wS2	True	9453.606	False	2.0
9477.709	2.0	trials	nogo_tone	4000.0	80.0	9477.709	0.1	True	5.0	9478.709	0.01	False					nolight	0.0	nan	False		False	3.0
9488.44	2.0	trials	go_tone	8000.0	80.0	9488.44	0.1	False				False					nolight	0.0	nan	False		False	2.0
9499.67	2.0	trials	no_tone					True	5.0	9500.67	0.01	False					nolight	0.0	nan	True	9502.358	False	5.0
9527.18	2.0	trials	nogo_tone	4000.0	80.0	9527.18	0.1	True	5.0	9528.18	0.01	False					nolight	0.0	nan	False		False	3.0
9537.79	2.0	trials	no_tone					True	5.0	9538.79	0.01	False					nolight	0.0	nan	True	9540.478000000001	False	5.0
9564.611	2.0	trials	nogo_tone	4000.0	80.0	9564.611	0.1	True	5.0	9565.611	0.01	False					nolight	0.0	nan	False		False	3.0
9575.551	2.0	trials	nogo_tone	4000.0	80.0	9575.551	0.1	True	5.0	9576.551	0.01	False					nolight	0.0	nan	True	9578.216999999999	False	3.0
9602.598	2.0	trials	no_tone					True	5.0	9603.598	0.01	True	100.0	12.0	9602.998	9603.548	delay	550.0	wS2	False		False	5.0
9613.502	2.0	trials	go_tone	8000.0	80.0	9613.502	0.1	False				False					nolight	0.0	nan	False		False	2.0
9624.082	2.0	trials	go_tone	8000.0	80.0	9624.082	0.1	False				False					nolight	0.0	nan	False		False	2.0
9634.782	2.0	trials	go_tone	8000.0	80.0	9634.782	0.1	False				True	100.0	12.0	9635.181999999999	9635.732	delay	550.0	wS2	True	9637.652	False	2.0
9661.972	2.0	trials	nogo_tone	4000.0	80.0	9661.972	0.1	True	5.0	9662.972	0.01	True	100.0	12.0	9662.372	9662.922	delay	550.0	wS2	False		False	3.0
9672.623	2.0	trials	no_tone					True	5.0	9673.623	0.01	False					nolight	0.0	nan	False		False	5.0
9683.794	2.0	trials	nogo_tone	4000.0	80.0	9683.794	0.1	False				False					nolight	0.0	nan	False		False	4.0
9694.464	2.0	trials	go_tone	8000.0	80.0	9694.464	0.1	False				False					nolight	0.0	nan	False		False	2.0
9705.173	2.0	trials	go_tone	8000.0	80.0	9705.173	0.1	False				True	100.0	12.0	9705.573	9706.123000000001	delay	550.0	wS2	False		False	2.0
9716.184	2.0	trials	go_tone	8000.0	80.0	9716.184	0.1	True	5.0	9717.184	0.01	True	100.0	12.0	9716.583999999999	9717.134	delay	550.0	wS2	True	9718.822999999999	False	1.0
9727.064	2.0	trials	go_tone	8000.0	80.0	9727.064	0.1	True	5.0	9728.064	0.01	False					nolight	0.0	nan	True	9729.741	False	1.0
9737.884	2.0	trials	no_tone					True	5.0	9738.884	0.01	False					nolight	0.0	nan	False		False	5.0
9749.194	2.0	trials	nogo_tone	4000.0	80.0	9749.194	0.1	False				False					nolight	0.0	nan	False		False	4.0
9790.725	2.0	trials	go_tone	8000.0	80.0	9790.725	0.1	True	5.0	9791.725	0.01	False					nolight	0.0	nan	True	9793.385	False	1.0
9801.575	2.0	trials	nogo_tone	4000.0	80.0	9801.575	0.1	False				True	100.0	12.0	9801.975	9802.525000000001	delay	550.0	wS2	False		False	4.0
9812.345	2.0	trials	go_tone	8000.0	80.0	9812.345	0.1	False				False					nolight	0.0	nan	False		False	2.0
9823.456	2.0	trials	go_tone	8000.0	80.0	9823.456	0.1	True	5.0	9824.456	0.01	True	100.0	12.0	9823.856	9824.406	delay	550.0	wS2	True	9826.123	False	1.0
9834.986	2.0	trials	no_tone					True	5.0	9835.986	0.01	False					nolight	0.0	nan	True	9837.656	False	5.0
9861.766	2.0	trials	go_tone	8000.0	80.0	9861.766	0.1	False				True	100.0	12.0	9862.166	9862.716	delay	550.0	wS2	False		False	2.0
9872.936	2.0	trials	no_tone					True	5.0	9873.936	0.01	False					nolight	0.0	nan	True	9875.9	False	5.0
9900.017	2.0	trials	go_tone	8000.0	80.0	9900.017	0.1	False				False					nolight	0.0	nan	False		False	2.0
9910.717	2.0	trials	nogo_tone	4000.0	80.0	9910.717	0.1	True	5.0	9911.717	0.01	False					nolight	0.0	nan	False		False	3.0
9922.157	2.0	trials	go_tone	8000.0	80.0	9922.157	0.1	True	5.0	9923.157	0.01	True	100.0	12.0	9922.556999999999	9923.107	delay	550.0	wS2	True	9924.819	False	1.0
9932.918	2.0	trials	nogo_tone	4000.0	80.0	9932.918	0.1	True	5.0	9933.918	0.01	False					nolight	0.0	nan	True	9935.579	False	3.0
9960.048	2.0	trials	nogo_tone	4000.0	80.0	9960.048	0.1	True	5.0	9961.048	0.01	True	100.0	12.0	9960.448	9960.998000000001	delay	550.0	wS2	False		False	3.0
9971.048	2.0	trials	no_tone					True	5.0	9972.048	0.01	True	100.0	12.0	9971.448	9971.998000000001	delay	550.0	wS2	False		False	5.0
9982.558	2.0	trials	go_tone	8000.0	80.0	9982.558	0.1	False				True	100.0	12.0	9982.958	9983.508000000002	delay	550.0	wS2	True	9985.236	False	2.0
10009.299	2.0	trials	go_tone	8000.0	80.0	10009.299	0.1	True	5.0	10010.299	0.01	False					nolight	0.0	nan	False		False	1.0
10020.579	2.0	trials	go_tone	8000.0	80.0	10020.579	0.1	True	5.0	10021.579	0.01	False					nolight	0.0	nan	True	10023.246	False	1.0
10031.465	2.0	trials	go_tone	8000.0	80.0	10031.465	0.1	True	5.0	10032.465	0.01	False					nolight	0.0	nan	False		False	1.0
10042.229	2.0	trials	no_tone					True	5.0	10043.229	0.01	False					nolight	0.0	nan	False		False	5.0
10052.919	2.0	trials	go_tone	8000.0	80.0	10052.919	0.1	True	5.0	10053.919	0.01	False					nolight	0.0	nan	True	10055.616	False	1.0
10064.41	2.0	trials	nogo_tone	4000.0	80.0	10064.41	0.1	True	5.0	10065.41	0.01	True	100.0	12.0	10064.81	10065.36	delay	550.0	wS2	False		False	3.0
10075.31	2.0	trials	nogo_tone	4000.0	80.0	10075.31	0.1	True	5.0	10076.31	0.01	False					nolight	0.0	nan	False		False	3.0
10086.441	2.0	trials	nogo_tone	4000.0	80.0	10086.441	0.1	False				True	100.0	12.0	10086.841	10087.391000000001	delay	550.0	wS2	False		False	4.0
10097.571	2.0	trials	nogo_tone	4000.0	80.0	10097.571	0.1	False				False					nolight	0.0	nan	False		False	4.0
10133.959	2.0	trials	go_tone	8000.0	80.0	10133.959	0.1	False				False					nolight	0.0	nan	False		False	2.0
10145.111	2.0	trials	nogo_tone	4000.0	80.0	10145.111	0.1	True	5.0	10146.111	0.01	False					nolight	0.0	nan	False		False	3.0
10156.091	2.0	trials	no_tone					True	5.0	10157.091	0.01	False					nolight	0.0	nan	False		False	5.0
10166.842	2.0	trials	nogo_tone	4000.0	80.0	10166.842	0.1	False				False					nolight	0.0	nan	False		False	4.0
10178.222	2.0	trials	go_tone	8000.0	80.0	10178.222	0.1	False				False					nolight	0.0	nan	True	10181.36	False	2.0
10205.402	2.0	trials	go_tone	8000.0	80.0	10205.402	0.1	False				False					nolight	0.0	nan	False		False	2.0
10216.952	2.0	trials	go_tone	8000.0	80.0	10216.952	0.1	False				True	100.0	12.0	10217.351999999999	10217.902	delay	550.0	wS2	False		False	2.0
10228.223	2.0	trials	no_tone					True	5.0	10229.223	0.01	True	100.0	12.0	10228.623	10229.173	delay	550.0	wS2	False		False	5.0
10239.713	2.0	trials	go_tone	8000.0	80.0	10239.713	0.1	False				False					nolight	0.0	nan	False		False	2.0
10250.543	2.0	trials	go_tone	8000.0	80.0	10250.543	0.1	True	5.0	10251.543	0.01	True	100.0	12.0	10250.943	10251.493	delay	550.0	wS2	True	10253.168	False	1.0
10261.614	2.0	trials	go_tone	8000.0	80.0	10261.614	0.1	False				False					nolight	0.0	nan	False		False	2.0
10272.865	2.0	trials	no_tone					True	5.0	10273.865	0.01	True	100.0	12.0	10273.265	10273.815	delay	550.0	wS2	False		False	5.0
10283.754	2.0	trials	nogo_tone	4000.0	80.0	10283.754	0.1	True	5.0	10284.754	0.01	False					nolight	0.0	nan	False		False	3.0
10294.484	2.0	trials	nogo_tone	4000.0	80.0	10294.484	0.1	False				True	100.0	12.0	10294.884	10295.434000000001	delay	550.0	wS2	False		False	4.0
10305.934	2.0	trials	no_tone					True	5.0	10306.934	0.01	True	100.0	12.0	10306.333999999999	10306.884	delay	550.0	wS2	False		False	5.0
10317.074	2.0	trials	go_tone	8000.0	80.0	10317.074	0.1	False				True	100.0	12.0	10317.474	10318.024000000001	delay	550.0	wS2	True	10319.044	True	2.0
10333.054	2.0	trials	go_tone	8000.0	80.0	10333.054	0.1	False				True	100.0	12.0	10333.454	10334.004	delay	550.0	wS2	False		False	2.0
10344.355	2.0	trials	go_tone	8000.0	80.0	10344.355	0.1	True	5.0	10345.355	0.01	False					nolight	0.0	nan	True	10347.086	False	1.0
10355.595	2.0	trials	go_tone	8000.0	80.0	10355.595	0.1	False				False					nolight	0.0	nan	False		False	2.0
10367.095	2.0	trials	nogo_tone	4000.0	80.0	10367.095	0.1	True	5.0	10368.095	0.01	False					nolight	0.0	nan	True	10369.764	False	3.0
10394.026	2.0	trials	go_tone	8000.0	80.0	10394.026	0.1	True	5.0	10395.026	0.01	True	100.0	12.0	10394.426	10394.976	delay	550.0	wS2	True	10396.67	False	1.0
10405.096	2.0	trials	go_tone	8000.0	80.0	10405.096	0.1	True	5.0	10406.096	0.01	False					nolight	0.0	nan	False		False	1.0
10416.028	2.0	trials	no_tone					True	5.0	10417.028	0.01	False					nolight	0.0	nan	False		False	5.0
10427.066	2.0	trials	go_tone	8000.0	80.0	10427.066	0.1	False				True	100.0	12.0	10427.466	10428.016000000001	delay	550.0	wS2	False		False	2.0
10438.006	2.0	trials	nogo_tone	4000.0	80.0	10438.006	0.1	True	5.0	10439.006	0.01	False					nolight	0.0	nan	False		False	3.0
10449.247	2.0	trials	nogo_tone	4000.0	80.0	10449.247	0.1	False				False					nolight	0.0	nan	False		False	4.0
10460.647	2.0	trials	no_tone					True	5.0	10461.647	0.01	False					nolight	0.0	nan	False		False	5.0
10471.838	2.0	trials	nogo_tone	4000.0	80.0	10471.838	0.1	True	5.0	10472.838	0.01	True	100.0	12.0	10472.238	10472.788	delay	550.0	wS2	False		False	3.0
10483.327	2.0	trials	nogo_tone	4000.0	80.0	10483.327	0.1	True	5.0	10484.327	0.01	True	100.0	12.0	10483.726999999999	10484.277	delay	550.0	wS2	False		False	3.0
10494.487	2.0	trials	go_tone	8000.0	80.0	10494.487	0.1	False				False					nolight	0.0	nan	False		False	2.0
10506.018	2.0	trials	go_tone	8000.0	80.0	10506.018	0.1	True	5.0	10507.018	0.01	False					nolight	0.0	nan	True	10508.68	False	1.0
10517.018	2.0	trials	go_tone	8000.0	80.0	10517.018	0.1	True	5.0	10518.018	0.01	True	100.0	12.0	10517.418	10517.968	delay	550.0	wS2	True	10519.693	False	1.0
10527.638	2.0	trials	no_tone					True	5.0	10528.638	0.01	False					nolight	0.0	nan	False		False	5.0
10539.148	2.0	trials	nogo_tone	4000.0	80.0	10539.148	0.1	False				False					nolight	0.0	nan	False		False	4.0
10550.549	2.0	trials	go_tone	8000.0	80.0	10550.549	0.1	True	5.0	10551.549	0.01	False					nolight	0.0	nan	True	10553.202000000001	False	1.0
10561.179	2.0	trials	go_tone	8000.0	80.0	10561.179	0.1	False				True	100.0	12.0	10561.579	10562.129	delay	550.0	wS2	False		False	2.0
10571.759	2.0	trials	go_tone	8000.0	80.0	10571.759	0.1	False				False					nolight	0.0	nan	False		False	2.0
10582.629	2.0	trials	nogo_tone	4000.0	80.0	10582.629	0.1	True	5.0	10583.629	0.01	False					nolight	0.0	nan	False		False	3.0
10593.789	2.0	trials	go_tone	8000.0	80.0	10593.789	0.1	False				False					nolight	0.0	nan	False		False	2.0
10604.656	2.0	trials	go_tone	8000.0	80.0	10604.656	0.1	False				False					nolight	0.0	nan	False		False	2.0
10615.37	2.0	trials	no_tone					True	5.0	10616.37	0.01	False					nolight	0.0	nan	False		False	5.0
10626.88	2.0	trials	go_tone	8000.0	80.0	10626.88	0.1	False				False					nolight	0.0	nan	False		False	2.0
10637.73	2.0	trials	no_tone					True	5.0	10638.73	0.01	False					nolight	0.0	nan	True	10640.447	False	5.0
10664.611	2.0	trials	nogo_tone	4000.0	80.0	10664.611	0.1	False				True	100.0	12.0	10665.011	10665.561000000002	delay	550.0	wS2	False		False	4.0
10675.411	2.0	trials	nogo_tone	4000.0	80.0	10675.411	0.1	True	5.0	10676.411	0.01	False					nolight	0.0	nan	False		False	3.0
10686.901	2.0	trials	go_tone	8000.0	80.0	10686.901	0.1	True	5.0	10687.901	0.01	True	100.0	12.0	10687.301	10687.851	delay	550.0	wS2	True	10689.6	False	1.0
10698.111	2.0	trials	no_tone					True	5.0	10699.111	0.01	False					nolight	0.0	nan	False		False	5.0
10709.511	2.0	trials	go_tone	8000.0	80.0	10709.511	0.1	False				True	100.0	12.0	10709.911	10710.461000000001	delay	550.0	wS2	False		False	2.0
10720.441	2.0	trials	go_tone	8000.0	80.0	10720.441	0.1	True	5.0	10721.441	0.01	False					nolight	0.0	nan	True	10723.259	False	1.0
10731.112	2.0	trials	nogo_tone	4000.0	80.0	10731.112	0.1	True	5.0	10732.112	0.01	True	100.0	12.0	10731.511999999999	10732.062	delay	550.0	wS2	False		False	3.0
10742.182	2.0	trials	go_tone	8000.0	80.0	10742.182	0.1	True	5.0	10743.182	0.01	True	100.0	12.0	10742.582	10743.132000000001	delay	550.0	wS2	False		False	1.0
10753.232	2.0	trials	go_tone	8000.0	80.0	10753.232	0.1	False				False					nolight	0.0	nan	False		False	2.0
10764.692	2.0	trials	go_tone	8000.0	80.0	10764.692	0.1	False				False					nolight	0.0	nan	False		False	2.0
10775.942	2.0	trials	nogo_tone	4000.0	80.0	10775.942	0.1	False				False					nolight	0.0	nan	False		False	4.0
10815.194	2.0	trials	go_tone	8000.0	80.0	10815.194	0.1	False				False					nolight	0.0	nan	False		False	2.0
10826.193	2.0	trials	go_tone	8000.0	80.0	10826.193	0.1	False				False					nolight	0.0	nan	False		False	2.0
10836.944	2.0	trials	no_tone					True	5.0	10837.944	0.01	False					nolight	0.0	nan	False		False	5.0
10848.174	2.0	trials	nogo_tone	4000.0	80.0	10848.174	0.1	True	5.0	10849.174	0.01	False					nolight	0.0	nan	False		False	3.0
10859.144	2.0	trials	nogo_tone	4000.0	80.0	10859.144	0.1	True	5.0	10860.144	0.01	False					nolight	0.0	nan	False		False	3.0
10869.784	2.0	trials	no_tone					True	5.0	10870.784	0.01	True	100.0	12.0	10870.184	10870.734	delay	550.0	wS2	False		False	5.0
10880.654	2.0	trials	go_tone	8000.0	80.0	10880.654	0.1	True	5.0	10881.654	0.01	False					nolight	0.0	nan	True	10883.37	False	1.0
10891.736	2.0	trials	go_tone	8000.0	80.0	10891.736	0.1	False				False					nolight	0.0	nan	False		False	2.0
10903.148	2.0	trials	go_tone	8000.0	80.0	10903.148	0.1	True	5.0	10904.148	0.01	False					nolight	0.0	nan	True	10905.783	False	1.0
10914.225	2.0	trials	nogo_tone	4000.0	80.0	10914.225	0.1	False				False					nolight	0.0	nan	False		False	4.0
10925.289	2.0	trials	nogo_tone	4000.0	80.0	10925.289	0.1	True	5.0	10926.289	0.01	True	100.0	12.0	10925.689	10926.239000000001	delay	550.0	wS2	False		False	3.0
10936.015	2.0	trials	go_tone	8000.0	80.0	10936.015	0.1	False				True	100.0	12.0	10936.414999999999	10936.965	delay	550.0	wS2	False		False	2.0
10947.366	2.0	trials	go_tone	8000.0	80.0	10947.366	0.1	False				True	100.0	12.0	10947.766	10948.316	delay	550.0	wS2	False		False	2.0
10958.446	2.0	trials	no_tone					True	5.0	10959.446	0.01	True	100.0	12.0	10958.846	10959.396	delay	550.0	wS2	False		False	5.0
10969.066	2.0	trials	no_tone					True	5.0	10970.066	0.01	False					nolight	0.0	nan	False		False	5.0
10979.986	2.0	trials	nogo_tone	4000.0	80.0	10979.986	0.1	True	5.0	10980.986	0.01	False					nolight	0.0	nan	False		False	3.0
10991.486	2.0	trials	go_tone	8000.0	80.0	10991.486	0.1	False				False					nolight	0.0	nan	False		False	2.0
11002.596	2.0	trials	go_tone	8000.0	80.0	11002.596	0.1	True	5.0	11003.596	0.01	False					nolight	0.0	nan	False		False	1.0
11013.327	2.0	trials	go_tone	8000.0	80.0	11013.327	0.1	False				False					nolight	0.0	nan	False		False	2.0
11023.907	2.0	trials	no_tone					True	5.0	11024.907	0.01	False					nolight	0.0	nan	False		False	5.0
11034.753	2.0	trials	nogo_tone	4000.0	80.0	11034.753	0.1	True	5.0	11035.753	0.01	True	100.0	12.0	11035.153	11035.703000000001	delay	550.0	wS2	False		False	3.0
11045.397	2.0	trials	go_tone	8000.0	80.0	11045.397	0.1	True	5.0	11046.397	0.01	False					nolight	0.0	nan	True	11048.121000000001	False	1.0
11056.737	2.0	trials	go_tone	8000.0	80.0	11056.737	0.1	False				False					nolight	0.0	nan	True	11059.553999999998	False	2.0
11083.498	2.0	trials	go_tone	8000.0	80.0	11083.498	0.1	True	5.0	11084.498	0.01	False					nolight	0.0	nan	False		False	1.0
11094.588	2.0	trials	go_tone	8000.0	80.0	11094.588	0.1	False				True	100.0	12.0	11094.988	11095.538	delay	550.0	wS2	False		False	2.0
11105.838	2.0	trials	no_tone					True	5.0	11106.838	0.01	False					nolight	0.0	nan	False		False	5.0
11116.762	2.0	trials	go_tone	8000.0	80.0	11116.762	0.1	True	5.0	11117.762	0.01	False					nolight	0.0	nan	False		False	1.0
11127.649	2.0	trials	go_tone	8000.0	80.0	11127.649	0.1	False				False					nolight	0.0	nan	False		False	2.0
11138.439	2.0	trials	go_tone	8000.0	80.0	11138.439	0.1	False				False					nolight	0.0	nan	False		False	2.0
11149.349	2.0	trials	nogo_tone	4000.0	80.0	11149.349	0.1	False				True	100.0	12.0	11149.749	11150.299	delay	550.0	wS2	False		False	4.0
11160.65	2.0	trials	go_tone	8000.0	80.0	11160.65	0.1	False				True	100.0	12.0	11161.05	11161.6	delay	550.0	wS2	True	11163.437	False	2.0
11187.4	2.0	trials	nogo_tone	4000.0	80.0	11187.4	0.1	True	5.0	11188.4	0.01	False					nolight	0.0	nan	False		False	3.0
11198.756	2.0	trials	no_tone					True	5.0	11199.756	0.01	False					nolight	0.0	nan	False		False	5.0
11209.416	2.0	trials	go_tone	8000.0	80.0	11209.416	0.1	True	5.0	11210.416	0.01	True	100.0	12.0	11209.815999999999	11210.366	delay	550.0	wS2	True	11212.179999999998	False	1.0
11220.51	2.0	trials	nogo_tone	4000.0	80.0	11220.51	0.1	True	5.0	11221.51	0.01	False					nolight	0.0	nan	False		False	3.0
11231.154	2.0	trials	nogo_tone	4000.0	80.0	11231.154	0.1	True	5.0	11232.154	0.01	False					nolight	0.0	nan	False		False	3.0
11242.703	2.0	trials	nogo_tone	4000.0	80.0	11242.703	0.1	True	5.0	11243.703	0.01	True	100.0	12.0	11243.103	11243.653	delay	550.0	wS2	False		False	3.0
11254.251	2.0	trials	no_tone					True	5.0	11255.251	0.01	True	100.0	12.0	11254.651	11255.201000000001	delay	550.0	wS2	False		False	5.0
11265.071	2.0	trials	no_tone					True	5.0	11266.071	0.01	True	100.0	12.0	11265.471	11266.021	delay	550.0	wS2	False		False	5.0
11276.051	2.0	trials	nogo_tone	4000.0	80.0	11276.051	0.1	False				False					nolight	0.0	nan	False		False	4.0
11287.352	2.0	trials	go_tone	8000.0	80.0	11287.352	0.1	False				True	100.0	12.0	11287.752	11288.302000000001	delay	550.0	wS2	True	11290.003	False	2.0
11314.822	2.0	trials	go_tone	8000.0	80.0	11314.822	0.1	False				False					nolight	0.0	nan	False		False	2.0
11326.012	2.0	trials	go_tone	8000.0	80.0	11326.012	0.1	False				False					nolight	0.0	nan	True	11328.951000000001	False	2.0
11352.843	2.0	trials	go_tone	8000.0	80.0	11352.843	0.1	True	5.0	11353.843	0.01	False					nolight	0.0	nan	True	11355.519	False	1.0
11363.463	2.0	trials	go_tone	8000.0	80.0	11363.463	0.1	True	5.0	11364.463	0.01	True	100.0	12.0	11363.863	11364.413	delay	550.0	wS2	True	11366.197	False	1.0
11374.633	2.0	trials	nogo_tone	4000.0	80.0	11374.633	0.1	True	5.0	11375.633	0.01	False					nolight	0.0	nan	False		False	3.0
11385.263	2.0	trials	nogo_tone	4000.0	80.0	11385.263	0.1	False				False					nolight	0.0	nan	False		False	4.0
11395.924	2.0	trials	no_tone					True	5.0	11396.924	0.01	False					nolight	0.0	nan	False		False	5.0
11407.064	2.0	trials	go_tone	8000.0	80.0	11407.064	0.1	True	5.0	11408.064	0.01	False					nolight	0.0	nan	True	11409.723	False	1.0
11418.384	2.0	trials	no_tone					True	5.0	11419.384	0.01	True	100.0	12.0	11418.784	11419.334	delay	550.0	wS2	False		False	5.0
11429.874	2.0	trials	nogo_tone	4000.0	80.0	11429.874	0.1	False				False					nolight	0.0	nan	False		False	4.0
11441.114	2.0	trials	go_tone	8000.0	80.0	11441.114	0.1	True	5.0	11442.114	0.01	True	100.0	12.0	11441.514	11442.064	delay	550.0	wS2	True	11443.805999999999	False	1.0
11452.364	2.0	trials	go_tone	8000.0	80.0	11452.364	0.1	False				True	100.0	12.0	11452.764	11453.314	delay	550.0	wS2	False		False	2.0
11463.355	2.0	trials	no_tone					True	5.0	11464.355	0.01	False					nolight	0.0	nan	False		False	5.0
11474.865	2.0	trials	go_tone	8000.0	80.0	11474.865	0.1	True	5.0	11475.865	0.01	False					nolight	0.0	nan	True	11477.567	False	1.0
11485.965	2.0	trials	go_tone	8000.0	80.0	11485.965	0.1	False				True	100.0	12.0	11486.365	11486.915	delay	550.0	wS2	False		False	2.0
11496.755	2.0	trials	nogo_tone	4000.0	80.0	11496.755	0.1	True	5.0	11497.755	0.01	False					nolight	0.0	nan	False		False	3.0
11507.846	2.0	trials	go_tone	8000.0	80.0	11507.846	0.1	False				True	100.0	12.0	11508.246	11508.796	delay	550.0	wS2	False		False	2.0
11518.486	2.0	trials	nogo_tone	4000.0	80.0	11518.486	0.1	True	5.0	11519.486	0.01	False					nolight	0.0	nan	False		False	3.0
11529.056	2.0	trials	nogo_tone	4000.0	80.0	11529.056	0.1	True	5.0	11530.056	0.01	False					nolight	0.0	nan	False		False	3.0
11540.596	2.0	trials	go_tone	8000.0	80.0	11540.596	0.1	False				False					nolight	0.0	nan	False		False	2.0
11551.706	2.0	trials	nogo_tone	4000.0	80.0	11551.706	0.1	False				True	100.0	12.0	11552.106	11552.656	delay	550.0	wS2	False		False	4.0
11562.877	2.0	trials	go_tone	8000.0	80.0	11562.877	0.1	True	5.0	11563.877	0.01	True	100.0	12.0	11563.277	11563.827000000001	delay	550.0	wS2	True	11565.549	False	1.0
11574.217	2.0	trials	go_tone	8000.0	80.0	11574.217	0.1	False				False					nolight	0.0	nan	False		False	2.0
11585.187	2.0	trials	go_tone	8000.0	80.0	11585.187	0.1	True	5.0	11586.187	0.01	False					nolight	0.0	nan	True	11587.87	False	1.0
11596.347	2.0	trials	nogo_tone	4000.0	80.0	11596.347	0.1	True	5.0	11597.347	0.01	False					nolight	0.0	nan	False		False	3.0
11607.557	2.0	trials	nogo_tone	4000.0	80.0	11607.557	0.1	True	5.0	11608.557	0.01	True	100.0	12.0	11607.957	11608.507000000001	delay	550.0	wS2	False		False	3.0
11618.958	2.0	trials	no_tone					True	5.0	11619.958	0.01	False					nolight	0.0	nan	False		False	5.0
11630.098	2.0	trials	go_tone	8000.0	80.0	11630.098	0.1	False				False					nolight	0.0	nan	False		False	2.0
11641.078	2.0	trials	go_tone	8000.0	80.0	11641.078	0.1	False				False					nolight	0.0	nan	True	11642.928	True	2.0
11658.258	2.0	trials	go_tone	8000.0	80.0	11658.258	0.1	False				False					nolight	0.0	nan	True	11660.328	True	2.0
11674.338	2.0	trials	go_tone	8000.0	80.0	11674.338	0.1	False				False					nolight	0.0	nan	False		False	2.0
11685.288	2.0	trials	go_tone	8000.0	80.0	11685.288	0.1	True	5.0	11686.288	0.01	False					nolight	0.0	nan	True	11687.924	False	1.0
11696.019	2.0	trials	no_tone					True	5.0	11697.019	0.01	True	100.0	12.0	11696.419	11696.969000000001	delay	550.0	wS2	False		False	5.0
11706.789	2.0	trials	no_tone					True	5.0	11707.789	0.01	False					nolight	0.0	nan	False		False	5.0
11718.049	2.0	trials	no_tone					True	5.0	11719.049	0.01	False					nolight	0.0	nan	True	11720.723000000002	False	5.0
11745.5	2.0	trials	go_tone	8000.0	80.0	11745.5	0.1	False				False					nolight	0.0	nan	False		False	2.0
11756.61	2.0	trials	nogo_tone	4000.0	80.0	11756.61	0.1	False				False					nolight	0.0	nan	False		False	4.0
11767.87	2.0	trials	nogo_tone	4000.0	80.0	11767.87	0.1	True	5.0	11768.87	0.01	True	100.0	12.0	11768.27	11768.820000000002	delay	550.0	wS2	False		False	3.0
11778.87	2.0	trials	go_tone	8000.0	80.0	11778.87	0.1	False				False					nolight	0.0	nan	False		False	2.0
11789.97	2.0	trials	no_tone					True	5.0	11790.97	0.01	True	100.0	12.0	11790.369999999999	11790.92	delay	550.0	wS2	False		False	5.0
11801.111	2.0	trials	go_tone	8000.0	80.0	11801.111	0.1	False				False					nolight	0.0	nan	False		False	2.0
11812.141	2.0	trials	go_tone	8000.0	80.0	11812.141	0.1	False				False					nolight	0.0	nan	False		False	2.0
11822.797	2.0	trials	nogo_tone	4000.0	80.0	11822.797	0.1	False				True	100.0	12.0	11823.197	11823.747000000001	delay	550.0	wS2	False		False	4.0
11833.731	2.0	trials	nogo_tone	4000.0	80.0	11833.731	0.1	True	5.0	11834.731	0.01	False					nolight	0.0	nan	False		False	3.0
11844.741	2.0	trials	nogo_tone	4000.0	80.0	11844.741	0.1	True	5.0	11845.741	0.01	True	100.0	12.0	11845.141	11845.691	delay	550.0	wS2	False		False	3.0
11855.952	2.0	trials	nogo_tone	4000.0	80.0	11855.952	0.1	False				False					nolight	0.0	nan	False		False	4.0
11867.372	2.0	trials	go_tone	8000.0	80.0	11867.372	0.1	False				False					nolight	0.0	nan	False		False	2.0
11878.622	2.0	trials	nogo_tone	4000.0	80.0	11878.622	0.1	False				False					nolight	0.0	nan	False		False	4.0
11889.452	2.0	trials	no_tone					True	5.0	11890.452	0.01	True	100.0	12.0	11889.851999999999	11890.402	delay	550.0	wS2	False		False	5.0
11900.703	2.0	trials	go_tone	8000.0	80.0	11900.703	0.1	True	5.0	11901.703	0.01	True	100.0	12.0	11901.103	11901.653	delay	550.0	wS2	True	11903.354	False	1.0
11911.713	2.0	trials	no_tone					True	5.0	11912.713	0.01	False					nolight	0.0	nan	True	11914.577	False	5.0
11938.873	2.0	trials	go_tone	8000.0	80.0	11938.873	0.1	False				True	100.0	12.0	11939.273	11939.823	delay	550.0	wS2	True	11941.591	False	2.0
11965.454	2.0	trials	go_tone	8000.0	80.0	11965.454	0.1	True	5.0	11966.454	0.01	False					nolight	0.0	nan	True	11968.176	False	1.0
11976.034	2.0	trials	nogo_tone	4000.0	80.0	11976.034	0.1	True	5.0	11977.034	0.01	True	100.0	12.0	11976.434	11976.984	delay	550.0	wS2	False		False	3.0
11986.954	2.0	trials	no_tone					True	5.0	11987.954	0.01	False					nolight	0.0	nan	True	11988.848	True	5.0
12002.854	2.0	trials	no_tone					True	5.0	12003.854	0.01	False					nolight	0.0	nan	False		False	5.0
12014.164	2.0	trials	go_tone	8000.0	80.0	12014.164	0.1	False				True	100.0	12.0	12014.564	12015.114000000001	delay	550.0	wS2	False		False	2.0
12024.935	2.0	trials	go_tone	8000.0	80.0	12024.935	0.1	False				False					nolight	0.0	nan	False		False	2.0
12036.465	2.0	trials	no_tone					True	5.0	12037.465	0.01	False					nolight	0.0	nan	False		False	5.0
12047.815	2.0	trials	go_tone	8000.0	80.0	12047.815	0.1	False				True	100.0	12.0	12048.215	12048.765000000001	delay	550.0	wS2	False		False	2.0
12058.905	2.0	trials	nogo_tone	4000.0	80.0	12058.905	0.1	True	5.0	12059.905	0.01	False					nolight	0.0	nan	False		False	3.0
12070.125	2.0	trials	go_tone	8000.0	80.0	12070.125	0.1	True	5.0	12071.125	0.01	True	100.0	12.0	12070.525	12071.075	delay	550.0	wS2	True	12072.815	False	1.0
12081.066	2.0	trials	go_tone	8000.0	80.0	12081.066	0.1	True	5.0	12082.066	0.01	False					nolight	0.0	nan	True	12083.711000000001	False	1.0
12092.346	2.0	trials	no_tone					True	5.0	12093.346	0.01	False					nolight	0.0	nan	False		False	5.0
12103.876	2.0	trials	go_tone	8000.0	80.0	12103.876	0.1	True	5.0	12104.876	0.01	False					nolight	0.0	nan	True	12106.744	False	1.0
12115.556	2.0	trials	nogo_tone	4000.0	80.0	12115.556	0.1	True	5.0	12116.556	0.01	False					nolight	0.0	nan	False		False	3.0
12126.406	2.0	trials	go_tone	8000.0	80.0	12126.406	0.1	False				False					nolight	0.0	nan	False		False	2.0
12137.186	2.0	trials	go_tone	8000.0	80.0	12137.186	0.1	True	5.0	12138.186	0.01	False					nolight	0.0	nan	True	12139.819	False	1.0
12148.827	2.0	trials	go_tone	8000.0	80.0	12148.827	0.1	False				False					nolight	0.0	nan	False		False	2.0
12159.987	2.0	trials	nogo_tone	4000.0	80.0	12159.987	0.1	True	5.0	12160.987	0.01	False					nolight	0.0	nan	False		False	3.0
12170.818	2.0	trials	nogo_tone	4000.0	80.0	12170.818	0.1	True	5.0	12171.818	0.01	False					nolight	0.0	nan	False		False	3.0
12181.937	2.0	trials	go_tone	8000.0	80.0	12181.937	0.1	False				False					nolight	0.0	nan	False		False	2.0
12193.148	2.0	trials	go_tone	8000.0	80.0	12193.148	0.1	False				False					nolight	0.0	nan	False		False	2.0
12204.118	2.0	trials	go_tone	8000.0	80.0	12204.118	0.1	False				True	100.0	12.0	12204.518	12205.068000000001	delay	550.0	wS2	False		False	2.0
12215.428	2.0	trials	nogo_tone	4000.0	80.0	12215.428	0.1	True	5.0	12216.428	0.01	True	100.0	12.0	12215.828	12216.378	delay	550.0	wS2	True	12218.16	False	3.0
12242.439	2.0	trials	nogo_tone	4000.0	80.0	12242.439	0.1	False				False					nolight	0.0	nan	False		False	4.0
12253.879	2.0	trials	nogo_tone	4000.0	80.0	12253.879	0.1	True	5.0	12254.879	0.01	False					nolight	0.0	nan	False		False	3.0
12264.479	2.0	trials	go_tone	8000.0	80.0	12264.479	0.1	True	5.0	12265.479	0.01	False					nolight	0.0	nan	True	12267.116	False	1.0
12275.799	2.0	trials	go_tone	8000.0	80.0	12275.799	0.1	True	5.0	12276.799	0.01	True	100.0	12.0	12276.199	12276.749000000002	delay	550.0	wS2	False		False	1.0
12286.449	2.0	trials	go_tone	8000.0	80.0	12286.449	0.1	False				False					nolight	0.0	nan	False		False	2.0
12297.739	2.0	trials	go_tone	8000.0	80.0	12297.739	0.1	True	5.0	12298.739	0.01	False					nolight	0.0	nan	True	12300.392	False	1.0
12308.34	2.0	trials	no_tone					True	5.0	12309.34	0.01	False					nolight	0.0	nan	False		False	5.0
12319.13	2.0	trials	go_tone	8000.0	80.0	12319.13	0.1	False				True	100.0	12.0	12319.529999999999	12320.08	delay	550.0	wS2	False		False	2.0
12330.25	2.0	trials	go_tone	8000.0	80.0	12330.25	0.1	True	5.0	12331.25	0.01	True	100.0	12.0	12330.65	12331.2	delay	550.0	wS2	True	12332.917	False	1.0
12341.036	2.0	trials	no_tone					True	5.0	12342.036	0.01	False					nolight	0.0	nan	False		False	5.0
12352.5	2.0	trials	no_tone					True	5.0	12353.5	0.01	True	100.0	12.0	12352.9	12353.45	delay	550.0	wS2	True	12355.271	False	5.0
12379.431	2.0	trials	nogo_tone	4000.0	80.0	12379.431	0.1	True	5.0	12380.431	0.01	False					nolight	0.0	nan	False		False	3.0
12390.011	2.0	trials	go_tone	8000.0	80.0	12390.011	0.1	False				False					nolight	0.0	nan	False		False	2.0
12401.081	2.0	trials	no_tone					True	5.0	12402.081	0.01	False					nolight	0.0	nan	False		False	5.0
12411.851	2.0	trials	no_tone					True	5.0	12412.851	0.01	True	100.0	12.0	12412.251	12412.801000000001	delay	550.0	wS2	False		False	5.0
12423.272	2.0	trials	go_tone	8000.0	80.0	12423.272	0.1	True	5.0	12424.272	0.01	False					nolight	0.0	nan	True	12426.032000000001	False	1.0
12434.492	2.0	trials	go_tone	8000.0	80.0	12434.492	0.1	True	5.0	12435.492	0.01	False					nolight	0.0	nan	True	12436.523000000001	True	1.0
12450.532	2.0	trials	go_tone	8000.0	80.0	12450.532	0.1	True	5.0	12451.532	0.01	False					nolight	0.0	nan	False		False	1.0
12461.422	2.0	trials	nogo_tone	4000.0	80.0	12461.422	0.1	False				True	100.0	12.0	12461.822	12462.372000000001	delay	550.0	wS2	False		False	4.0
12476.632	2.0	trials	nogo_tone	4000.0	80.0	12476.632	0.1	True	5.0	12477.632	0.01	False					nolight	0.0	nan	False		False	3.0
12487.243	2.0	trials	no_tone					True	5.0	12488.243	0.01	False					nolight	0.0	nan	False		False	5.0
12498.133	2.0	trials	go_tone	8000.0	80.0	12498.133	0.1	False				True	100.0	12.0	12498.533	12499.083	delay	550.0	wS2	False		False	2.0
12510.003	2.0	trials	nogo_tone	4000.0	80.0	12510.003	0.1	False				False					nolight	0.0	nan	True	12511.663	True	4.0
12525.923	2.0	trials	nogo_tone	4000.0	80.0	12525.923	0.1	False				False					nolight	0.0	nan	True	12527.999	True	4.0
12542.794	2.0	trials	nogo_tone	4000.0	80.0	12542.794	0.1	False				False					nolight	0.0	nan	False		False	4.0
12554.174	2.0	trials	nogo_tone	4000.0	80.0	12554.174	0.1	True	5.0	12555.174	0.01	True	100.0	12.0	12554.574	12555.124000000002	delay	550.0	wS2	True	12556.004	True	3.0
12572.434	2.0	trials	nogo_tone	4000.0	80.0	12572.434	0.1	True	5.0	12573.434	0.01	True	100.0	12.0	12572.833999999999	12573.384	delay	550.0	wS2	False		False	3.0
12583.624	2.0	trials	go_tone	8000.0	80.0	12583.624	0.1	False				False					nolight	0.0	nan	True	12585.574	True	2.0
12599.575	2.0	trials	go_tone	8000.0	80.0	12599.575	0.1	False				False					nolight	0.0	nan	False		False	2.0
12610.585	2.0	trials	go_tone	8000.0	80.0	12610.585	0.1	False				False					nolight	0.0	nan	False		False	2.0
12623.865	2.0	trials	nogo_tone	4000.0	80.0	12623.865	0.1	True	5.0	12624.865	0.01	False					nolight	0.0	nan	False		False	3.0
12635.076	2.0	trials	go_tone	8000.0	80.0	12635.076	0.1	False				False					nolight	0.0	nan	False		False	2.0
12646.176	2.0	trials	go_tone	8000.0	80.0	12646.176	0.1	False				True	100.0	12.0	12646.576	12647.126	delay	550.0	wS2	False		False	2.0
12657.186	2.0	trials	go_tone	8000.0	80.0	12657.186	0.1	False				False					nolight	0.0	nan	False		False	2.0
12667.906	2.0	trials	no_tone					True	5.0	12668.906	0.01	False					nolight	0.0	nan	False		False	5.0
12679.206	2.0	trials	nogo_tone	4000.0	80.0	12679.206	0.1	False				False					nolight	0.0	nan	False		False	4.0
12690.066	2.0	trials	nogo_tone	4000.0	80.0	12690.066	0.1	False				True	100.0	12.0	12690.466	12691.016000000001	delay	550.0	wS2	False		False	4.0
12701.176	2.0	trials	go_tone	8000.0	80.0	12701.176	0.1	True	5.0	12702.176	0.01	False					nolight	0.0	nan	True	12703.908	False	1.0
12712.577	2.0	trials	go_tone	8000.0	80.0	12712.577	0.1	False				False					nolight	0.0	nan	False		False	2.0
12723.697	2.0	trials	no_tone					True	5.0	12724.697	0.01	True	100.0	12.0	12724.097	12724.647	delay	550.0	wS2	True	12726.369	False	5.0
12750.928	2.0	trials	nogo_tone	4000.0	80.0	12750.928	0.1	True	5.0	12751.928	0.01	False					nolight	0.0	nan	False		False	3.0
12761.978	2.0	trials	go_tone	8000.0	80.0	12761.978	0.1	False				False					nolight	0.0	nan	False		False	2.0
12772.978	2.0	trials	nogo_tone	4000.0	80.0	12772.978	0.1	True	5.0	12773.978	0.01	True	100.0	12.0	12773.377999999999	12773.928	delay	550.0	wS2	False		False	3.0
12783.668	2.0	trials	no_tone					True	5.0	12784.668	0.01	False					nolight	0.0	nan	False		False	5.0
12794.448	2.0	trials	no_tone					True	5.0	12795.448	0.01	False					nolight	0.0	nan	False		False	5.0
12805.078	2.0	trials	go_tone	8000.0	80.0	12805.078	0.1	False				True	100.0	12.0	12805.478	12806.028	delay	550.0	wS2	False		False	2.0
12816.098	2.0	trials	go_tone	8000.0	80.0	12816.098	0.1	True	5.0	12817.098	0.01	True	100.0	12.0	12816.498	12817.048	delay	550.0	wS2	True	12816.278	True	1.0
12830.289	2.0	trials	go_tone	8000.0	80.0	12830.289	0.1	True	5.0	12831.289	0.01	True	100.0	12.0	12830.689	12831.239000000001	delay	550.0	wS2	False		False	1.0
12840.95	2.0	trials	go_tone	8000.0	80.0	12840.95	0.1	True	5.0	12841.95	0.01	True	100.0	12.0	12841.35	12841.900000000001	delay	550.0	wS2	False		False	1.0
12851.729	2.0	trials	go_tone	8000.0	80.0	12851.729	0.1	False				True	100.0	12.0	12852.128999999999	12852.679	delay	550.0	wS2	False		False	2.0
12862.699	2.0	trials	nogo_tone	4000.0	80.0	12862.699	0.1	False				False					nolight	0.0	nan	True	12866.222	False	4.0
12889.8	2.0	trials	no_tone					True	5.0	12890.8	0.01	True	100.0	12.0	12890.199999999999	12890.75	delay	550.0	wS2	False		False	5.0
12900.56	2.0	trials	nogo_tone	4000.0	80.0	12900.56	0.1	True	5.0	12901.56	0.01	False					nolight	0.0	nan	False		False	3.0
12911.55	2.0	trials	nogo_tone	4000.0	80.0	12911.55	0.1	True	5.0	12912.55	0.01	True	100.0	12.0	12911.949999999999	12912.5	delay	550.0	wS2	False		False	3.0
12922.16	2.0	trials	nogo_tone	4000.0	80.0	12922.16	0.1	True	5.0	12923.16	0.01	False					nolight	0.0	nan	False		False	3.0
12933.521	2.0	trials	go_tone	8000.0	80.0	12933.521	0.1	False				False					nolight	0.0	nan	False		False	2.0
12944.241	2.0	trials	no_tone					True	5.0	12945.241	0.01	False					nolight	0.0	nan	False		False	5.0
12955.235	2.0	trials	go_tone	8000.0	80.0	12955.235	0.1	False				False					nolight	0.0	nan	False		False	2.0
12966.011	2.0	trials	go_tone	8000.0	80.0	12966.011	0.1	True	5.0	12967.011	0.01	False					nolight	0.0	nan	True	12968.732	False	1.0
12977.221	2.0	trials	go_tone	8000.0	80.0	12977.221	0.1	True	5.0	12978.221	0.01	False					nolight	0.0	nan	True	12979.877	False	1.0
12988.028	2.0	trials	go_tone	8000.0	80.0	12988.028	0.1	True	5.0	12989.028	0.01	False					nolight	0.0	nan	True	12990.655	False	1.0
12998.762	2.0	trials	go_tone	8000.0	80.0	12998.762	0.1	True	5.0	12999.762	0.01	True	100.0	12.0	12999.162	12999.712000000001	delay	550.0	wS2	True	13000.802000000001	True	1.0
13014.812	2.0	trials	go_tone	8000.0	80.0	13014.812	0.1	True	5.0	13015.812	0.01	True	100.0	12.0	13015.212	13015.762	delay	550.0	wS2	True	13017.492	False	1.0
13026.232	2.0	trials	no_tone					True	5.0	13027.232	0.01	True	100.0	12.0	13026.632	13027.182	delay	550.0	wS2	True	13028.9	False	5.0
13052.943	2.0	trials	go_tone	8000.0	80.0	13052.943	0.1	True	5.0	13053.943	0.01	False					nolight	0.0	nan	True	13055.661999999998	False	1.0
13063.973	2.0	trials	go_tone	8000.0	80.0	13063.973	0.1	True	5.0	13064.973	0.01	False					nolight	0.0	nan	False		False	1.0
13075.063	2.0	trials	no_tone					True	5.0	13076.063	0.01	False					nolight	0.0	nan	False		False	5.0
13086.324	2.0	trials	nogo_tone	4000.0	80.0	13086.324	0.1	False				False					nolight	0.0	nan	False		False	4.0
13097.024	2.0	trials	nogo_tone	4000.0	80.0	13097.024	0.1	False				False					nolight	0.0	nan	False		False	4.0
13108.404	2.0	trials	go_tone	8000.0	80.0	13108.404	0.1	False				True	100.0	12.0	13108.804	13109.354000000001	delay	550.0	wS2	False		False	2.0
13119.544	2.0	trials	nogo_tone	4000.0	80.0	13119.544	0.1	True	5.0	13120.544	0.01	False					nolight	0.0	nan	False		False	3.0
13130.985	2.0	trials	go_tone	8000.0	80.0	13130.985	0.1	True	5.0	13131.985	0.01	False					nolight	0.0	nan	False		False	1.0
13142.135	2.0	trials	go_tone	8000.0	80.0	13142.135	0.1	False				False					nolight	0.0	nan	False		False	2.0
13153.125	2.0	trials	nogo_tone	4000.0	80.0	13153.125	0.1	True	5.0	13154.125	0.01	True	100.0	12.0	13153.525	13154.075	delay	550.0	wS2	False		False	3.0
13164.415	2.0	trials	go_tone	8000.0	80.0	13164.415	0.1	False				False					nolight	0.0	nan	False		False	2.0
13174.991	2.0	trials	nogo_tone	4000.0	80.0	13174.991	0.1	True	5.0	13175.991	0.01	False					nolight	0.0	nan	False		False	3.0
13185.895	2.0	trials	no_tone					True	5.0	13186.895	0.01	False					nolight	0.0	nan	False		False	5.0
13196.985	2.0	trials	nogo_tone	4000.0	80.0	13196.985	0.1	True	5.0	13197.985	0.01	False					nolight	0.0	nan	False		False	3.0
13207.996	2.0	trials	go_tone	8000.0	80.0	13207.996	0.1	True	5.0	13208.996	0.01	False					nolight	0.0	nan	False		False	1.0
13219.006	2.0	trials	go_tone	8000.0	80.0	13219.006	0.1	False				False					nolight	0.0	nan	False		False	2.0
13230.256	2.0	trials	go_tone	8000.0	80.0	13230.256	0.1	False				True	100.0	12.0	13230.655999999999	13231.206	delay	550.0	wS2	False		False	2.0
13241.686	2.0	trials	go_tone	8000.0	80.0	13241.686	0.1	False				False					nolight	0.0	nan	False		False	2.0
13253.076	2.0	trials	nogo_tone	4000.0	80.0	13253.076	0.1	False				True	100.0	12.0	13253.475999999999	13254.026	delay	550.0	wS2	False		False	4.0
13263.656	2.0	trials	no_tone					True	5.0	13264.656	0.01	False					nolight	0.0	nan	False		False	5.0
13274.897	2.0	trials	no_tone					True	5.0	13275.897	0.01	False					nolight	0.0	nan	False		False	5.0
13285.679	2.0	trials	nogo_tone	4000.0	80.0	13285.679	0.1	True	5.0	13286.679	0.01	False					nolight	0.0	nan	False		False	3.0
13297.147	2.0	trials	go_tone	8000.0	80.0	13297.147	0.1	False				False					nolight	0.0	nan	False		False	2.0
13308.557	2.0	trials	go_tone	8000.0	80.0	13308.557	0.1	False				True	100.0	12.0	13308.957	13309.507000000001	delay	550.0	wS2	False		False	2.0
13319.677	2.0	trials	no_tone					True	5.0	13320.677	0.01	True	100.0	12.0	13320.077	13320.627	delay	550.0	wS2	True	13322.373	False	5.0
13346.858	2.0	trials	nogo_tone	4000.0	80.0	13346.858	0.1	True	5.0	13347.858	0.01	True	100.0	12.0	13347.258	13347.808	delay	550.0	wS2	False		False	3.0
13357.778	2.0	trials	go_tone	8000.0	80.0	13357.778	0.1	True	5.0	13358.778	0.01	True	100.0	12.0	13358.178	13358.728000000001	delay	550.0	wS2	True	13360.453	False	1.0
13368.578	2.0	trials	go_tone	8000.0	80.0	13368.578	0.1	False				False					nolight	0.0	nan	False		False	2.0
13379.969	2.0	trials	go_tone	8000.0	80.0	13379.969	0.1	True	5.0	13380.969	0.01	False					nolight	0.0	nan	True	13382.953	False	1.0
13391.159	2.0	trials	go_tone	8000.0	80.0	13391.159	0.1	False				True	100.0	12.0	13391.559	13392.109	delay	550.0	wS2	False		False	2.0
13402.039	2.0	trials	go_tone	8000.0	80.0	13402.039	0.1	True	5.0	13403.039	0.01	False					nolight	0.0	nan	False		False	1.0
13412.739	2.0	trials	nogo_tone	4000.0	80.0	13412.739	0.1	True	5.0	13413.739	0.01	True	100.0	12.0	13413.139	13413.689	delay	550.0	wS2	False		False	3.0
13423.769	2.0	trials	no_tone					True	5.0	13424.769	0.01	False					nolight	0.0	nan	False		False	5.0
13435.07	2.0	trials	nogo_tone	4000.0	80.0	13435.07	0.1	True	5.0	13436.07	0.01	False					nolight	0.0	nan	False		False	3.0
13445.67	2.0	trials	go_tone	8000.0	80.0	13445.67	0.1	True	5.0	13446.67	0.01	False					nolight	0.0	nan	False		False	1.0
13456.256	2.0	trials	no_tone					True	5.0	13457.256	0.01	True	100.0	12.0	13456.655999999999	13457.206	delay	550.0	wS2	False		False	5.0
13467.42	2.0	trials	nogo_tone	4000.0	80.0	13467.42	0.1	False				False					nolight	0.0	nan	False		False	4.0
13478.821	2.0	trials	go_tone	8000.0	80.0	13478.821	0.1	False				False					nolight	0.0	nan	False		False	2.0
13490.361	2.0	trials	go_tone	8000.0	80.0	13490.361	0.1	False				False					nolight	0.0	nan	False		False	2.0
13500.955	2.0	trials	go_tone	8000.0	80.0	13500.955	0.1	False				True	100.0	12.0	13501.355	13501.905	delay	550.0	wS2	False		False	2.0
13511.651	2.0	trials	nogo_tone	4000.0	80.0	13511.651	0.1	True	5.0	13512.651	0.01	True	100.0	12.0	13512.051	13512.601	delay	550.0	wS2	False		False	3.0
13523.011	2.0	trials	nogo_tone	4000.0	80.0	13523.011	0.1	True	5.0	13524.011	0.01	False					nolight	0.0	nan	False		False	3.0
13533.691	2.0	trials	no_tone					True	5.0	13534.691	0.01	True	100.0	12.0	13534.091	13534.641000000001	delay	550.0	wS2	False		False	5.0
13544.571	2.0	trials	go_tone	8000.0	80.0	13544.571	0.1	False				False					nolight	0.0	nan	False		False	2.0
13556.012	2.0	trials	go_tone	8000.0	80.0	13556.012	0.1	False				False					nolight	0.0	nan	False		False	2.0
13567.522	2.0	trials	nogo_tone	4000.0	80.0	13567.522	0.1	True	5.0	13568.522	0.01	False					nolight	0.0	nan	False		False	3.0
13578.472	2.0	trials	no_tone					True	5.0	13579.472	0.01	False					nolight	0.0	nan	False		False	5.0
13589.222	2.0	trials	nogo_tone	4000.0	80.0	13589.222	0.1	False				False					nolight	0.0	nan	False		False	4.0
13599.932	2.0	trials	no_tone					True	5.0	13600.932	0.01	False					nolight	0.0	nan	False		False	5.0
13610.673	2.0	trials	go_tone	8000.0	80.0	13610.673	0.1	False				True	100.0	12.0	13611.073	13611.623000000001	delay	550.0	wS2	False		False	2.0
13621.353	2.0	trials	go_tone	8000.0	80.0	13621.353	0.1	True	5.0	13622.353	0.01	True	100.0	12.0	13621.752999999999	13622.303	delay	550.0	wS2	False		False	1.0
13632.033	2.0	trials	nogo_tone	4000.0	80.0	13632.033	0.1	False				True	100.0	12.0	13632.432999999999	13632.983	delay	550.0	wS2	False		False	4.0
13643.163	2.0	trials	go_tone	8000.0	80.0	13643.163	0.1	False				False					nolight	0.0	nan	False		False	2.0
13653.754	2.0	trials	go_tone	8000.0	80.0	13653.754	0.1	False				False					nolight	0.0	nan	False		False	2.0
13664.474	2.0	trials	no_tone					True	5.0	13665.474	0.01	False					nolight	0.0	nan	False		False	5.0
13675.954	2.0	trials	nogo_tone	4000.0	80.0	13675.954	0.1	True	5.0	13676.954	0.01	False					nolight	0.0	nan	False		False	3.0
13687.075	2.0	trials	go_tone	8000.0	80.0	13687.075	0.1	True	5.0	13688.075	0.01	False					nolight	0.0	nan	False		False	1.0
13699.765	2.0	trials	go_tone	8000.0	80.0	13699.765	0.1	True	5.0	13700.765	0.01	True	100.0	12.0	13700.164999999999	13700.715	delay	550.0	wS2	True	13701.625	True	1.0
13715.635	2.0	trials	go_tone	8000.0	80.0	13715.635	0.1	True	5.0	13716.635	0.01	True	100.0	12.0	13716.035	13716.585000000001	delay	550.0	wS2	False		False	1.0
13727.035	2.0	trials	go_tone	8000.0	80.0	13727.035	0.1	False				True	100.0	12.0	13727.435	13727.985	delay	550.0	wS2	False		False	2.0
13737.934	2.0	trials	go_tone	8000.0	80.0	13737.934	0.1	False				True	100.0	12.0	13738.333999999999	13738.884	delay	550.0	wS2	True	13740.699999999999	False	2.0
13764.636	2.0	trials	nogo_tone	4000.0	80.0	13764.636	0.1	False				False					nolight	0.0	nan	False		False	4.0
