onset	duration	nwb_table	context	auditory_stim_frequency	auditory_stim_amplitude	auditory_stim_time	auditory_stim_duration	whisker_stim	whisker_stim_amplitude	whisker_stim_time	whisker_stim_duration	opto_stim	opto_stim_frequency	opto_stim_amplitude	opto_stim_start_time	opto_stim_stop_time	opto_window	opto_duration	opto_area	lick_flag	lick_time	early_lick	trial_type
13.469	2.0	trials	no_tone					True	5.0	14.469	0.01	False					nolight	0.0	nan	True	16.262999999999998	False	5.0
24.119	2.0	trials	nogo_tone	4000.0	80.0	24.119	0.1	False				False					nolight	0.0	nan	False		False	4.0
35.069	2.0	trials	nogo_tone	4000.0	80.0	35.069	0.1	True	5.0	36.069	0.01	True	100.0	12.0	35.469	36.019000000000005	delay	550.0	A1	False		False	3.0
45.959	2.0	trials	nogo_tone	4000.0	80.0	45.959	0.1	False				False					nolight	0.0	nan	False		False	4.0
56.86	2.0	trials	go_tone	8000.0	80.0	56.86	0.1	False				False					nolight	0.0	nan	True	59.059	True	2.0
69.059	2.0	trials	go_tone	8000.0	80.0	69.059	0.1	False				False					nolight	0.0	nan	True	71.604	False	2.0
80.41	2.0	trials	nogo_tone	4000.0	80.0	80.41	0.1	True	5.0	81.41	0.01	False					nolight	0.0	nan	False		False	3.0
91.01	2.0	trials	nogo_tone	4000.0	80.0	91.01	0.1	True	5.0	92.01	0.01	True	100.0	12.0	90.96000000000001	91.41000000000001	audio	450.0	A1	False		False	3.0
101.9	2.0	trials	no_tone					True	5.0	102.9	0.01	False					nolight	0.0	nan	True	105.018	False	5.0
112.822	2.0	trials	go_tone	8000.0	80.0	112.822	0.1	False				False					nolight	0.0	nan	False		False	2.0
123.93	2.0	trials	no_tone					True	5.0	124.93	0.01	False					nolight	0.0	nan	False		False	5.0
134.901	2.0	trials	nogo_tone	4000.0	80.0	134.901	0.1	False				False					nolight	0.0	nan	False		False	4.0
146.051	2.0	trials	go_tone	8000.0	80.0	146.051	0.1	True	5.0	147.051	0.01	True	100.0	12.0	146.00099999999998	146.451	audio	450.0	A1	True	148.773	False	1.0
157.601	2.0	trials	go_tone	8000.0	80.0	157.601	0.1	False				False					nolight	0.0	nan	False		False	2.0
169.521	2.0	trials	go_tone	8000.0	80.0	169.521	0.1	False				True	100.0	12.0	170.47099999999998	170.821	whisker	350.0	A1	True	172.73499999999999	False	2.0
180.951	2.0	trials	go_tone	8000.0	80.0	180.951	0.1	True	5.0	181.951	0.01	False					nolight	0.0	nan	True	183.501	True	1.0
193.511	2.0	trials	go_tone	8000.0	80.0	193.511	0.1	True	5.0	194.511	0.01	False					nolight	0.0	nan	True	195.661	True	1.0
205.665	2.0	trials	go_tone	8000.0	80.0	205.665	0.1	True	5.0	206.665	0.01	False					nolight	0.0	nan	True	207.822	True	1.0
217.822	2.0	trials	go_tone	8000.0	80.0	217.822	0.1	True	5.0	218.822	0.01	False					nolight	0.0	nan	True	221.03900000000002	False	1.0
229.272	2.0	trials	go_tone	8000.0	80.0	229.272	0.1	True	5.0	230.272	0.01	False					nolight	0.0	nan	True	232.147	False	1.0
272.495	2.0	trials	nogo_tone	4000.0	80.0	272.495	0.1	False				False					nolight	0.0	nan	False		False	4.0
283.577	2.0	trials	no_tone					True	5.0	284.577	0.01	True	100.0	12.0	284.527	284.877	whisker	350.0	A1	False		False	5.0
294.294	2.0	trials	go_tone	8000.0	80.0	294.294	0.1	False				False					nolight	0.0	nan	True	296.764	True	2.0
306.764	2.0	trials	go_tone	8000.0	80.0	306.764	0.1	False				False					nolight	0.0	nan	True	308.80400000000003	True	2.0
318.806	2.0	trials	go_tone	8000.0	80.0	318.806	0.1	False				False					nolight	0.0	nan	True	320.99399999999997	True	2.0
330.994	2.0	trials	go_tone	8000.0	80.0	330.994	0.1	False				False					nolight	0.0	nan	True	333.435	True	2.0
343.449	2.0	trials	go_tone	8000.0	80.0	343.449	0.1	False				False					nolight	0.0	nan	True	345.773	True	2.0
355.774	2.0	trials	go_tone	8000.0	80.0	355.774	0.1	False				False					nolight	0.0	nan	True	358.497	False	2.0
366.755	2.0	trials	go_tone	8000.0	80.0	366.755	0.1	True	5.0	367.755	0.01	True	100.0	12.0	367.155	367.705	delay	550.0	A1	True	369.902	False	1.0
377.415	2.0	trials	no_tone					True	5.0	378.415	0.01	False					nolight	0.0	nan	True	380.44100000000003	False	5.0
388.035	2.0	trials	no_tone					True	5.0	389.035	0.01	False					nolight	0.0	nan	True	390.89500000000004	False	5.0
398.725	2.0	trials	nogo_tone	4000.0	80.0	398.725	0.1	True	5.0	399.725	0.01	False					nolight	0.0	nan	False		False	3.0
409.777	2.0	trials	go_tone	8000.0	80.0	409.777	0.1	False				False					nolight	0.0	nan	False		False	2.0
420.847	2.0	trials	nogo_tone	4000.0	80.0	420.847	0.1	True	5.0	421.847	0.01	False					nolight	0.0	nan	False		False	3.0
432.188	2.0	trials	go_tone	8000.0	80.0	432.188	0.1	True	5.0	433.188	0.01	False					nolight	0.0	nan	True	434.336	True	1.0
444.336	2.0	trials	go_tone	8000.0	80.0	444.336	0.1	True	5.0	445.336	0.01	False					nolight	0.0	nan	True	447.593	False	1.0
456.376	2.0	trials	go_tone	8000.0	80.0	456.376	0.1	True	5.0	457.376	0.01	False					nolight	0.0	nan	True	459.471	False	1.0
467.827	2.0	trials	nogo_tone	4000.0	80.0	467.827	0.1	False				False					nolight	0.0	nan	False		False	4.0
479.286	2.0	trials	no_tone					True	5.0	480.286	0.01	True	100.0	12.0	479.686	480.236	delay	550.0	A1	False		False	5.0
489.937	2.0	trials	go_tone	8000.0	80.0	489.937	0.1	False				False					nolight	0.0	nan	True	492.48400000000004	False	2.0
500.517	2.0	trials	nogo_tone	4000.0	80.0	500.517	0.1	True	5.0	501.517	0.01	True	100.0	12.0	501.467	501.817	whisker	350.0	A1	False		False	3.0
511.427	2.0	trials	nogo_tone	4000.0	80.0	511.427	0.1	False				True	100.0	12.0	511.377	511.827	audio	450.0	A1	False		False	4.0
522.747	2.0	trials	go_tone	8000.0	80.0	522.747	0.1	False				True	100.0	12.0	522.697	523.1469999999999	audio	450.0	A1	False		False	2.0
533.317	2.0	trials	nogo_tone	4000.0	80.0	533.317	0.1	True	5.0	534.317	0.01	False					nolight	0.0	nan	False		False	3.0
544.707	2.0	trials	nogo_tone	4000.0	80.0	544.707	0.1	True	5.0	545.707	0.01	False					nolight	0.0	nan	False		False	3.0
555.548	2.0	trials	nogo_tone	4000.0	80.0	555.548	0.1	False				False					nolight	0.0	nan	False		False	4.0
566.188	2.0	trials	go_tone	8000.0	80.0	566.188	0.1	False				True	100.0	12.0	566.588	567.138	delay	550.0	A1	False		False	2.0
576.988	2.0	trials	nogo_tone	4000.0	80.0	576.988	0.1	False				True	100.0	12.0	577.9380000000001	578.288	whisker	350.0	A1	False		False	4.0
587.578	2.0	trials	nogo_tone	4000.0	80.0	587.578	0.1	True	5.0	588.578	0.01	False					nolight	0.0	nan	False		False	3.0
598.398	2.0	trials	go_tone	8000.0	80.0	598.398	0.1	True	5.0	599.398	0.01	True	100.0	12.0	599.3480000000001	599.698	whisker	350.0	A1	False		False	1.0
609.668	2.0	trials	go_tone	8000.0	80.0	609.668	0.1	True	5.0	610.668	0.01	False					nolight	0.0	nan	True	612.818	False	1.0
620.709	2.0	trials	nogo_tone	4000.0	80.0	620.709	0.1	False				True	100.0	12.0	621.1089999999999	621.659	delay	550.0	A1	False		False	4.0
631.949	2.0	trials	no_tone					True	5.0	632.949	0.01	False					nolight	0.0	nan	False		False	5.0
643.2	2.0	trials	no_tone					True	5.0	644.2	0.01	True	100.0	12.0	643.1500000000001	643.6	audio	450.0	A1	False		False	5.0
654.159	2.0	trials	go_tone	8000.0	80.0	654.159	0.1	True	5.0	655.159	0.01	False					nolight	0.0	nan	True	657.576	False	1.0
665.72	2.0	trials	nogo_tone	4000.0	80.0	665.72	0.1	True	5.0	666.72	0.01	True	100.0	12.0	666.12	666.6700000000001	delay	550.0	A1	False		False	3.0
676.48	2.0	trials	nogo_tone	4000.0	80.0	676.48	0.1	False				True	100.0	12.0	676.4300000000001	676.88	audio	450.0	A1	False		False	4.0
687.151	2.0	trials	go_tone	8000.0	80.0	687.151	0.1	True	5.0	688.151	0.01	False					nolight	0.0	nan	True	690.1759999999999	False	1.0
698.26	2.0	trials	go_tone	8000.0	80.0	698.26	0.1	True	5.0	699.26	0.01	True	100.0	12.0	698.66	699.21	delay	550.0	A1	True	701.156	False	1.0
710.49	2.0	trials	go_tone	8000.0	80.0	710.49	0.1	False				False					nolight	0.0	nan	True	712.6800000000001	True	2.0
722.683	2.0	trials	go_tone	8000.0	80.0	722.683	0.1	False				False					nolight	0.0	nan	True	725.601	False	2.0
733.661	2.0	trials	nogo_tone	4000.0	80.0	733.661	0.1	False				False					nolight	0.0	nan	False		False	4.0
744.561	2.0	trials	nogo_tone	4000.0	80.0	744.561	0.1	False				False					nolight	0.0	nan	False		False	4.0
755.681	2.0	trials	go_tone	8000.0	80.0	755.681	0.1	True	5.0	756.681	0.01	False					nolight	0.0	nan	True	758.6980000000001	False	1.0
766.741	2.0	trials	go_tone	8000.0	80.0	766.741	0.1	False				False					nolight	0.0	nan	True	769.761	False	2.0
777.411	2.0	trials	go_tone	8000.0	80.0	777.411	0.1	True	5.0	778.411	0.01	True	100.0	12.0	777.361	777.8109999999999	audio	450.0	A1	True	780.434	False	1.0
788.441	2.0	trials	nogo_tone	4000.0	80.0	788.441	0.1	False				True	100.0	12.0	788.841	789.3910000000001	delay	550.0	A1	False		False	4.0
799.722	2.0	trials	no_tone					True	5.0	800.722	0.01	False					nolight	0.0	nan	False		False	5.0
810.583	2.0	trials	nogo_tone	4000.0	80.0	810.583	0.1	True	5.0	811.583	0.01	False					nolight	0.0	nan	False		False	3.0
821.212	2.0	trials	no_tone					True	5.0	822.212	0.01	False					nolight	0.0	nan	True	824.075	False	5.0
832.092	2.0	trials	nogo_tone	4000.0	80.0	832.092	0.1	False				False					nolight	0.0	nan	False		False	4.0
842.962	2.0	trials	nogo_tone	4000.0	80.0	842.962	0.1	False				True	100.0	12.0	843.912	844.262	whisker	350.0	A1	False		False	4.0
853.563	2.0	trials	go_tone	8000.0	80.0	853.563	0.1	False				True	100.0	12.0	853.513	853.963	audio	450.0	A1	False		False	2.0
864.403	2.0	trials	go_tone	8000.0	80.0	864.403	0.1	True	5.0	865.403	0.01	True	100.0	12.0	865.3530000000001	865.703	whisker	350.0	A1	True	867.341	False	1.0
876.045	2.0	trials	nogo_tone	4000.0	80.0	876.045	0.1	True	5.0	877.045	0.01	False					nolight	0.0	nan	True	879.11	False	3.0
886.733	2.0	trials	nogo_tone	4000.0	80.0	886.733	0.1	True	5.0	887.733	0.01	False					nolight	0.0	nan	False		False	3.0
897.413	2.0	trials	nogo_tone	4000.0	80.0	897.413	0.1	False				False					nolight	0.0	nan	False		False	4.0
908.704	2.0	trials	no_tone					True	5.0	909.704	0.01	True	100.0	12.0	909.1039999999999	909.654	delay	550.0	A1	False		False	5.0
920.834	2.0	trials	nogo_tone	4000.0	80.0	920.834	0.1	True	5.0	921.834	0.01	False					nolight	0.0	nan	False		False	3.0
932.046	2.0	trials	go_tone	8000.0	80.0	932.046	0.1	True	5.0	933.046	0.01	False					nolight	0.0	nan	True	934.3240000000001	True	1.0
944.324	2.0	trials	go_tone	8000.0	80.0	944.324	0.1	True	5.0	945.324	0.01	False					nolight	0.0	nan	True	946.765	True	1.0
957.416	2.0	trials	go_tone	8000.0	80.0	957.416	0.1	True	5.0	958.416	0.01	False					nolight	0.0	nan	True	960.238	False	1.0
968.745	2.0	trials	go_tone	8000.0	80.0	968.745	0.1	False				False					nolight	0.0	nan	True	970.745	True	2.0
980.755	2.0	trials	go_tone	8000.0	80.0	980.755	0.1	False				False					nolight	0.0	nan	True	983.475	False	2.0
991.775	2.0	trials	no_tone					True	5.0	992.775	0.01	True	100.0	12.0	991.725	992.175	audio	450.0	A1	True	994.747	False	5.0
1003.065	2.0	trials	no_tone					True	5.0	1004.065	0.01	False					nolight	0.0	nan	False		False	5.0
1014.475	2.0	trials	nogo_tone	4000.0	80.0	1014.475	0.1	True	5.0	1015.475	0.01	True	100.0	12.0	1014.4250000000001	1014.875	audio	450.0	A1	False		False	3.0
1025.2359999999999	2.0	trials	no_tone					True	5.0	1026.2359999999999	0.01	False					nolight	0.0	nan	False		False	5.0
1036.338	2.0	trials	go_tone	8000.0	80.0	1036.338	0.1	False				False					nolight	0.0	nan	True	1039.0	False	2.0
1047.308	2.0	trials	go_tone	8000.0	80.0	1047.308	0.1	True	5.0	1048.308	0.01	False					nolight	0.0	nan	True	1050.532	False	1.0
1057.956	2.0	trials	go_tone	8000.0	80.0	1057.956	0.1	False				True	100.0	12.0	1058.356	1058.906	delay	550.0	A1	True	1061.145	False	2.0
1068.756	2.0	trials	no_tone					True	5.0	1069.756	0.01	False					nolight	0.0	nan	False		False	5.0
1079.389	2.0	trials	go_tone	8000.0	80.0	1079.389	0.1	True	5.0	1080.389	0.01	False					nolight	0.0	nan	True	1082.5629999999999	False	1.0
1090.517	2.0	trials	go_tone	8000.0	80.0	1090.517	0.1	False				False					nolight	0.0	nan	True	1092.8970000000002	True	2.0
1102.907	2.0	trials	go_tone	8000.0	80.0	1102.907	0.1	False				False					nolight	0.0	nan	False		False	2.0
1114.017	2.0	trials	no_tone					True	5.0	1115.017	0.01	False					nolight	0.0	nan	False		False	5.0
1125.327	2.0	trials	nogo_tone	4000.0	80.0	1125.327	0.1	True	5.0	1126.327	0.01	False					nolight	0.0	nan	False		False	3.0
1135.928	2.0	trials	nogo_tone	4000.0	80.0	1135.928	0.1	True	5.0	1136.928	0.01	False					nolight	0.0	nan	False		False	3.0
1147.268	2.0	trials	nogo_tone	4000.0	80.0	1147.268	0.1	False				False					nolight	0.0	nan	False		False	4.0
1158.618	2.0	trials	nogo_tone	4000.0	80.0	1158.618	0.1	False				False					nolight	0.0	nan	False		False	4.0
1170.108	2.0	trials	go_tone	8000.0	80.0	1170.108	0.1	True	5.0	1171.108	0.01	False					nolight	0.0	nan	True	1172.6309999999999	True	1.0
1182.638	2.0	trials	go_tone	8000.0	80.0	1182.638	0.1	True	5.0	1183.638	0.01	False					nolight	0.0	nan	True	1186.032	False	1.0
1194.149	2.0	trials	go_tone	8000.0	80.0	1194.149	0.1	False				True	100.0	12.0	1195.099	1195.4489999999998	whisker	350.0	A1	False		False	2.0
1204.928	2.0	trials	nogo_tone	4000.0	80.0	1204.928	0.1	True	5.0	1205.928	0.01	True	100.0	12.0	1205.8780000000002	1206.228	whisker	350.0	A1	False		False	3.0
1215.759	2.0	trials	go_tone	8000.0	80.0	1215.759	0.1	False				False					nolight	0.0	nan	True	1218.536	False	2.0
1226.659	2.0	trials	no_tone					True	5.0	1227.659	0.01	True	100.0	12.0	1227.6090000000002	1227.959	whisker	350.0	A1	True	1229.8310000000001	False	5.0
1237.299	2.0	trials	go_tone	8000.0	80.0	1237.299	0.1	True	5.0	1238.299	0.01	False					nolight	0.0	nan	True	1239.868	False	1.0
1249.519	2.0	trials	nogo_tone	4000.0	80.0	1249.519	0.1	False				False					nolight	0.0	nan	False		False	4.0
1260.614	2.0	trials	no_tone					True	5.0	1261.614	0.01	False					nolight	0.0	nan	True	1263.608	False	5.0
1271.701	2.0	trials	go_tone	8000.0	80.0	1271.701	0.1	False				False					nolight	0.0	nan	False		False	2.0
1282.79	2.0	trials	no_tone					True	5.0	1283.79	0.01	True	100.0	12.0	1282.74	1283.19	audio	450.0	A1	True	1285.668	False	5.0
1294.05	2.0	trials	nogo_tone	4000.0	80.0	1294.05	0.1	True	5.0	1295.05	0.01	False					nolight	0.0	nan	False		False	3.0
1304.894	2.0	trials	go_tone	8000.0	80.0	1304.894	0.1	True	5.0	1305.894	0.01	True	100.0	12.0	1304.844	1305.294	audio	450.0	A1	False		False	1.0
1315.65	2.0	trials	nogo_tone	4000.0	80.0	1315.65	0.1	False				False					nolight	0.0	nan	False		False	4.0
1327.091	2.0	trials	nogo_tone	4000.0	80.0	1327.091	0.1	False				True	100.0	12.0	1327.491	1328.041	delay	550.0	A1	False		False	4.0
1338.581	2.0	trials	no_tone					True	5.0	1339.581	0.01	False					nolight	0.0	nan	False		False	5.0
1349.611	2.0	trials	nogo_tone	4000.0	80.0	1349.611	0.1	True	5.0	1350.611	0.01	False					nolight	0.0	nan	False		False	3.0
1360.411	2.0	trials	go_tone	8000.0	80.0	1360.411	0.1	True	5.0	1361.411	0.01	False					nolight	0.0	nan	True	1363.7630000000001	False	1.0
1371.212	2.0	trials	go_tone	8000.0	80.0	1371.212	0.1	True	5.0	1372.212	0.01	True	100.0	12.0	1372.162	1372.512	whisker	350.0	A1	True	1373.442	True	1.0
1383.451	2.0	trials	go_tone	8000.0	80.0	1383.451	0.1	True	5.0	1384.451	0.01	True	100.0	12.0	1384.401	1384.751	whisker	350.0	A1	True	1386.171	False	1.0
1394.202	2.0	trials	go_tone	8000.0	80.0	1394.202	0.1	False				False					nolight	0.0	nan	True	1396.763	False	2.0
1405.432	2.0	trials	no_tone					True	5.0	1406.432	0.01	False					nolight	0.0	nan	False		False	5.0
1416.954	2.0	trials	nogo_tone	4000.0	80.0	1416.954	0.1	False				False					nolight	0.0	nan	False		False	4.0
1427.772	2.0	trials	nogo_tone	4000.0	80.0	1427.772	0.1	True	5.0	1428.772	0.01	False					nolight	0.0	nan	False		False	3.0
1439.032	2.0	trials	nogo_tone	4000.0	80.0	1439.032	0.1	True	5.0	1440.032	0.01	True	100.0	12.0	1439.982	1440.3319999999999	whisker	350.0	A1	False		False	3.0
1450.533	2.0	trials	nogo_tone	4000.0	80.0	1450.533	0.1	False				True	100.0	12.0	1451.483	1451.8329999999999	whisker	350.0	A1	False		False	4.0
1461.193	2.0	trials	go_tone	8000.0	80.0	1461.193	0.1	True	5.0	1462.193	0.01	False					nolight	0.0	nan	True	1464.081	False	1.0
1474.003	2.0	trials	no_tone					True	5.0	1475.003	0.01	False					nolight	0.0	nan	True	1476.918	False	5.0
1484.643	2.0	trials	go_tone	8000.0	80.0	1484.643	0.1	False				True	100.0	12.0	1485.593	1485.943	whisker	350.0	A1	True	1486.973	True	2.0
1496.984	2.0	trials	go_tone	8000.0	80.0	1496.984	0.1	False				True	100.0	12.0	1497.934	1498.2839999999999	whisker	350.0	A1	False		False	2.0
1507.653	2.0	trials	no_tone					True	5.0	1508.653	0.01	True	100.0	12.0	1508.603	1508.953	whisker	350.0	A1	False		False	5.0
1519.074	2.0	trials	nogo_tone	4000.0	80.0	1519.074	0.1	False				False					nolight	0.0	nan	False		False	4.0
1530.184	2.0	trials	go_tone	8000.0	80.0	1530.184	0.1	True	5.0	1531.184	0.01	True	100.0	12.0	1530.584	1531.134	delay	550.0	A1	True	1533.116	False	1.0
1541.564	2.0	trials	nogo_tone	4000.0	80.0	1541.564	0.1	True	5.0	1542.564	0.01	False					nolight	0.0	nan	True	1544.88	False	3.0
1552.516	2.0	trials	nogo_tone	4000.0	80.0	1552.516	0.1	False				False					nolight	0.0	nan	False		False	4.0
1563.414	2.0	trials	go_tone	8000.0	80.0	1563.414	0.1	False				True	100.0	12.0	1563.364	1563.814	audio	450.0	A1	False		False	2.0
1574.067	2.0	trials	go_tone	8000.0	80.0	1574.067	0.1	False				True	100.0	12.0	1574.467	1575.017	delay	550.0	A1	True	1576.923	False	2.0
1584.985	2.0	trials	no_tone					True	5.0	1585.985	0.01	False					nolight	0.0	nan	False		False	5.0
1595.837	2.0	trials	nogo_tone	4000.0	80.0	1595.837	0.1	True	5.0	1596.837	0.01	True	100.0	12.0	1596.237	1596.787	delay	550.0	A1	False		False	3.0
1607.07	2.0	trials	nogo_tone	4000.0	80.0	1607.07	0.1	True	5.0	1608.07	0.01	False					nolight	0.0	nan	True	1610.55	False	3.0
1618.096	2.0	trials	no_tone					True	5.0	1619.096	0.01	True	100.0	12.0	1618.496	1619.046	delay	550.0	A1	False		False	5.0
1628.806	2.0	trials	go_tone	8000.0	80.0	1628.806	0.1	False				False					nolight	0.0	nan	True	1631.175	True	2.0
1641.186	2.0	trials	go_tone	8000.0	80.0	1641.186	0.1	False				False					nolight	0.0	nan	True	1643.566	True	2.0
1653.576	2.0	trials	go_tone	8000.0	80.0	1653.576	0.1	False				False					nolight	0.0	nan	False		False	2.0
1664.472	2.0	trials	go_tone	8000.0	80.0	1664.472	0.1	False				False					nolight	0.0	nan	False		False	2.0
1675.533	2.0	trials	no_tone					True	5.0	1676.533	0.01	False					nolight	0.0	nan	False		False	5.0
1686.787	2.0	trials	nogo_tone	4000.0	80.0	1686.787	0.1	True	5.0	1687.787	0.01	True	100.0	12.0	1686.737	1687.1870000000001	audio	450.0	A1	False		False	3.0
1697.357	2.0	trials	nogo_tone	4000.0	80.0	1697.357	0.1	True	5.0	1698.357	0.01	False					nolight	0.0	nan	False		False	3.0
1708.158	2.0	trials	go_tone	8000.0	80.0	1708.158	0.1	True	5.0	1709.158	0.01	False					nolight	0.0	nan	True	1710.6809999999998	True	1.0
1720.687	2.0	trials	go_tone	8000.0	80.0	1720.687	0.1	True	5.0	1721.687	0.01	False					nolight	0.0	nan	True	1723.827	False	1.0
1732.097	2.0	trials	nogo_tone	4000.0	80.0	1732.097	0.1	False				False					nolight	0.0	nan	False		False	4.0
1742.938	2.0	trials	nogo_tone	4000.0	80.0	1742.938	0.1	False				True	100.0	12.0	1742.8880000000001	1743.3380000000002	audio	450.0	A1	True	1743.3980000000001	True	4.0
1753.408	2.0	trials	nogo_tone	4000.0	80.0	1753.408	0.1	False				True	100.0	12.0	1753.358	1753.808	audio	450.0	A1	False		False	4.0
1764.278	2.0	trials	go_tone	8000.0	80.0	1764.278	0.1	False				False					nolight	0.0	nan	True	1767.177	False	2.0
1775.593	2.0	trials	go_tone	8000.0	80.0	1775.593	0.1	True	5.0	1776.593	0.01	False					nolight	0.0	nan	True	1778.6280000000002	False	1.0
1786.759	2.0	trials	go_tone	8000.0	80.0	1786.759	0.1	True	5.0	1787.759	0.01	False					nolight	0.0	nan	True	1789.523	False	1.0
1797.978	2.0	trials	go_tone	8000.0	80.0	1797.978	0.1	False				False					nolight	0.0	nan	True	1800.1280000000002	True	2.0
1810.139	2.0	trials	go_tone	8000.0	80.0	1810.139	0.1	False				False					nolight	0.0	nan	True	1813.3729999999998	False	2.0
1821.31	2.0	trials	nogo_tone	4000.0	80.0	1821.31	0.1	False				True	100.0	12.0	1821.26	1821.71	audio	450.0	A1	False		False	4.0
1832.619	2.0	trials	go_tone	8000.0	80.0	1832.619	0.1	False				True	100.0	12.0	1833.569	1833.9189999999999	whisker	350.0	A1	True	1835.6409999999998	False	2.0
1843.989	2.0	trials	nogo_tone	4000.0	80.0	1843.989	0.1	True	5.0	1844.989	0.01	False					nolight	0.0	nan	False		False	3.0
1855.449	2.0	trials	nogo_tone	4000.0	80.0	1855.449	0.1	False				False					nolight	0.0	nan	False		False	4.0
1866.079	2.0	trials	nogo_tone	4000.0	80.0	1866.079	0.1	False				False					nolight	0.0	nan	False		False	4.0
1877.22	2.0	trials	no_tone					True	5.0	1878.22	0.01	False					nolight	0.0	nan	False		False	5.0
1888.57	2.0	trials	nogo_tone	4000.0	80.0	1888.57	0.1	True	5.0	1889.57	0.01	False					nolight	0.0	nan	False		False	3.0
1899.26	2.0	trials	nogo_tone	4000.0	80.0	1899.26	0.1	True	5.0	1900.26	0.01	True	100.0	12.0	1900.21	1900.56	whisker	350.0	A1	False		False	3.0
1910.8	2.0	trials	no_tone					True	5.0	1911.8	0.01	True	100.0	12.0	1910.75	1911.2	audio	450.0	A1	False		False	5.0
1922.061	2.0	trials	no_tone					True	5.0	1923.061	0.01	False					nolight	0.0	nan	False		False	5.0
1932.961	2.0	trials	go_tone	8000.0	80.0	1932.961	0.1	False				False					nolight	0.0	nan	True	1935.477	True	2.0
1945.481	2.0	trials	go_tone	8000.0	80.0	1945.481	0.1	False				False					nolight	0.0	nan	False		False	2.0
1956.881	2.0	trials	nogo_tone	4000.0	80.0	1956.881	0.1	True	5.0	1957.881	0.01	False					nolight	0.0	nan	False		False	3.0
1967.821	2.0	trials	nogo_tone	4000.0	80.0	1967.821	0.1	True	5.0	1968.821	0.01	True	100.0	12.0	1968.221	1968.771	delay	550.0	A1	False		False	3.0
1979.071	2.0	trials	go_tone	8000.0	80.0	1979.071	0.1	False				False					nolight	0.0	nan	False		False	2.0
1990.402	2.0	trials	go_tone	8000.0	80.0	1990.402	0.1	True	5.0	1991.402	0.01	False					nolight	0.0	nan	True	1993.287	False	1.0
2003.292	2.0	trials	go_tone	8000.0	80.0	2003.292	0.1	True	5.0	2004.292	0.01	False					nolight	0.0	nan	True	2004.0819999999999	True	1.0
2014.082	2.0	trials	go_tone	8000.0	80.0	2014.082	0.1	True	5.0	2015.082	0.01	False					nolight	0.0	nan	True	2016.423	True	1.0
2026.432	2.0	trials	go_tone	8000.0	80.0	2026.432	0.1	True	5.0	2027.432	0.01	False					nolight	0.0	nan	True	2029.486	False	1.0
2037.533	2.0	trials	no_tone					True	5.0	2038.533	0.01	True	100.0	12.0	2037.933	2038.483	delay	550.0	A1	False		False	5.0
2048.4629999999997	2.0	trials	nogo_tone	4000.0	80.0	2048.4629999999997	0.1	False				False					nolight	0.0	nan	False		False	4.0
2059.924	2.0	trials	nogo_tone	4000.0	80.0	2059.924	0.1	True	5.0	2060.924	0.01	False					nolight	0.0	nan	False		False	3.0
2071.293	2.0	trials	nogo_tone	4000.0	80.0	2071.293	0.1	True	5.0	2072.293	0.01	True	100.0	12.0	2071.243	2071.693	audio	450.0	A1	False		False	3.0
2082.313	2.0	trials	no_tone					True	5.0	2083.313	0.01	False					nolight	0.0	nan	False		False	5.0
2093.553	2.0	trials	go_tone	8000.0	80.0	2093.553	0.1	True	5.0	2094.553	0.01	False					nolight	0.0	nan	True	2097.0679999999998	False	1.0
2104.913	2.0	trials	nogo_tone	4000.0	80.0	2104.913	0.1	False				True	100.0	12.0	2105.863	2106.213	whisker	350.0	A1	False		False	4.0
2115.564	2.0	trials	go_tone	8000.0	80.0	2115.564	0.1	True	5.0	2116.564	0.01	True	100.0	12.0	2116.5139999999997	2116.864	whisker	350.0	A1	True	2118.4559999999997	False	1.0
2127.166	2.0	trials	go_tone	8000.0	80.0	2127.166	0.1	True	5.0	2128.166	0.01	False					nolight	0.0	nan	True	2129.395	True	1.0
2139.404	2.0	trials	go_tone	8000.0	80.0	2139.404	0.1	True	5.0	2140.404	0.01	False					nolight	0.0	nan	True	2142.48	False	1.0
2150.614	2.0	trials	go_tone	8000.0	80.0	2150.614	0.1	False				False					nolight	0.0	nan	True	2153.145	True	2.0
2163.154	2.0	trials	go_tone	8000.0	80.0	2163.154	0.1	False				False					nolight	0.0	nan	True	2166.346	False	2.0
2173.745	2.0	trials	no_tone					True	5.0	2174.745	0.01	False					nolight	0.0	nan	True	2176.77	False	5.0
2184.925	2.0	trials	no_tone					True	5.0	2185.925	0.01	False					nolight	0.0	nan	False		False	5.0
2196.187	2.0	trials	go_tone	8000.0	80.0	2196.187	0.1	True	5.0	2197.187	0.01	False					nolight	0.0	nan	True	2199.0679999999998	False	1.0
2207.755	2.0	trials	go_tone	8000.0	80.0	2207.755	0.1	True	5.0	2208.755	0.01	True	100.0	12.0	2207.705	2208.155	audio	450.0	A1	True	2210.446	False	1.0
2218.799	2.0	trials	nogo_tone	4000.0	80.0	2218.799	0.1	False				False					nolight	0.0	nan	False		False	4.0
2229.366	2.0	trials	go_tone	8000.0	80.0	2229.366	0.1	False				True	100.0	12.0	2229.766	2230.316	delay	550.0	A1	True	2231.636	True	2.0
2241.636	2.0	trials	go_tone	8000.0	80.0	2241.636	0.1	False				True	100.0	12.0	2242.036	2242.586	delay	550.0	A1	False		False	2.0
2254.086	2.0	trials	nogo_tone	4000.0	80.0	2254.086	0.1	True	5.0	2255.086	0.01	False					nolight	0.0	nan	False		False	3.0
2265.156	2.0	trials	go_tone	8000.0	80.0	2265.156	0.1	True	5.0	2266.156	0.01	True	100.0	12.0	2265.556	2266.1059999999998	delay	550.0	A1	True	2267.636	True	1.0
2277.636	2.0	trials	go_tone	8000.0	80.0	2277.636	0.1	True	5.0	2278.636	0.01	True	100.0	12.0	2278.036	2278.586	delay	550.0	A1	True	2281.115	False	1.0
2290.257	2.0	trials	go_tone	8000.0	80.0	2290.257	0.1	False				False					nolight	0.0	nan	True	2292.346	True	2.0
2302.347	2.0	trials	go_tone	8000.0	80.0	2302.347	0.1	False				False					nolight	0.0	nan	True	2304.9660000000003	False	2.0
2313.667	2.0	trials	nogo_tone	4000.0	80.0	2313.667	0.1	False				False					nolight	0.0	nan	False		False	4.0
2324.447	2.0	trials	go_tone	8000.0	80.0	2324.447	0.1	False				True	100.0	12.0	2324.397	2324.847	audio	450.0	A1	False		False	2.0
2335.427	2.0	trials	nogo_tone	4000.0	80.0	2335.427	0.1	True	5.0	2336.427	0.01	False					nolight	0.0	nan	False		False	3.0
2346.268	2.0	trials	go_tone	8000.0	80.0	2346.268	0.1	True	5.0	2347.268	0.01	False					nolight	0.0	nan	True	2349.525	False	1.0
2357.268	2.0	trials	go_tone	8000.0	80.0	2357.268	0.1	False				False					nolight	0.0	nan	True	2359.989	False	2.0
2368.258	2.0	trials	nogo_tone	4000.0	80.0	2368.258	0.1	False				True	100.0	12.0	2368.658	2369.2079999999996	delay	550.0	A1	True	2369.758	True	4.0
2379.758	2.0	trials	nogo_tone	4000.0	80.0	2379.758	0.1	False				True	100.0	12.0	2380.158	2380.7079999999996	delay	550.0	A1	False		False	4.0
2391.09	2.0	trials	nogo_tone	4000.0	80.0	2391.09	0.1	False				False					nolight	0.0	nan	False		False	4.0
2402.628	2.0	trials	no_tone					True	5.0	2403.628	0.01	True	100.0	12.0	2403.578	2403.9280000000003	whisker	350.0	A1	False		False	5.0
2413.239	2.0	trials	no_tone					True	5.0	2414.239	0.01	False					nolight	0.0	nan	False		False	5.0
2424.699	2.0	trials	go_tone	8000.0	80.0	2424.699	0.1	False				False					nolight	0.0	nan	True	2427.629	False	2.0
2436.11	2.0	trials	no_tone					True	5.0	2437.11	0.01	True	100.0	12.0	2436.06	2436.51	audio	450.0	A1	False		False	5.0
2447.499	2.0	trials	no_tone					True	5.0	2448.499	0.01	True	100.0	12.0	2447.899	2448.4489999999996	delay	550.0	A1	False		False	5.0
2458.559	2.0	trials	nogo_tone	4000.0	80.0	2458.559	0.1	True	5.0	2459.559	0.01	True	100.0	12.0	2458.509	2458.9590000000003	audio	450.0	A1	False		False	3.0
2469.62	2.0	trials	go_tone	8000.0	80.0	2469.62	0.1	True	5.0	2470.62	0.01	False					nolight	0.0	nan	True	2472.64	False	1.0
2482.76	2.0	trials	no_tone					True	5.0	2483.76	0.01	False					nolight	0.0	nan	True	2485.601	False	5.0
2494.18	2.0	trials	no_tone					True	5.0	2495.18	0.01	False					nolight	0.0	nan	False		False	5.0
2505.58	2.0	trials	nogo_tone	4000.0	80.0	2505.58	0.1	True	5.0	2506.58	0.01	False					nolight	0.0	nan	False		False	3.0
2516.911	2.0	trials	no_tone					True	5.0	2517.911	0.01	True	100.0	12.0	2517.861	2518.2110000000002	whisker	350.0	A1	False		False	5.0
2527.971	2.0	trials	go_tone	8000.0	80.0	2527.971	0.1	False				True	100.0	12.0	2528.371	2528.921	delay	550.0	A1	True	2530.855	False	2.0
2538.771	2.0	trials	go_tone	8000.0	80.0	2538.771	0.1	False				False					nolight	0.0	nan	True	2540.8610000000003	True	2.0
2550.863	2.0	trials	go_tone	8000.0	80.0	2550.863	0.1	False				False					nolight	0.0	nan	True	2553.288	True	2.0
2563.291	2.0	trials	go_tone	8000.0	80.0	2563.291	0.1	False				False					nolight	0.0	nan	True	2566.01	False	2.0
2574.211	2.0	trials	no_tone					True	5.0	2575.211	0.01	False					nolight	0.0	nan	False		False	5.0
2585.552	2.0	trials	no_tone					True	5.0	2586.552	0.01	False					nolight	0.0	nan	False		False	5.0
2596.354	2.0	trials	go_tone	8000.0	80.0	2596.354	0.1	False				False					nolight	0.0	nan	True	2598.8019999999997	True	2.0
2608.812	2.0	trials	go_tone	8000.0	80.0	2608.812	0.1	False				False					nolight	0.0	nan	False		False	2.0
2620.112	2.0	trials	nogo_tone	4000.0	80.0	2620.112	0.1	False				False					nolight	0.0	nan	False		False	4.0
2630.933	2.0	trials	nogo_tone	4000.0	80.0	2630.933	0.1	False				False					nolight	0.0	nan	False		False	4.0
2641.622	2.0	trials	nogo_tone	4000.0	80.0	2641.622	0.1	True	5.0	2642.622	0.01	False					nolight	0.0	nan	False		False	3.0
2652.313	2.0	trials	nogo_tone	4000.0	80.0	2652.313	0.1	False				False					nolight	0.0	nan	False		False	4.0
2663.553	2.0	trials	go_tone	8000.0	80.0	2663.553	0.1	False				False					nolight	0.0	nan	True	2666.094	True	2.0
2676.103	2.0	trials	go_tone	8000.0	80.0	2676.103	0.1	False				False					nolight	0.0	nan	False		False	2.0
2686.954	2.0	trials	go_tone	8000.0	80.0	2686.954	0.1	False				False					nolight	0.0	nan	False		False	2.0
2698.363	2.0	trials	no_tone					True	5.0	2699.363	0.01	False					nolight	0.0	nan	False		False	5.0
2709.444	2.0	trials	nogo_tone	4000.0	80.0	2709.444	0.1	True	5.0	2710.444	0.01	False					nolight	0.0	nan	False		False	3.0
2720.846	2.0	trials	nogo_tone	4000.0	80.0	2720.846	0.1	False				False					nolight	0.0	nan	False		False	4.0
2731.524	2.0	trials	go_tone	8000.0	80.0	2731.524	0.1	False				False					nolight	0.0	nan	False		False	2.0
2742.425	2.0	trials	go_tone	8000.0	80.0	2742.425	0.1	False				False					nolight	0.0	nan	False		False	2.0
2753.554	2.0	trials	nogo_tone	4000.0	80.0	2753.554	0.1	False				False					nolight	0.0	nan	False		False	4.0
2764.145	2.0	trials	go_tone	8000.0	80.0	2764.145	0.1	True	5.0	2765.145	0.01	False					nolight	0.0	nan	True	2767.638	False	1.0
2775.385	2.0	trials	go_tone	8000.0	80.0	2775.385	0.1	True	5.0	2776.385	0.01	False					nolight	0.0	nan	True	2778.4230000000002	False	1.0
2786.905	2.0	trials	no_tone					True	5.0	2787.905	0.01	False					nolight	0.0	nan	False		False	5.0
2798.14	2.0	trials	go_tone	8000.0	80.0	2798.14	0.1	True	5.0	2799.14	0.01	False					nolight	0.0	nan	True	2800.364	True	1.0
2810.365	2.0	trials	go_tone	8000.0	80.0	2810.365	0.1	True	5.0	2811.365	0.01	False					nolight	0.0	nan	True	2813.357	False	1.0
2821.647	2.0	trials	nogo_tone	4000.0	80.0	2821.647	0.1	True	5.0	2822.647	0.01	True	100.0	12.0	2822.5969999999998	2822.947	whisker	350.0	A1	False		False	3.0
2832.926	2.0	trials	nogo_tone	4000.0	80.0	2832.926	0.1	True	5.0	2833.926	0.01	True	100.0	12.0	2833.326	2833.8759999999997	delay	550.0	A1	False		False	3.0
2870.802	2.0	trials	nogo_tone	4000.0	80.0	2870.802	0.1	False				True	100.0	12.0	2871.752	2872.1020000000003	whisker	350.0	A1	False		False	4.0
2882.237	2.0	trials	go_tone	8000.0	80.0	2882.237	0.1	True	5.0	2883.237	0.01	True	100.0	12.0	2882.637	2883.187	delay	550.0	A1	True	2885.355	False	1.0
2893.197	2.0	trials	nogo_tone	4000.0	80.0	2893.197	0.1	False				False					nolight	0.0	nan	False		False	4.0
2904.407	2.0	trials	go_tone	8000.0	80.0	2904.407	0.1	True	5.0	2905.407	0.01	False					nolight	0.0	nan	True	2906.697	True	1.0
2916.697	2.0	trials	go_tone	8000.0	80.0	2916.697	0.1	True	5.0	2917.697	0.01	False					nolight	0.0	nan	True	2919.688	False	1.0
2927.947	2.0	trials	go_tone	8000.0	80.0	2927.947	0.1	False				True	100.0	12.0	2928.897	2929.2470000000003	whisker	350.0	A1	True	2931.063	False	2.0
2939.308	2.0	trials	go_tone	8000.0	80.0	2939.308	0.1	True	5.0	2940.308	0.01	True	100.0	12.0	2940.258	2940.608	whisker	350.0	A1	True	2942.227	False	1.0
2950.928	2.0	trials	nogo_tone	4000.0	80.0	2950.928	0.1	True	5.0	2951.928	0.01	False					nolight	0.0	nan	False		False	3.0
2961.668	2.0	trials	nogo_tone	4000.0	80.0	2961.668	0.1	False				True	100.0	12.0	2962.068	2962.618	delay	550.0	A1	False		False	4.0
2972.958	2.0	trials	nogo_tone	4000.0	80.0	2972.958	0.1	True	5.0	2973.958	0.01	False					nolight	0.0	nan	False		False	3.0
2984.368	2.0	trials	go_tone	8000.0	80.0	2984.368	0.1	False				True	100.0	12.0	2984.3179999999998	2984.768	audio	450.0	A1	False		False	2.0
2994.969	2.0	trials	go_tone	8000.0	80.0	2994.969	0.1	True	5.0	2995.969	0.01	False					nolight	0.0	nan	True	2998.215	False	1.0
3006.209	2.0	trials	nogo_tone	4000.0	80.0	3006.209	0.1	True	5.0	3007.209	0.01	False					nolight	0.0	nan	False		False	3.0
3017.439	2.0	trials	nogo_tone	4000.0	80.0	3017.439	0.1	False				True	100.0	12.0	3017.3889999999997	3017.839	audio	450.0	A1	False		False	4.0
3028.98	2.0	trials	go_tone	8000.0	80.0	3028.98	0.1	True	5.0	3029.98	0.01	True	100.0	12.0	3028.93	3029.38	audio	450.0	A1	True	3031.7980000000002	False	1.0
3039.659	2.0	trials	no_tone					True	5.0	3040.659	0.01	False					nolight	0.0	nan	True	3042.637	False	5.0
3050.66	2.0	trials	go_tone	8000.0	80.0	3050.66	0.1	True	5.0	3051.66	0.01	False					nolight	0.0	nan	True	3053.807	False	1.0
3061.459	2.0	trials	go_tone	8000.0	80.0	3061.459	0.1	False				False					nolight	0.0	nan	True	3064.276	False	2.0
3072.48	2.0	trials	nogo_tone	4000.0	80.0	3072.48	0.1	True	5.0	3073.48	0.01	False					nolight	0.0	nan	False		False	3.0
3083.39	2.0	trials	go_tone	8000.0	80.0	3083.39	0.1	True	5.0	3084.39	0.01	False					nolight	0.0	nan	True	3086.4049999999997	False	1.0
3094.81	2.0	trials	no_tone					True	5.0	3095.81	0.01	True	100.0	12.0	3095.7599999999998	3096.11	whisker	350.0	A1	False		False	5.0
3106.27	2.0	trials	go_tone	8000.0	80.0	3106.27	0.1	False				False					nolight	0.0	nan	True	3108.507	True	2.0
3118.511	2.0	trials	go_tone	8000.0	80.0	3118.511	0.1	False				False					nolight	0.0	nan	True	3121.875	False	2.0
3129.861	2.0	trials	go_tone	8000.0	80.0	3129.861	0.1	False				True	100.0	12.0	3130.261	3130.8109999999997	delay	550.0	A1	False		False	2.0
3141.314	2.0	trials	nogo_tone	4000.0	80.0	3141.314	0.1	False				False					nolight	0.0	nan	False		False	4.0
3152.795	2.0	trials	go_tone	8000.0	80.0	3152.795	0.1	False				True	100.0	12.0	3153.745	3154.0950000000003	whisker	350.0	A1	False		False	2.0
3164.351	2.0	trials	go_tone	8000.0	80.0	3164.351	0.1	True	5.0	3165.351	0.01	True	100.0	12.0	3164.751	3165.301	delay	550.0	A1	True	3167.425	False	1.0
3175.352	2.0	trials	go_tone	8000.0	80.0	3175.352	0.1	True	5.0	3176.352	0.01	True	100.0	12.0	3175.3019999999997	3175.752	audio	450.0	A1	True	3177.701	True	1.0
3187.712	2.0	trials	go_tone	8000.0	80.0	3187.712	0.1	True	5.0	3188.712	0.01	True	100.0	12.0	3187.662	3188.112	audio	450.0	A1	True	3190.654	False	1.0
3199.032	2.0	trials	nogo_tone	4000.0	80.0	3199.032	0.1	False				True	100.0	12.0	3199.4320000000002	3199.982	delay	550.0	A1	False		False	4.0
3210.352	2.0	trials	go_tone	8000.0	80.0	3210.352	0.1	True	5.0	3211.352	0.01	False					nolight	0.0	nan	True	3213.2709999999997	False	1.0
3221.782	2.0	trials	go_tone	8000.0	80.0	3221.782	0.1	False				False					nolight	0.0	nan	True	3224.71	False	2.0
3232.432	2.0	trials	no_tone					True	5.0	3233.432	0.01	False					nolight	0.0	nan	False		False	5.0
3243.133	2.0	trials	no_tone					True	5.0	3244.133	0.01	False					nolight	0.0	nan	True	3245.999	False	5.0
3254.533	2.0	trials	nogo_tone	4000.0	80.0	3254.533	0.1	True	5.0	3255.533	0.01	False					nolight	0.0	nan	False		False	3.0
3265.683	2.0	trials	nogo_tone	4000.0	80.0	3265.683	0.1	True	5.0	3266.683	0.01	False					nolight	0.0	nan	False		False	3.0
3276.404	2.0	trials	no_tone					True	5.0	3277.404	0.01	True	100.0	12.0	3276.804	3277.354	delay	550.0	A1	False		False	5.0
3287.453	2.0	trials	nogo_tone	4000.0	80.0	3287.453	0.1	False				True	100.0	12.0	3287.403	3287.853	audio	450.0	A1	False		False	4.0
3298.843	2.0	trials	go_tone	8000.0	80.0	3298.843	0.1	True	5.0	3299.843	0.01	False					nolight	0.0	nan	True	3301.9849999999997	False	1.0
3309.944	2.0	trials	nogo_tone	4000.0	80.0	3309.944	0.1	True	5.0	3310.944	0.01	False					nolight	0.0	nan	True	3313.375	False	3.0
3321.414	2.0	trials	nogo_tone	4000.0	80.0	3321.414	0.1	True	5.0	3322.414	0.01	False					nolight	0.0	nan	False		False	3.0
3332.802	2.0	trials	go_tone	8000.0	80.0	3332.802	0.1	False				False					nolight	0.0	nan	True	3335.335	True	2.0
3345.336	2.0	trials	go_tone	8000.0	80.0	3345.336	0.1	False				False					nolight	0.0	nan	True	3347.875	True	2.0
3357.885	2.0	trials	go_tone	8000.0	80.0	3357.885	0.1	False				False					nolight	0.0	nan	False		False	2.0
3369.445	2.0	trials	no_tone					True	5.0	3370.445	0.01	True	100.0	12.0	3369.395	3369.8450000000003	audio	450.0	A1	True	3372.5660000000003	False	5.0
3380.945	2.0	trials	nogo_tone	4000.0	80.0	3380.945	0.1	False				False					nolight	0.0	nan	False		False	4.0
3391.895	2.0	trials	nogo_tone	4000.0	80.0	3391.895	0.1	True	5.0	3392.895	0.01	True	100.0	12.0	3392.295	3392.845	delay	550.0	A1	False		False	3.0
3403.285	2.0	trials	no_tone					True	5.0	3404.285	0.01	False					nolight	0.0	nan	True	3406.2219999999998	False	5.0
3413.971	2.0	trials	nogo_tone	4000.0	80.0	3413.971	0.1	False				True	100.0	12.0	3414.921	3415.271	whisker	350.0	A1	False		False	4.0
3424.646	2.0	trials	go_tone	8000.0	80.0	3424.646	0.1	True	5.0	3425.646	0.01	True	100.0	12.0	3425.596	3425.9460000000004	whisker	350.0	A1	True	3427.617	False	1.0
3435.856	2.0	trials	nogo_tone	4000.0	80.0	3435.856	0.1	False				False					nolight	0.0	nan	True	3436.6560000000004	True	4.0
3447.916	2.0	trials	nogo_tone	4000.0	80.0	3447.916	0.1	False				False					nolight	0.0	nan	False		False	4.0
3459.316	2.0	trials	nogo_tone	4000.0	80.0	3459.316	0.1	True	5.0	3460.316	0.01	True	100.0	12.0	3459.2659999999996	3459.716	audio	450.0	A1	False		False	3.0
3470.216	2.0	trials	go_tone	8000.0	80.0	3470.216	0.1	False				False					nolight	0.0	nan	True	3473.575	False	2.0
3481.497	2.0	trials	go_tone	8000.0	80.0	3481.497	0.1	True	5.0	3482.497	0.01	False					nolight	0.0	nan	True	3484.5699999999997	False	1.0
3492.927	2.0	trials	no_tone					True	5.0	3493.927	0.01	False					nolight	0.0	nan	False		False	5.0
3503.607	2.0	trials	nogo_tone	4000.0	80.0	3503.607	0.1	False				False					nolight	0.0	nan	False		False	4.0
3514.367	2.0	trials	go_tone	8000.0	80.0	3514.367	0.1	False				True	100.0	12.0	3514.317	3514.7670000000003	audio	450.0	A1	False		False	2.0
3525.088	2.0	trials	nogo_tone	4000.0	80.0	3525.088	0.1	False				False					nolight	0.0	nan	False		False	4.0
3535.668	2.0	trials	go_tone	8000.0	80.0	3535.668	0.1	False				False					nolight	0.0	nan	True	3538.3340000000003	False	2.0
3547.028	2.0	trials	nogo_tone	4000.0	80.0	3547.028	0.1	False				False					nolight	0.0	nan	False		False	4.0
3558.118	2.0	trials	go_tone	8000.0	80.0	3558.118	0.1	True	5.0	3559.118	0.01	False					nolight	0.0	nan	True	3560.218	True	1.0
3570.218	2.0	trials	go_tone	8000.0	80.0	3570.218	0.1	True	5.0	3571.218	0.01	False					nolight	0.0	nan	True	3573.435	False	1.0
3580.938	2.0	trials	no_tone					True	5.0	3581.938	0.01	False					nolight	0.0	nan	True	3583.755	False	5.0
3591.708	2.0	trials	nogo_tone	4000.0	80.0	3591.708	0.1	True	5.0	3592.708	0.01	True	100.0	12.0	3592.658	3593.0080000000003	whisker	350.0	A1	False		False	3.0
3602.428	2.0	trials	nogo_tone	4000.0	80.0	3602.428	0.1	True	5.0	3603.428	0.01	False					nolight	0.0	nan	False		False	3.0
3613.399	2.0	trials	go_tone	8000.0	80.0	3613.399	0.1	True	5.0	3614.399	0.01	False					nolight	0.0	nan	True	3615.94	True	1.0
3625.946	2.0	trials	go_tone	8000.0	80.0	3625.946	0.1	True	5.0	3626.946	0.01	False					nolight	0.0	nan	True	3629.014	False	1.0
3636.84	2.0	trials	nogo_tone	4000.0	80.0	3636.84	0.1	True	5.0	3637.84	0.01	False					nolight	0.0	nan	False		False	3.0
3648.049	2.0	trials	go_tone	8000.0	80.0	3648.049	0.1	True	5.0	3649.049	0.01	True	100.0	12.0	3648.449	3648.999	delay	550.0	A1	True	3650.94	False	1.0
3658.79	2.0	trials	no_tone					True	5.0	3659.79	0.01	False					nolight	0.0	nan	False		False	5.0
3669.88	2.0	trials	nogo_tone	4000.0	80.0	3669.88	0.1	False				True	100.0	12.0	3670.83	3671.1800000000003	whisker	350.0	A1	False		False	4.0
3681.03	2.0	trials	nogo_tone	4000.0	80.0	3681.03	0.1	False				True	100.0	12.0	3681.4300000000003	3681.98	delay	550.0	A1	False		False	4.0
3691.76	2.0	trials	go_tone	8000.0	80.0	3691.76	0.1	False				False					nolight	0.0	nan	False		False	2.0
3702.68	2.0	trials	go_tone	8000.0	80.0	3702.68	0.1	False				True	100.0	12.0	3703.6299999999997	3703.98	whisker	350.0	A1	True	3705.3039999999996	False	2.0
3713.361	2.0	trials	no_tone					True	5.0	3714.361	0.01	False					nolight	0.0	nan	True	3716.328	False	5.0
3724.361	2.0	trials	go_tone	8000.0	80.0	3724.361	0.1	False				False					nolight	0.0	nan	True	3727.576	False	2.0
3735.771	2.0	trials	no_tone					True	5.0	3736.771	0.01	False					nolight	0.0	nan	False		False	5.0
3746.601	2.0	trials	nogo_tone	4000.0	80.0	3746.601	0.1	True	5.0	3747.601	0.01	False					nolight	0.0	nan	False		False	3.0
3758.001	2.0	trials	go_tone	8000.0	80.0	3758.001	0.1	True	5.0	3759.001	0.01	False					nolight	0.0	nan	True	3760.8680000000004	False	1.0
3768.751	2.0	trials	nogo_tone	4000.0	80.0	3768.751	0.1	True	5.0	3769.751	0.01	False					nolight	0.0	nan	False		False	3.0
3779.772	2.0	trials	nogo_tone	4000.0	80.0	3779.772	0.1	True	5.0	3780.772	0.01	True	100.0	12.0	3780.7219999999998	3781.072	whisker	350.0	A1	False		False	3.0
3791.252	2.0	trials	go_tone	8000.0	80.0	3791.252	0.1	True	5.0	3792.252	0.01	True	100.0	12.0	3792.2019999999998	3792.552	whisker	350.0	A1	True	3793.812	False	1.0
3802.602	2.0	trials	no_tone					True	5.0	3803.602	0.01	False					nolight	0.0	nan	True	3805.479	False	5.0
3813.718	2.0	trials	go_tone	8000.0	80.0	3813.718	0.1	False				True	100.0	12.0	3813.6679999999997	3814.118	audio	450.0	A1	False		False	2.0
3824.922	2.0	trials	nogo_tone	4000.0	80.0	3824.922	0.1	True	5.0	3825.922	0.01	True	100.0	12.0	3824.872	3825.322	audio	450.0	A1	False		False	3.0
3835.962	2.0	trials	go_tone	8000.0	80.0	3835.962	0.1	True	5.0	3836.962	0.01	True	100.0	12.0	3835.912	3836.362	audio	450.0	A1	True	3838.821	False	1.0
3847.323	2.0	trials	nogo_tone	4000.0	80.0	3847.323	0.1	True	5.0	3848.323	0.01	False					nolight	0.0	nan	False		False	3.0
3858.723	2.0	trials	nogo_tone	4000.0	80.0	3858.723	0.1	False				False					nolight	0.0	nan	False		False	4.0
3870.153	2.0	trials	nogo_tone	4000.0	80.0	3870.153	0.1	True	5.0	3871.153	0.01	False					nolight	0.0	nan	False		False	3.0
3880.873	2.0	trials	go_tone	8000.0	80.0	3880.873	0.1	False				False					nolight	0.0	nan	True	3883.738	False	2.0
3891.953	2.0	trials	go_tone	8000.0	80.0	3891.953	0.1	False				False					nolight	0.0	nan	True	3894.413	True	2.0
3904.414	2.0	trials	go_tone	8000.0	80.0	3904.414	0.1	False				False					nolight	0.0	nan	False		False	2.0
3915.194	2.0	trials	nogo_tone	4000.0	80.0	3915.194	0.1	False				False					nolight	0.0	nan	False		False	4.0
3925.934	2.0	trials	no_tone					True	5.0	3926.934	0.01	False					nolight	0.0	nan	True	3929.001	False	5.0
3937.145	2.0	trials	go_tone	8000.0	80.0	3937.145	0.1	False				False					nolight	0.0	nan	True	3939.324	True	2.0
3949.324	2.0	trials	go_tone	8000.0	80.0	3949.324	0.1	False				False					nolight	0.0	nan	True	3952.154	False	2.0
3960.025	2.0	trials	nogo_tone	4000.0	80.0	3960.025	0.1	False				False					nolight	0.0	nan	False		False	4.0
3970.758	2.0	trials	go_tone	8000.0	80.0	3970.758	0.1	True	5.0	3971.758	0.01	False					nolight	0.0	nan	True	3973.819	False	1.0
3981.975	2.0	trials	no_tone					True	5.0	3982.975	0.01	True	100.0	12.0	3982.375	3982.9249999999997	delay	550.0	A1	True	3984.794	False	5.0
3992.855	2.0	trials	go_tone	8000.0	80.0	3992.855	0.1	False				False					nolight	0.0	nan	True	3995.61	False	2.0
4004.276	2.0	trials	nogo_tone	4000.0	80.0	4004.276	0.1	False				False					nolight	0.0	nan	False		False	4.0
4014.875	2.0	trials	no_tone					True	5.0	4015.875	0.01	True	100.0	12.0	4015.825	4016.175	whisker	350.0	A1	False		False	5.0
4025.546	2.0	trials	no_tone					True	5.0	4026.546	0.01	False					nolight	0.0	nan	False		False	5.0
4036.986	2.0	trials	go_tone	8000.0	80.0	4036.986	0.1	False				True	100.0	12.0	4037.386	4037.9359999999997	delay	550.0	A1	False		False	2.0
4047.778	2.0	trials	nogo_tone	4000.0	80.0	4047.778	0.1	False				False					nolight	0.0	nan	False		False	4.0
4059.168	2.0	trials	go_tone	8000.0	80.0	4059.168	0.1	True	5.0	4060.168	0.01	False					nolight	0.0	nan	True	4062.0840000000003	False	1.0
4069.836	2.0	trials	nogo_tone	4000.0	80.0	4069.836	0.1	True	5.0	4070.836	0.01	False					nolight	0.0	nan	False		False	3.0
4080.797	2.0	trials	no_tone					True	5.0	4081.797	0.01	True	100.0	12.0	4080.747	4081.197	audio	450.0	A1	False		False	5.0
4091.557	2.0	trials	nogo_tone	4000.0	80.0	4091.557	0.1	False				False					nolight	0.0	nan	False		False	4.0
4102.157	2.0	trials	go_tone	8000.0	80.0	4102.157	0.1	True	5.0	4103.157	0.01	False					nolight	0.0	nan	True	4104.737	False	1.0
4113.657	2.0	trials	nogo_tone	4000.0	80.0	4113.657	0.1	False				True	100.0	12.0	4113.607	4114.057	audio	450.0	A1	False		False	4.0
4124.877	2.0	trials	go_tone	8000.0	80.0	4124.877	0.1	True	5.0	4125.877	0.01	False					nolight	0.0	nan	True	4127.2570000000005	True	1.0
4137.258	2.0	trials	go_tone	8000.0	80.0	4137.258	0.1	True	5.0	4138.258	0.01	False					nolight	0.0	nan	True	4139.508	True	1.0
4149.516	2.0	trials	go_tone	8000.0	80.0	4149.516	0.1	True	5.0	4150.516	0.01	False					nolight	0.0	nan	True	4152.835	False	1.0
4160.248	2.0	trials	nogo_tone	4000.0	80.0	4160.248	0.1	True	5.0	4161.248	0.01	True	100.0	12.0	4160.647999999999	4161.197999999999	delay	550.0	A1	False		False	3.0
4171.08	2.0	trials	nogo_tone	4000.0	80.0	4171.08	0.1	False				False					nolight	0.0	nan	False		False	4.0
4182.058	2.0	trials	go_tone	8000.0	80.0	4182.058	0.1	False				True	100.0	12.0	4182.008	4182.458	audio	450.0	A1	False		False	2.0
4193.609	2.0	trials	no_tone					True	5.0	4194.609	0.01	True	100.0	12.0	4193.559	4194.009	audio	450.0	A1	False		False	5.0
4204.788	2.0	trials	go_tone	8000.0	80.0	4204.788	0.1	False				False					nolight	0.0	nan	False		False	2.0
4215.709	2.0	trials	no_tone					True	5.0	4216.709	0.01	False					nolight	0.0	nan	False		False	5.0
4226.529	2.0	trials	no_tone					True	5.0	4227.529	0.01	False					nolight	0.0	nan	True	4229.42	False	5.0
4237.81	2.0	trials	nogo_tone	4000.0	80.0	4237.81	0.1	True	5.0	4238.81	0.01	False					nolight	0.0	nan	False		False	3.0
4248.829	2.0	trials	nogo_tone	4000.0	80.0	4248.829	0.1	True	5.0	4249.829	0.01	False					nolight	0.0	nan	False		False	3.0
4259.806	2.0	trials	go_tone	8000.0	80.0	4259.806	0.1	True	5.0	4260.806	0.01	False					nolight	0.0	nan	True	4263.219999999999	False	1.0
4270.97	2.0	trials	nogo_tone	4000.0	80.0	4270.97	0.1	False				True	100.0	12.0	4270.92	4271.37	audio	450.0	A1	False		False	4.0
4281.88	2.0	trials	go_tone	8000.0	80.0	4281.88	0.1	True	5.0	4282.88	0.01	True	100.0	12.0	4282.28	4282.83	delay	550.0	A1	True	4284.900000000001	False	1.0
4292.79	2.0	trials	go_tone	8000.0	80.0	4292.79	0.1	False				False					nolight	0.0	nan	True	4295.559	False	2.0
4303.94	2.0	trials	no_tone					True	5.0	4304.94	0.01	True	100.0	12.0	4304.339999999999	4304.889999999999	delay	550.0	A1	False		False	5.0
4315.012	2.0	trials	nogo_tone	4000.0	80.0	4315.012	0.1	False				True	100.0	12.0	4315.411999999999	4315.9619999999995	delay	550.0	A1	False		False	4.0
4325.732	2.0	trials	nogo_tone	4000.0	80.0	4325.732	0.1	True	5.0	4326.732	0.01	False					nolight	0.0	nan	False		False	3.0
4336.641	2.0	trials	no_tone					True	5.0	4337.641	0.01	False					nolight	0.0	nan	False		False	5.0
4348.121	2.0	trials	nogo_tone	4000.0	80.0	4348.121	0.1	True	5.0	4349.121	0.01	True	100.0	12.0	4348.071	4348.521	audio	450.0	A1	False		False	3.0
4359.042	2.0	trials	nogo_tone	4000.0	80.0	4359.042	0.1	True	5.0	4360.042	0.01	True	100.0	12.0	4359.992	4360.342000000001	whisker	350.0	A1	False		False	3.0
4369.961	2.0	trials	go_tone	8000.0	80.0	4369.961	0.1	False				False					nolight	0.0	nan	False		False	2.0
4380.571	2.0	trials	nogo_tone	4000.0	80.0	4380.571	0.1	False				False					nolight	0.0	nan	False		False	4.0
4391.692	2.0	trials	go_tone	8000.0	80.0	4391.692	0.1	True	5.0	4392.692	0.01	False					nolight	0.0	nan	True	4394.223	True	1.0
4404.233	2.0	trials	go_tone	8000.0	80.0	4404.233	0.1	True	5.0	4405.233	0.01	False					nolight	0.0	nan	True	4407.406	False	1.0
4415.632	2.0	trials	go_tone	8000.0	80.0	4415.632	0.1	True	5.0	4416.632	0.01	True	100.0	12.0	4415.581999999999	4416.031999999999	audio	450.0	A1	True	4419.080999999999	False	1.0
4427.909	2.0	trials	no_tone					True	5.0	4428.909	0.01	False					nolight	0.0	nan	True	4430.333	True	5.0
4440.334	2.0	trials	no_tone					True	5.0	4441.334	0.01	False					nolight	0.0	nan	False		False	5.0
4451.343	2.0	trials	go_tone	8000.0	80.0	4451.343	0.1	False				True	100.0	12.0	4451.7429999999995	4452.293	delay	550.0	A1	True	4454.224	False	2.0
4462.674	2.0	trials	go_tone	8000.0	80.0	4462.674	0.1	False				True	100.0	12.0	4463.624	4463.974	whisker	350.0	A1	False		False	2.0
4473.773	2.0	trials	nogo_tone	4000.0	80.0	4473.773	0.1	False				False					nolight	0.0	nan	False		False	4.0
4484.573	2.0	trials	go_tone	8000.0	80.0	4484.573	0.1	False				False					nolight	0.0	nan	True	4487.294	False	2.0
4495.403	2.0	trials	nogo_tone	4000.0	80.0	4495.403	0.1	False				False					nolight	0.0	nan	False		False	4.0
4506.424	2.0	trials	go_tone	8000.0	80.0	4506.424	0.1	True	5.0	4507.424	0.01	False					nolight	0.0	nan	True	4509.447	False	1.0
4517.384	2.0	trials	go_tone	8000.0	80.0	4517.384	0.1	True	5.0	4518.384	0.01	False					nolight	0.0	nan	True	4520.3460000000005	False	1.0
4528.644	2.0	trials	nogo_tone	4000.0	80.0	4528.644	0.1	True	5.0	4529.644	0.01	True	100.0	12.0	4529.044	4529.594	delay	550.0	A1	False		False	3.0
4608.135	2.0	trials	nogo_tone	4000.0	80.0	4608.135	0.1	False				False					nolight	0.0	nan	False		False	4.0
4619.426	2.0	trials	nogo_tone	4000.0	80.0	4619.426	0.1	True	5.0	4620.426	0.01	False					nolight	0.0	nan	False		False	3.0
4630.452	2.0	trials	nogo_tone	4000.0	80.0	4630.452	0.1	True	5.0	4631.452	0.01	False					nolight	0.0	nan	False		False	3.0
4641.056	2.0	trials	go_tone	8000.0	80.0	4641.056	0.1	True	5.0	4642.056	0.01	True	100.0	12.0	4642.005999999999	4642.356	whisker	350.0	A1	True	4643.08	True	1.0
4653.086	2.0	trials	go_tone	8000.0	80.0	4653.086	0.1	True	5.0	4654.086	0.01	True	100.0	12.0	4654.036	4654.386	whisker	350.0	A1	True	4655.536	True	1.0
4665.538	2.0	trials	go_tone	8000.0	80.0	4665.538	0.1	True	5.0	4666.538	0.01	True	100.0	12.0	4666.487999999999	4666.838	whisker	350.0	A1	True	4666.123	True	1.0
4676.127	2.0	trials	go_tone	8000.0	80.0	4676.127	0.1	True	5.0	4677.127	0.01	True	100.0	12.0	4677.077	4677.427000000001	whisker	350.0	A1	True	4678.497	True	1.0
4688.497	2.0	trials	go_tone	8000.0	80.0	4688.497	0.1	True	5.0	4689.497	0.01	True	100.0	12.0	4689.447	4689.7970000000005	whisker	350.0	A1	True	4691.666	False	1.0
4699.587	2.0	trials	nogo_tone	4000.0	80.0	4699.587	0.1	False				False					nolight	0.0	nan	False		False	4.0
4710.607	2.0	trials	go_tone	8000.0	80.0	4710.607	0.1	False				False					nolight	0.0	nan	False		False	2.0
4722.157	2.0	trials	go_tone	8000.0	80.0	4722.157	0.1	False				False					nolight	0.0	nan	False		False	2.0
4733.637	2.0	trials	go_tone	8000.0	80.0	4733.637	0.1	True	5.0	4734.637	0.01	False					nolight	0.0	nan	True	4734.2609999999995	True	1.0
4744.268	2.0	trials	go_tone	8000.0	80.0	4744.268	0.1	True	5.0	4745.268	0.01	False					nolight	0.0	nan	False		False	1.0
4755.148	2.0	trials	no_tone					True	5.0	4756.148	0.01	False					nolight	0.0	nan	False		False	5.0
4766.078	2.0	trials	no_tone					True	5.0	4767.078	0.01	False					nolight	0.0	nan	False		False	5.0
4776.669	2.0	trials	nogo_tone	4000.0	80.0	4776.669	0.1	True	5.0	4777.669	0.01	False					nolight	0.0	nan	False		False	3.0
4787.45	2.0	trials	nogo_tone	4000.0	80.0	4787.45	0.1	False				True	100.0	12.0	4788.4	4788.75	whisker	350.0	A1	False		False	4.0
4798.38	2.0	trials	no_tone					True	5.0	4799.38	0.01	True	100.0	12.0	4799.33	4799.68	whisker	350.0	A1	False		False	5.0
4809.609	2.0	trials	go_tone	8000.0	80.0	4809.609	0.1	True	5.0	4810.609	0.01	False					nolight	0.0	nan	False		False	1.0
4820.829	2.0	trials	nogo_tone	4000.0	80.0	4820.829	0.1	True	5.0	4821.829	0.01	False					nolight	0.0	nan	False		False	3.0
4832.059	2.0	trials	nogo_tone	4000.0	80.0	4832.059	0.1	False				False					nolight	0.0	nan	False		False	4.0
4843.319	2.0	trials	no_tone					True	5.0	4844.319	0.01	False					nolight	0.0	nan	False		False	5.0
4854.649	2.0	trials	go_tone	8000.0	80.0	4854.649	0.1	True	5.0	4855.649	0.01	True	100.0	12.0	4855.049	4855.599	delay	550.0	A1	False		False	1.0
4865.77	2.0	trials	no_tone					True	5.0	4866.77	0.01	False					nolight	0.0	nan	False		False	5.0
4876.94	2.0	trials	go_tone	8000.0	80.0	4876.94	0.1	False				False					nolight	0.0	nan	False		False	2.0
4888.46	2.0	trials	nogo_tone	4000.0	80.0	4888.46	0.1	False				True	100.0	12.0	4888.86	4889.41	delay	550.0	A1	True	4891.081	False	4.0
4899.572	2.0	trials	go_tone	8000.0	80.0	4899.572	0.1	True	5.0	4900.572	0.01	False					nolight	0.0	nan	True	4902.963	False	1.0
4910.63	2.0	trials	go_tone	8000.0	80.0	4910.63	0.1	True	5.0	4911.63	0.01	True	100.0	12.0	4910.58	4911.03	audio	450.0	A1	True	4913.76	False	1.0
4921.641	2.0	trials	nogo_tone	4000.0	80.0	4921.641	0.1	True	5.0	4922.641	0.01	False					nolight	0.0	nan	False		False	3.0
4933.121	2.0	trials	go_tone	8000.0	80.0	4933.121	0.1	False				False					nolight	0.0	nan	False		False	2.0
4943.761	2.0	trials	nogo_tone	4000.0	80.0	4943.761	0.1	False				True	100.0	12.0	4943.711	4944.161	audio	450.0	A1	True	4946.001	True	4.0
4956.007	2.0	trials	nogo_tone	4000.0	80.0	4956.007	0.1	False				True	100.0	12.0	4955.956999999999	4956.406999999999	audio	450.0	A1	False		False	4.0
4967.381	2.0	trials	go_tone	8000.0	80.0	4967.381	0.1	False				False					nolight	0.0	nan	False		False	2.0
4978.321	2.0	trials	no_tone					True	5.0	4979.321	0.01	False					nolight	0.0	nan	False		False	5.0
4988.932	2.0	trials	nogo_tone	4000.0	80.0	4988.932	0.1	False				False					nolight	0.0	nan	False		False	4.0
5000.092	2.0	trials	go_tone	8000.0	80.0	5000.092	0.1	True	5.0	5001.092	0.01	False					nolight	0.0	nan	False		False	1.0
5010.923	2.0	trials	nogo_tone	4000.0	80.0	5010.923	0.1	True	5.0	5011.923	0.01	True	100.0	12.0	5011.322999999999	5011.873	delay	550.0	A1	False		False	3.0
5022.01	2.0	trials	go_tone	8000.0	80.0	5022.01	0.1	True	5.0	5023.01	0.01	True	100.0	12.0	5022.96	5023.31	whisker	350.0	A1	False		False	1.0
5032.695	2.0	trials	go_tone	8000.0	80.0	5032.695	0.1	False				True	100.0	12.0	5033.094999999999	5033.6449999999995	delay	550.0	A1	False		False	2.0
5043.483	2.0	trials	go_tone	8000.0	80.0	5043.483	0.1	True	5.0	5044.483	0.01	False					nolight	0.0	nan	False		False	1.0
5054.555	2.0	trials	go_tone	8000.0	80.0	5054.555	0.1	True	5.0	5055.555	0.01	False					nolight	0.0	nan	False		False	1.0
5065.913	2.0	trials	no_tone					True	5.0	5066.913	0.01	True	100.0	12.0	5066.862999999999	5067.213	whisker	350.0	A1	False		False	5.0
5077.105	2.0	trials	go_tone	8000.0	80.0	5077.105	0.1	False				False					nolight	0.0	nan	False		False	2.0
5087.843	2.0	trials	no_tone					True	5.0	5088.843	0.01	True	100.0	12.0	5087.793	5088.2429999999995	audio	450.0	A1	False		False	5.0
5098.884	2.0	trials	nogo_tone	4000.0	80.0	5098.884	0.1	True	5.0	5099.884	0.01	False					nolight	0.0	nan	False		False	3.0
5109.75	2.0	trials	go_tone	8000.0	80.0	5109.75	0.1	False				True	100.0	12.0	5110.7	5111.05	whisker	350.0	A1	False		False	2.0
5120.474	2.0	trials	nogo_tone	4000.0	80.0	5120.474	0.1	False				False					nolight	0.0	nan	False		False	4.0
5131.488	2.0	trials	no_tone					True	5.0	5132.488	0.01	False					nolight	0.0	nan	False		False	5.0
5142.444	2.0	trials	go_tone	8000.0	80.0	5142.444	0.1	True	5.0	5143.444	0.01	False					nolight	0.0	nan	False		False	1.0
5153.464	2.0	trials	nogo_tone	4000.0	80.0	5153.464	0.1	True	5.0	5154.464	0.01	True	100.0	12.0	5154.414	5154.764	whisker	350.0	A1	False		False	3.0
5164.335	2.0	trials	nogo_tone	4000.0	80.0	5164.335	0.1	False				False					nolight	0.0	nan	False		False	4.0
5175.115	2.0	trials	nogo_tone	4000.0	80.0	5175.115	0.1	False				False					nolight	0.0	nan	False		False	4.0
5186.285	2.0	trials	nogo_tone	4000.0	80.0	5186.285	0.1	True	5.0	5187.285	0.01	False					nolight	0.0	nan	False		False	3.0
5197.055	2.0	trials	no_tone					True	5.0	5198.055	0.01	False					nolight	0.0	nan	False		False	5.0
5208.457	2.0	trials	nogo_tone	4000.0	80.0	5208.457	0.1	True	5.0	5209.457	0.01	False					nolight	0.0	nan	False		False	3.0
5219.916	2.0	trials	nogo_tone	4000.0	80.0	5219.916	0.1	False				False					nolight	0.0	nan	False		False	4.0
5230.596	2.0	trials	nogo_tone	4000.0	80.0	5230.596	0.1	True	5.0	5231.596	0.01	False					nolight	0.0	nan	False		False	3.0
5241.676	2.0	trials	go_tone	8000.0	80.0	5241.676	0.1	False				False					nolight	0.0	nan	False		False	2.0
5253.136	2.0	trials	go_tone	8000.0	80.0	5253.136	0.1	True	5.0	5254.136	0.01	False					nolight	0.0	nan	False		False	1.0
5263.736	2.0	trials	nogo_tone	4000.0	80.0	5263.736	0.1	False				True	100.0	12.0	5264.686	5265.036	whisker	350.0	A1	False		False	4.0
5274.516	2.0	trials	go_tone	8000.0	80.0	5274.516	0.1	False				True	100.0	12.0	5274.465999999999	5274.915999999999	audio	450.0	A1	False		False	2.0
5285.147	2.0	trials	no_tone					True	5.0	5286.147	0.01	True	100.0	12.0	5285.547	5286.097	delay	550.0	A1	False		False	5.0
5295.977	2.0	trials	no_tone					True	5.0	5296.977	0.01	False					nolight	0.0	nan	False		False	5.0
5306.759	2.0	trials	go_tone	8000.0	80.0	5306.759	0.1	False				False					nolight	0.0	nan	False		False	2.0
5317.589	2.0	trials	nogo_tone	4000.0	80.0	5317.589	0.1	True	5.0	5318.589	0.01	True	100.0	12.0	5317.539	5317.989	audio	450.0	A1	False		False	3.0
5328.207	2.0	trials	nogo_tone	4000.0	80.0	5328.207	0.1	True	5.0	5329.207	0.01	False					nolight	0.0	nan	False		False	3.0
5339.668	2.0	trials	go_tone	8000.0	80.0	5339.668	0.1	False				False					nolight	0.0	nan	True	5342.706999999999	False	2.0
5350.528	2.0	trials	no_tone					True	5.0	5351.528	0.01	True	100.0	12.0	5350.928	5351.478	delay	550.0	A1	False		False	5.0
5361.329	2.0	trials	nogo_tone	4000.0	80.0	5361.329	0.1	True	5.0	5362.329	0.01	False					nolight	0.0	nan	False		False	3.0
5372.118	2.0	trials	nogo_tone	4000.0	80.0	5372.118	0.1	False				True	100.0	12.0	5372.518	5373.068	delay	550.0	A1	False		False	4.0
5383.4	2.0	trials	no_tone					True	5.0	5384.4	0.01	False					nolight	0.0	nan	False		False	5.0
5394.549	2.0	trials	go_tone	8000.0	80.0	5394.549	0.1	True	5.0	5395.549	0.01	False					nolight	0.0	nan	True	5397.378	False	1.0
5405.829	2.0	trials	go_tone	8000.0	80.0	5405.829	0.1	False				True	100.0	12.0	5405.7789999999995	5406.228999999999	audio	450.0	A1	False		False	2.0
5417.009	2.0	trials	nogo_tone	4000.0	80.0	5417.009	0.1	True	5.0	5418.009	0.01	True	100.0	12.0	5416.959	5417.409	audio	450.0	A1	False		False	3.0
5427.915	2.0	trials	nogo_tone	4000.0	80.0	5427.915	0.1	False				False					nolight	0.0	nan	False		False	4.0
5439.059	2.0	trials	nogo_tone	4000.0	80.0	5439.059	0.1	False				False					nolight	0.0	nan	False		False	4.0
5450.6	2.0	trials	no_tone					True	5.0	5451.6	0.01	True	100.0	12.0	5450.55	5451.0	audio	450.0	A1	False		False	5.0
5461.57	2.0	trials	nogo_tone	4000.0	80.0	5461.57	0.1	True	5.0	5462.57	0.01	True	100.0	12.0	5462.5199999999995	5462.87	whisker	350.0	A1	False		False	3.0
5472.95	2.0	trials	no_tone					True	5.0	5473.95	0.01	True	100.0	12.0	5473.9	5474.25	whisker	350.0	A1	False		False	5.0
5483.56	2.0	trials	no_tone					True	5.0	5484.56	0.01	False					nolight	0.0	nan	False		False	5.0
5494.371	2.0	trials	nogo_tone	4000.0	80.0	5494.371	0.1	True	5.0	5495.371	0.01	False					nolight	0.0	nan	False		False	3.0
5505.22	2.0	trials	no_tone					True	5.0	5506.22	0.01	False					nolight	0.0	nan	False		False	5.0
5515.831	2.0	trials	nogo_tone	4000.0	80.0	5515.831	0.1	False				True	100.0	12.0	5515.781	5516.231	audio	450.0	A1	False		False	4.0
5527.021	2.0	trials	go_tone	8000.0	80.0	5527.021	0.1	False				True	100.0	12.0	5527.971	5528.321	whisker	350.0	A1	False		False	2.0
5538.072	2.0	trials	nogo_tone	4000.0	80.0	5538.072	0.1	True	5.0	5539.072	0.01	False					nolight	0.0	nan	False		False	3.0
5548.751	2.0	trials	go_tone	8000.0	80.0	5548.751	0.1	False				False					nolight	0.0	nan	False		False	2.0
5559.361	2.0	trials	go_tone	8000.0	80.0	5559.361	0.1	False				False					nolight	0.0	nan	False		False	2.0
5570.542	2.0	trials	nogo_tone	4000.0	80.0	5570.542	0.1	False				True	100.0	12.0	5571.492	5571.842000000001	whisker	350.0	A1	False		False	4.0
5582.052	2.0	trials	nogo_tone	4000.0	80.0	5582.052	0.1	True	5.0	5583.052	0.01	False					nolight	0.0	nan	False		False	3.0
5593.402	2.0	trials	go_tone	8000.0	80.0	5593.402	0.1	False				True	100.0	12.0	5593.802	5594.352	delay	550.0	A1	False		False	2.0
5604.352	2.0	trials	no_tone					True	5.0	5605.352	0.01	False					nolight	0.0	nan	True	5607.351	False	5.0
5615.663	2.0	trials	go_tone	8000.0	80.0	5615.663	0.1	True	5.0	5616.663	0.01	False					nolight	0.0	nan	True	5618.683999999999	False	1.0
5627.193	2.0	trials	nogo_tone	4000.0	80.0	5627.193	0.1	False				False					nolight	0.0	nan	False		False	4.0
5638.313	2.0	trials	nogo_tone	4000.0	80.0	5638.313	0.1	True	5.0	5639.313	0.01	True	100.0	12.0	5638.713	5639.263	delay	550.0	A1	False		False	3.0
5649.565	2.0	trials	nogo_tone	4000.0	80.0	5649.565	0.1	False				False					nolight	0.0	nan	False		False	4.0
5660.305	2.0	trials	nogo_tone	4000.0	80.0	5660.305	0.1	True	5.0	5661.305	0.01	False					nolight	0.0	nan	False		False	3.0
5671.663	2.0	trials	go_tone	8000.0	80.0	5671.663	0.1	True	5.0	5672.663	0.01	True	100.0	12.0	5671.612999999999	5672.062999999999	audio	450.0	A1	False		False	1.0
5682.233	2.0	trials	go_tone	8000.0	80.0	5682.233	0.1	False				False					nolight	0.0	nan	True	5684.633	True	2.0
5694.643	2.0	trials	go_tone	8000.0	80.0	5694.643	0.1	False				False					nolight	0.0	nan	True	5697.043	True	2.0
5707.044	2.0	trials	go_tone	8000.0	80.0	5707.044	0.1	False				False					nolight	0.0	nan	True	5710.321	False	2.0
5718.374	2.0	trials	go_tone	8000.0	80.0	5718.374	0.1	False				False					nolight	0.0	nan	False		False	2.0
5729.374	2.0	trials	go_tone	8000.0	80.0	5729.374	0.1	True	5.0	5730.374	0.01	False					nolight	0.0	nan	True	5732.392	False	1.0
5740.564	2.0	trials	go_tone	8000.0	80.0	5740.564	0.1	True	5.0	5741.564	0.01	True	100.0	12.0	5741.514	5741.8640000000005	whisker	350.0	A1	True	5742.934	True	1.0
5752.935	2.0	trials	go_tone	8000.0	80.0	5752.935	0.1	True	5.0	5753.935	0.01	True	100.0	12.0	5753.885	5754.235000000001	whisker	350.0	A1	False		False	1.0
5763.505	2.0	trials	nogo_tone	4000.0	80.0	5763.505	0.1	False				False					nolight	0.0	nan	False		False	4.0
5774.915	2.0	trials	go_tone	8000.0	80.0	5774.915	0.1	True	5.0	5775.915	0.01	False					nolight	0.0	nan	False		False	1.0
5785.875	2.0	trials	no_tone					True	5.0	5786.875	0.01	False					nolight	0.0	nan	False		False	5.0
5796.446	2.0	trials	go_tone	8000.0	80.0	5796.446	0.1	True	5.0	5797.446	0.01	False					nolight	0.0	nan	True	5799.363	False	1.0
5807.426	2.0	trials	nogo_tone	4000.0	80.0	5807.426	0.1	False				False					nolight	0.0	nan	False		False	4.0
5818.586	2.0	trials	no_tone					True	5.0	5819.586	0.01	False					nolight	0.0	nan	False		False	5.0
5829.226	2.0	trials	go_tone	8000.0	80.0	5829.226	0.1	False				False					nolight	0.0	nan	False		False	2.0
5839.826	2.0	trials	go_tone	8000.0	80.0	5839.826	0.1	True	5.0	5840.826	0.01	True	100.0	12.0	5840.226	5840.776	delay	550.0	A1	False		False	1.0
5850.447	2.0	trials	go_tone	8000.0	80.0	5850.447	0.1	True	5.0	5851.447	0.01	False					nolight	0.0	nan	True	5853.392	False	1.0
5861.656	2.0	trials	nogo_tone	4000.0	80.0	5861.656	0.1	False				False					nolight	0.0	nan	False		False	4.0
5872.599	2.0	trials	go_tone	8000.0	80.0	5872.599	0.1	False				False					nolight	0.0	nan	False		False	2.0
5883.517	2.0	trials	go_tone	8000.0	80.0	5883.517	0.1	True	5.0	5884.517	0.01	False					nolight	0.0	nan	True	5886.434	False	1.0
5894.849	2.0	trials	no_tone					True	5.0	5895.849	0.01	True	100.0	12.0	5894.799	5895.249	audio	450.0	A1	False		False	5.0
5905.847	2.0	trials	go_tone	8000.0	80.0	5905.847	0.1	False				False					nolight	0.0	nan	True	5908.317	True	2.0
5918.327	2.0	trials	go_tone	8000.0	80.0	5918.327	0.1	False				False					nolight	0.0	nan	True	5920.827	True	2.0
5930.837	2.0	trials	go_tone	8000.0	80.0	5930.837	0.1	False				False					nolight	0.0	nan	True	5930.96	True	2.0
5940.968	2.0	trials	go_tone	8000.0	80.0	5940.968	0.1	False				False					nolight	0.0	nan	True	5943.491	True	2.0
5953.5	2.0	trials	go_tone	8000.0	80.0	5953.5	0.1	False				False					nolight	0.0	nan	False		False	2.0
5964.458	2.0	trials	nogo_tone	4000.0	80.0	5964.458	0.1	False				False					nolight	0.0	nan	False		False	4.0
5975.489	2.0	trials	nogo_tone	4000.0	80.0	5975.489	0.1	False				True	100.0	12.0	5975.888999999999	5976.438999999999	delay	550.0	A1	False		False	4.0
5986.528	2.0	trials	no_tone					True	5.0	5987.528	0.01	False					nolight	0.0	nan	False		False	5.0
5997.289	2.0	trials	nogo_tone	4000.0	80.0	5997.289	0.1	False				False					nolight	0.0	nan	False		False	4.0
6008.029	2.0	trials	go_tone	8000.0	80.0	6008.029	0.1	False				False					nolight	0.0	nan	False		False	2.0
6018.743	2.0	trials	nogo_tone	4000.0	80.0	6018.743	0.1	True	5.0	6019.743	0.01	False					nolight	0.0	nan	False		False	3.0
6029.351	2.0	trials	go_tone	8000.0	80.0	6029.351	0.1	False				True	100.0	12.0	6029.3009999999995	6029.750999999999	audio	450.0	A1	False		False	2.0
6040.829	2.0	trials	go_tone	8000.0	80.0	6040.829	0.1	True	5.0	6041.829	0.01	False					nolight	0.0	nan	True	6043.924999999999	False	1.0
6051.689	2.0	trials	nogo_tone	4000.0	80.0	6051.689	0.1	True	5.0	6052.689	0.01	False					nolight	0.0	nan	False		False	3.0
6063.18	2.0	trials	go_tone	8000.0	80.0	6063.18	0.1	True	5.0	6064.18	0.01	False					nolight	0.0	nan	True	6065.847000000001	False	1.0
6074.22	2.0	trials	nogo_tone	4000.0	80.0	6074.22	0.1	True	5.0	6075.22	0.01	True	100.0	12.0	6075.17	6075.52	whisker	350.0	A1	False		False	3.0
6085.11	2.0	trials	nogo_tone	4000.0	80.0	6085.11	0.1	False				True	100.0	12.0	6085.0599999999995	6085.509999999999	audio	450.0	A1	False		False	4.0
6096.1	2.0	trials	go_tone	8000.0	80.0	6096.1	0.1	True	5.0	6097.1	0.01	True	100.0	12.0	6097.05	6097.400000000001	whisker	350.0	A1	True	6099.063	False	1.0
6107.042	2.0	trials	go_tone	8000.0	80.0	6107.042	0.1	False				False					nolight	0.0	nan	True	6109.54	True	2.0
6119.541	2.0	trials	go_tone	8000.0	80.0	6119.541	0.1	False				False					nolight	0.0	nan	True	6122.185	False	2.0
6131.078	2.0	trials	go_tone	8000.0	80.0	6131.078	0.1	True	5.0	6132.078	0.01	False					nolight	0.0	nan	True	6134.037	False	1.0
6142.441	2.0	trials	go_tone	8000.0	80.0	6142.441	0.1	False				True	100.0	12.0	6142.840999999999	6143.391	delay	550.0	A1	False		False	2.0
6153.022	2.0	trials	nogo_tone	4000.0	80.0	6153.022	0.1	True	5.0	6154.022	0.01	True	100.0	12.0	6153.422	6153.972	delay	550.0	A1	False		False	3.0
6164.191	2.0	trials	no_tone					True	5.0	6165.191	0.01	False					nolight	0.0	nan	False		False	5.0
6174.832	2.0	trials	no_tone					True	5.0	6175.832	0.01	False					nolight	0.0	nan	False		False	5.0
6186.242	2.0	trials	nogo_tone	4000.0	80.0	6186.242	0.1	False				False					nolight	0.0	nan	False		False	4.0
6197.088	2.0	trials	no_tone					True	5.0	6198.088	0.01	False					nolight	0.0	nan	False		False	5.0
6208.002	2.0	trials	nogo_tone	4000.0	80.0	6208.002	0.1	False				True	100.0	12.0	6208.952	6209.302000000001	whisker	350.0	A1	False		False	4.0
6218.742	2.0	trials	go_tone	8000.0	80.0	6218.742	0.1	True	5.0	6219.742	0.01	False					nolight	0.0	nan	True	6220.883	True	1.0
6230.893	2.0	trials	go_tone	8000.0	80.0	6230.893	0.1	True	5.0	6231.893	0.01	False					nolight	0.0	nan	True	6233.443	True	1.0
6243.453	2.0	trials	go_tone	8000.0	80.0	6243.453	0.1	True	5.0	6244.453	0.01	False					nolight	0.0	nan	True	6246.47	False	1.0
6254.403	2.0	trials	nogo_tone	4000.0	80.0	6254.403	0.1	False				False					nolight	0.0	nan	False		False	4.0
6265.753	2.0	trials	no_tone					True	5.0	6266.753	0.01	False					nolight	0.0	nan	False		False	5.0
6276.405	2.0	trials	no_tone					True	5.0	6277.405	0.01	True	100.0	12.0	6277.355	6277.705	whisker	350.0	A1	False		False	5.0
6287.744	2.0	trials	go_tone	8000.0	80.0	6287.744	0.1	False				False					nolight	0.0	nan	True	6290.067	True	2.0
6300.074	2.0	trials	go_tone	8000.0	80.0	6300.074	0.1	False				False					nolight	0.0	nan	False		False	2.0
6311.584	2.0	trials	nogo_tone	4000.0	80.0	6311.584	0.1	True	5.0	6312.584	0.01	False					nolight	0.0	nan	False		False	3.0
6323.094	2.0	trials	nogo_tone	4000.0	80.0	6323.094	0.1	True	5.0	6324.094	0.01	False					nolight	0.0	nan	False		False	3.0
6333.756	2.0	trials	nogo_tone	4000.0	80.0	6333.756	0.1	False				False					nolight	0.0	nan	False		False	4.0
6344.714	2.0	trials	go_tone	8000.0	80.0	6344.714	0.1	False				False					nolight	0.0	nan	False		False	2.0
6355.405	2.0	trials	no_tone					True	5.0	6356.405	0.01	False					nolight	0.0	nan	False		False	5.0
6366.106	2.0	trials	go_tone	8000.0	80.0	6366.106	0.1	False				True	100.0	12.0	6367.056	6367.406	whisker	350.0	A1	False		False	2.0
6377.066	2.0	trials	no_tone					True	5.0	6378.066	0.01	True	100.0	12.0	6377.465999999999	6378.016	delay	550.0	A1	False		False	5.0
6388.578	2.0	trials	go_tone	8000.0	80.0	6388.578	0.1	True	5.0	6389.578	0.01	True	100.0	12.0	6388.528	6388.978	audio	450.0	A1	False		False	1.0
6399.405	2.0	trials	go_tone	8000.0	80.0	6399.405	0.1	True	5.0	6400.405	0.01	False					nolight	0.0	nan	False		False	1.0
6410.846	2.0	trials	nogo_tone	4000.0	80.0	6410.846	0.1	True	5.0	6411.846	0.01	False					nolight	0.0	nan	False		False	3.0
6421.876	2.0	trials	nogo_tone	4000.0	80.0	6421.876	0.1	True	5.0	6422.876	0.01	True	100.0	12.0	6421.826	6422.276	audio	450.0	A1	False		False	3.0
6432.856	2.0	trials	go_tone	8000.0	80.0	6432.856	0.1	True	5.0	6433.856	0.01	True	100.0	12.0	6433.255999999999	6433.806	delay	550.0	A1	False		False	1.0
6443.826	2.0	trials	nogo_tone	4000.0	80.0	6443.826	0.1	True	5.0	6444.826	0.01	False					nolight	0.0	nan	False		False	3.0
6454.656	2.0	trials	nogo_tone	4000.0	80.0	6454.656	0.1	True	5.0	6455.656	0.01	True	100.0	12.0	6454.606	6455.056	audio	450.0	A1	False		False	3.0
6466.036	2.0	trials	nogo_tone	4000.0	80.0	6466.036	0.1	False				False					nolight	0.0	nan	False		False	4.0
6476.698	2.0	trials	nogo_tone	4000.0	80.0	6476.698	0.1	False				False					nolight	0.0	nan	False		False	4.0
6487.277	2.0	trials	go_tone	8000.0	80.0	6487.277	0.1	True	5.0	6488.277	0.01	False					nolight	0.0	nan	False		False	1.0
6499.967	2.0	trials	go_tone	8000.0	80.0	6499.967	0.1	True	5.0	6500.967	0.01	False					nolight	0.0	nan	True	6500.147	True	1.0
6511.973	2.0	trials	go_tone	8000.0	80.0	6511.973	0.1	True	5.0	6512.973	0.01	False					nolight	0.0	nan	False		False	1.0
6523.129	2.0	trials	go_tone	8000.0	80.0	6523.129	0.1	False				False					nolight	0.0	nan	True	6525.588	True	2.0
6535.597	2.0	trials	go_tone	8000.0	80.0	6535.597	0.1	False				False					nolight	0.0	nan	False		False	2.0
6547.598	2.0	trials	nogo_tone	4000.0	80.0	6547.598	0.1	False				True	100.0	12.0	6548.548	6548.898	whisker	350.0	A1	False		False	4.0
6558.888	2.0	trials	nogo_tone	4000.0	80.0	6558.888	0.1	False				False					nolight	0.0	nan	False		False	4.0
6570.368	2.0	trials	nogo_tone	4000.0	80.0	6570.368	0.1	True	5.0	6571.368	0.01	False					nolight	0.0	nan	False		False	3.0
6581.628	2.0	trials	nogo_tone	4000.0	80.0	6581.628	0.1	False				True	100.0	12.0	6581.5779999999995	6582.027999999999	audio	450.0	A1	False		False	4.0
6593.008	2.0	trials	no_tone					True	5.0	6594.008	0.01	True	100.0	12.0	6593.407999999999	6593.958	delay	550.0	A1	False		False	5.0
6603.789	2.0	trials	no_tone					True	5.0	6604.789	0.01	False					nolight	0.0	nan	False		False	5.0
6615.119	2.0	trials	go_tone	8000.0	80.0	6615.119	0.1	False				False					nolight	0.0	nan	False		False	2.0
6626.609	2.0	trials	nogo_tone	4000.0	80.0	6626.609	0.1	True	5.0	6627.609	0.01	False					nolight	0.0	nan	False		False	3.0
6638.081	2.0	trials	no_tone					True	5.0	6639.081	0.01	True	100.0	12.0	6639.031	6639.381	whisker	350.0	A1	False		False	5.0
6649.37	2.0	trials	nogo_tone	4000.0	80.0	6649.37	0.1	True	5.0	6650.37	0.01	False					nolight	0.0	nan	False		False	3.0
6660.11	2.0	trials	nogo_tone	4000.0	80.0	6660.11	0.1	False				False					nolight	0.0	nan	False		False	4.0
6671.08	2.0	trials	nogo_tone	4000.0	80.0	6671.08	0.1	False				False					nolight	0.0	nan	False		False	4.0
6682.11	2.0	trials	no_tone					True	5.0	6683.11	0.01	False					nolight	0.0	nan	False		False	5.0
6692.91	2.0	trials	no_tone					True	5.0	6693.91	0.01	False					nolight	0.0	nan	False		False	5.0
6704.15	2.0	trials	go_tone	8000.0	80.0	6704.15	0.1	False				False					nolight	0.0	nan	False		False	2.0
6715.391	2.0	trials	nogo_tone	4000.0	80.0	6715.391	0.1	True	5.0	6716.391	0.01	False					nolight	0.0	nan	False		False	3.0
6726.414	2.0	trials	nogo_tone	4000.0	80.0	6726.414	0.1	False				False					nolight	0.0	nan	False		False	4.0
6737.901	2.0	trials	no_tone					True	5.0	6738.901	0.01	False					nolight	0.0	nan	False		False	5.0
6749.041	2.0	trials	go_tone	8000.0	80.0	6749.041	0.1	False				True	100.0	12.0	6749.991	6750.341	whisker	350.0	A1	False		False	2.0
6760.191	2.0	trials	go_tone	8000.0	80.0	6760.191	0.1	False				False					nolight	0.0	nan	False		False	2.0
6771.081	2.0	trials	go_tone	8000.0	80.0	6771.081	0.1	True	5.0	6772.081	0.01	True	100.0	12.0	6771.031	6771.481	audio	450.0	A1	False		False	1.0
6782.512	2.0	trials	go_tone	8000.0	80.0	6782.512	0.1	False				False					nolight	0.0	nan	False		False	2.0
6793.794	2.0	trials	go_tone	8000.0	80.0	6793.794	0.1	True	5.0	6794.794	0.01	False					nolight	0.0	nan	False		False	1.0
6805.222	2.0	trials	go_tone	8000.0	80.0	6805.222	0.1	True	5.0	6806.222	0.01	True	100.0	12.0	6806.172	6806.522	whisker	350.0	A1	False		False	1.0
6815.882	2.0	trials	no_tone					True	5.0	6816.882	0.01	False					nolight	0.0	nan	False		False	5.0
6826.782	2.0	trials	go_tone	8000.0	80.0	6826.782	0.1	True	5.0	6827.782	0.01	False					nolight	0.0	nan	True	6829.844	False	1.0
6837.903	2.0	trials	nogo_tone	4000.0	80.0	6837.903	0.1	True	5.0	6838.903	0.01	True	100.0	12.0	6838.303	6838.853	delay	550.0	A1	False		False	3.0
6848.513	2.0	trials	nogo_tone	4000.0	80.0	6848.513	0.1	False				True	100.0	12.0	6848.913	6849.463	delay	550.0	A1	False		False	4.0
6859.903	2.0	trials	go_tone	8000.0	80.0	6859.903	0.1	True	5.0	6860.903	0.01	False					nolight	0.0	nan	False		False	1.0
6870.893	2.0	trials	go_tone	8000.0	80.0	6870.893	0.1	True	5.0	6871.893	0.01	True	100.0	12.0	6871.293	6871.843	delay	550.0	A1	False		False	1.0
6881.536	2.0	trials	go_tone	8000.0	80.0	6881.536	0.1	False				True	100.0	12.0	6881.936	6882.486	delay	550.0	A1	False		False	2.0
6892.383	2.0	trials	no_tone					True	5.0	6893.383	0.01	True	100.0	12.0	6892.333	6892.782999999999	audio	450.0	A1	True	6895.58	False	5.0
6903.754	2.0	trials	go_tone	8000.0	80.0	6903.754	0.1	False				False					nolight	0.0	nan	False		False	2.0
6914.734	2.0	trials	nogo_tone	4000.0	80.0	6914.734	0.1	True	5.0	6915.734	0.01	True	100.0	12.0	6915.684	6916.034000000001	whisker	350.0	A1	False		False	3.0
6926.195	2.0	trials	nogo_tone	4000.0	80.0	6926.195	0.1	True	5.0	6927.195	0.01	False					nolight	0.0	nan	False		False	3.0
6937.654	2.0	trials	no_tone					True	5.0	6938.654	0.01	False					nolight	0.0	nan	False		False	5.0
6948.324	2.0	trials	go_tone	8000.0	80.0	6948.324	0.1	False				True	100.0	12.0	6948.273999999999	6948.723999999999	audio	450.0	A1	False		False	2.0
6959.805	2.0	trials	go_tone	8000.0	80.0	6959.805	0.1	True	5.0	6960.805	0.01	False					nolight	0.0	nan	True	6962.805	False	1.0
6970.395	2.0	trials	nogo_tone	4000.0	80.0	6970.395	0.1	True	5.0	6971.395	0.01	False					nolight	0.0	nan	True	6971.865000000001	True	3.0
6981.866	2.0	trials	nogo_tone	4000.0	80.0	6981.866	0.1	True	5.0	6982.866	0.01	False					nolight	0.0	nan	False		False	3.0
6993.005	2.0	trials	go_tone	8000.0	80.0	6993.005	0.1	False				False					nolight	0.0	nan	False		False	2.0
7004.225	2.0	trials	go_tone	8000.0	80.0	7004.225	0.1	True	5.0	7005.225	0.01	False					nolight	0.0	nan	True	7007.089	False	1.0
7015.756	2.0	trials	nogo_tone	4000.0	80.0	7015.756	0.1	False				False					nolight	0.0	nan	False		False	4.0
7026.356	2.0	trials	no_tone					True	5.0	7027.356	0.01	True	100.0	12.0	7027.306	7027.656	whisker	350.0	A1	False		False	5.0
7037.386	2.0	trials	no_tone					True	5.0	7038.386	0.01	False					nolight	0.0	nan	True	7040.4310000000005	False	5.0
7048.616	2.0	trials	go_tone	8000.0	80.0	7048.616	0.1	False				True	100.0	12.0	7049.016	7049.566	delay	550.0	A1	True	7051.588	False	2.0
7059.956	2.0	trials	go_tone	8000.0	80.0	7059.956	0.1	True	5.0	7060.956	0.01	False					nolight	0.0	nan	True	7062.877	False	1.0
7070.677	2.0	trials	nogo_tone	4000.0	80.0	7070.677	0.1	True	5.0	7071.677	0.01	False					nolight	0.0	nan	False		False	3.0
7081.267	2.0	trials	go_tone	8000.0	80.0	7081.267	0.1	False				False					nolight	0.0	nan	False		False	2.0
7092.551	2.0	trials	go_tone	8000.0	80.0	7092.551	0.1	True	5.0	7093.551	0.01	True	100.0	12.0	7092.501	7092.951	audio	450.0	A1	False		False	1.0
7103.587	2.0	trials	go_tone	8000.0	80.0	7103.587	0.1	False				False					nolight	0.0	nan	False		False	2.0
7114.617	2.0	trials	go_tone	8000.0	80.0	7114.617	0.1	True	5.0	7115.617	0.01	True	100.0	12.0	7115.017	7115.567	delay	550.0	A1	True	7117.567	False	1.0
7127.402	2.0	trials	no_tone					True	5.0	7128.402	0.01	False					nolight	0.0	nan	True	7130.231	False	5.0
7138.708	2.0	trials	go_tone	8000.0	80.0	7138.708	0.1	False				True	100.0	12.0	7139.657999999999	7140.008	whisker	350.0	A1	False		False	2.0
7149.329	2.0	trials	go_tone	8000.0	80.0	7149.329	0.1	False				False					nolight	0.0	nan	False		False	2.0
7161.758	2.0	trials	nogo_tone	4000.0	80.0	7161.758	0.1	False				True	100.0	12.0	7162.157999999999	7162.708	delay	550.0	A1	False		False	4.0
7173.008	2.0	trials	go_tone	8000.0	80.0	7173.008	0.1	False				False					nolight	0.0	nan	False		False	2.0
7184.098	2.0	trials	nogo_tone	4000.0	80.0	7184.098	0.1	False				True	100.0	12.0	7184.048	7184.498	audio	450.0	A1	False		False	4.0
7195.149	2.0	trials	nogo_tone	4000.0	80.0	7195.149	0.1	False				False					nolight	0.0	nan	False		False	4.0
7205.889	2.0	trials	no_tone					True	5.0	7206.889	0.01	True	100.0	12.0	7205.839	7206.289	audio	450.0	A1	False		False	5.0
7217.339	2.0	trials	go_tone	8000.0	80.0	7217.339	0.1	True	5.0	7218.339	0.01	False					nolight	0.0	nan	True	7220.21	False	1.0
7228.579	2.0	trials	no_tone					True	5.0	7229.579	0.01	True	100.0	12.0	7228.978999999999	7229.5289999999995	delay	550.0	A1	False		False	5.0
7239.979	2.0	trials	no_tone					True	5.0	7240.979	0.01	False					nolight	0.0	nan	True	7242.7570000000005	False	5.0
7250.559	2.0	trials	nogo_tone	4000.0	80.0	7250.559	0.1	True	5.0	7251.559	0.01	True	100.0	12.0	7250.959	7251.509	delay	550.0	A1	False		False	3.0
7261.42	2.0	trials	nogo_tone	4000.0	80.0	7261.42	0.1	True	5.0	7262.42	0.01	False					nolight	0.0	nan	False		False	3.0
7272.45	2.0	trials	no_tone					True	5.0	7273.45	0.01	False					nolight	0.0	nan	False		False	5.0
7283.63	2.0	trials	nogo_tone	4000.0	80.0	7283.63	0.1	False				False					nolight	0.0	nan	False		False	4.0
7294.43	2.0	trials	nogo_tone	4000.0	80.0	7294.43	0.1	False				True	100.0	12.0	7295.38	7295.7300000000005	whisker	350.0	A1	False		False	4.0
7305.912	2.0	trials	go_tone	8000.0	80.0	7305.912	0.1	False				False					nolight	0.0	nan	True	7308.801	False	2.0
7316.791	2.0	trials	nogo_tone	4000.0	80.0	7316.791	0.1	False				False					nolight	0.0	nan	False		False	4.0
7327.871	2.0	trials	nogo_tone	4000.0	80.0	7327.871	0.1	False				False					nolight	0.0	nan	False		False	4.0
7338.442	2.0	trials	no_tone					True	5.0	7339.442	0.01	False					nolight	0.0	nan	True	7341.564	False	5.0
7349.711	2.0	trials	nogo_tone	4000.0	80.0	7349.711	0.1	True	5.0	7350.711	0.01	False					nolight	0.0	nan	False		False	3.0
7360.771	2.0	trials	go_tone	8000.0	80.0	7360.771	0.1	True	5.0	7361.771	0.01	True	100.0	12.0	7361.721	7362.071	whisker	350.0	A1	False		False	1.0
7372.122	2.0	trials	go_tone	8000.0	80.0	7372.122	0.1	True	5.0	7373.122	0.01	False					nolight	0.0	nan	True	7374.867	False	1.0
7383.392	2.0	trials	nogo_tone	4000.0	80.0	7383.392	0.1	False				False					nolight	0.0	nan	False		False	4.0
7394.292	2.0	trials	nogo_tone	4000.0	80.0	7394.292	0.1	True	5.0	7395.292	0.01	True	100.0	12.0	7394.242	7394.692	audio	450.0	A1	False		False	3.0
7405.462	2.0	trials	nogo_tone	4000.0	80.0	7405.462	0.1	True	5.0	7406.462	0.01	True	100.0	12.0	7406.412	7406.762000000001	whisker	350.0	A1	False		False	3.0
7416.523	2.0	trials	go_tone	8000.0	80.0	7416.523	0.1	False				True	100.0	12.0	7416.473	7416.923	audio	450.0	A1	False		False	2.0
7427.192	2.0	trials	go_tone	8000.0	80.0	7427.192	0.1	True	5.0	7428.192	0.01	False					nolight	0.0	nan	False		False	1.0
7438.363	2.0	trials	nogo_tone	4000.0	80.0	7438.363	0.1	True	5.0	7439.363	0.01	False					nolight	0.0	nan	False		False	3.0
7449.093	2.0	trials	no_tone					True	5.0	7450.093	0.01	False					nolight	0.0	nan	False		False	5.0
7460.263	2.0	trials	nogo_tone	4000.0	80.0	7460.263	0.1	True	5.0	7461.263	0.01	False					nolight	0.0	nan	False		False	3.0
7471.195	2.0	trials	go_tone	8000.0	80.0	7471.195	0.1	True	5.0	7472.195	0.01	False					nolight	0.0	nan	True	7474.4169999999995	False	1.0
7482.393	2.0	trials	nogo_tone	4000.0	80.0	7482.393	0.1	True	5.0	7483.393	0.01	False					nolight	0.0	nan	False		False	3.0
7493.766	2.0	trials	go_tone	8000.0	80.0	7493.766	0.1	False				False					nolight	0.0	nan	False		False	2.0
7505.125	2.0	trials	nogo_tone	4000.0	80.0	7505.125	0.1	True	5.0	7506.125	0.01	True	100.0	12.0	7505.075	7505.525	audio	450.0	A1	False		False	3.0
7515.906	2.0	trials	no_tone					True	5.0	7516.906	0.01	True	100.0	12.0	7515.856	7516.306	audio	450.0	A1	False		False	5.0
7526.894	2.0	trials	nogo_tone	4000.0	80.0	7526.894	0.1	True	5.0	7527.894	0.01	False					nolight	0.0	nan	False		False	3.0
7537.784	2.0	trials	go_tone	8000.0	80.0	7537.784	0.1	True	5.0	7538.784	0.01	False					nolight	0.0	nan	True	7540.938999999999	False	1.0
7548.514	2.0	trials	no_tone					True	5.0	7549.514	0.01	False					nolight	0.0	nan	True	7549.084	True	5.0
7559.086	2.0	trials	no_tone					True	5.0	7560.086	0.01	False					nolight	0.0	nan	False		False	5.0
7570.295	2.0	trials	nogo_tone	4000.0	80.0	7570.295	0.1	True	5.0	7571.295	0.01	False					nolight	0.0	nan	False		False	3.0
7581.435	2.0	trials	go_tone	8000.0	80.0	7581.435	0.1	True	5.0	7582.435	0.01	False					nolight	0.0	nan	True	7584.1810000000005	False	1.0
7592.557	2.0	trials	go_tone	8000.0	80.0	7592.557	0.1	True	5.0	7593.557	0.01	True	100.0	12.0	7592.507	7592.956999999999	audio	450.0	A1	False		False	1.0
7603.285	2.0	trials	nogo_tone	4000.0	80.0	7603.285	0.1	True	5.0	7604.285	0.01	False					nolight	0.0	nan	False		False	3.0
7614.116	2.0	trials	nogo_tone	4000.0	80.0	7614.116	0.1	False				True	100.0	12.0	7615.066	7615.416	whisker	350.0	A1	False		False	4.0
7624.816	2.0	trials	nogo_tone	4000.0	80.0	7624.816	0.1	True	5.0	7625.816	0.01	True	100.0	12.0	7625.766	7626.116	whisker	350.0	A1	False		False	3.0
7635.456	2.0	trials	go_tone	8000.0	80.0	7635.456	0.1	True	5.0	7636.456	0.01	True	100.0	12.0	7636.406	7636.756	whisker	350.0	A1	False		False	1.0
7646.276	2.0	trials	nogo_tone	4000.0	80.0	7646.276	0.1	True	5.0	7647.276	0.01	False					nolight	0.0	nan	False		False	3.0
7657.533	2.0	trials	go_tone	8000.0	80.0	7657.533	0.1	False				False					nolight	0.0	nan	True	7658.0560000000005	True	2.0
7668.056	2.0	trials	go_tone	8000.0	80.0	7668.056	0.1	False				False					nolight	0.0	nan	False		False	2.0
7679.237	2.0	trials	go_tone	8000.0	80.0	7679.237	0.1	False				True	100.0	12.0	7680.187	7680.537	whisker	350.0	A1	False		False	2.0
7690.027	2.0	trials	nogo_tone	4000.0	80.0	7690.027	0.1	False				False					nolight	0.0	nan	False		False	4.0
7701.107	2.0	trials	go_tone	8000.0	80.0	7701.107	0.1	True	5.0	7702.107	0.01	False					nolight	0.0	nan	True	7703.994	False	1.0
7712.507	2.0	trials	no_tone					True	5.0	7713.507	0.01	False					nolight	0.0	nan	False		False	5.0
7723.749	2.0	trials	nogo_tone	4000.0	80.0	7723.749	0.1	False				False					nolight	0.0	nan	False		False	4.0
7734.868	2.0	trials	nogo_tone	4000.0	80.0	7734.868	0.1	False				False					nolight	0.0	nan	False		False	4.0
7745.448	2.0	trials	nogo_tone	4000.0	80.0	7745.448	0.1	True	5.0	7746.448	0.01	False					nolight	0.0	nan	False		False	3.0
7756.388	2.0	trials	no_tone					True	5.0	7757.388	0.01	False					nolight	0.0	nan	False		False	5.0
7767.718	2.0	trials	nogo_tone	4000.0	80.0	7767.718	0.1	True	5.0	7768.718	0.01	False					nolight	0.0	nan	False		False	3.0
7778.928	2.0	trials	go_tone	8000.0	80.0	7778.928	0.1	False				True	100.0	12.0	7779.3279999999995	7779.878	delay	550.0	A1	False		False	2.0
7790.189	2.0	trials	go_tone	8000.0	80.0	7790.189	0.1	False				True	100.0	12.0	7790.139	7790.589	audio	450.0	A1	False		False	2.0
7800.819	2.0	trials	nogo_tone	4000.0	80.0	7800.819	0.1	False				True	100.0	12.0	7801.219	7801.769	delay	550.0	A1	False		False	4.0
7812.319	2.0	trials	nogo_tone	4000.0	80.0	7812.319	0.1	False				False					nolight	0.0	nan	False		False	4.0
7823.329	2.0	trials	go_tone	8000.0	80.0	7823.329	0.1	False				False					nolight	0.0	nan	False		False	2.0
7834.32	2.0	trials	go_tone	8000.0	80.0	7834.32	0.1	False				False					nolight	0.0	nan	False		False	2.0
7845.71	2.0	trials	go_tone	8000.0	80.0	7845.71	0.1	True	5.0	7846.71	0.01	False					nolight	0.0	nan	True	7848.725	False	1.0
7856.751	2.0	trials	go_tone	8000.0	80.0	7856.751	0.1	True	5.0	7857.751	0.01	False					nolight	0.0	nan	True	7859.494000000001	False	1.0
7867.662	2.0	trials	nogo_tone	4000.0	80.0	7867.662	0.1	False				False					nolight	0.0	nan	False		False	4.0
7878.68	2.0	trials	go_tone	8000.0	80.0	7878.68	0.1	True	5.0	7879.68	0.01	True	100.0	12.0	7879.08	7879.63	delay	550.0	A1	True	7881.5070000000005	False	1.0
7889.992	2.0	trials	no_tone					True	5.0	7890.992	0.01	False					nolight	0.0	nan	False		False	5.0
7901.181	2.0	trials	nogo_tone	4000.0	80.0	7901.181	0.1	False				True	100.0	12.0	7901.130999999999	7901.580999999999	audio	450.0	A1	False		False	4.0
7912.6	2.0	trials	go_tone	8000.0	80.0	7912.6	0.1	False				False					nolight	0.0	nan	False		False	2.0
7923.581	2.0	trials	nogo_tone	4000.0	80.0	7923.581	0.1	True	5.0	7924.581	0.01	True	100.0	12.0	7923.981	7924.531	delay	550.0	A1	False		False	3.0
7934.931	2.0	trials	no_tone					True	5.0	7935.931	0.01	False					nolight	0.0	nan	False		False	5.0
7946.371	2.0	trials	no_tone					True	5.0	7947.371	0.01	False					nolight	0.0	nan	False		False	5.0
7957.823	2.0	trials	go_tone	8000.0	80.0	7957.823	0.1	False				False					nolight	0.0	nan	True	7960.021000000001	True	2.0
7970.022	2.0	trials	go_tone	8000.0	80.0	7970.022	0.1	False				False					nolight	0.0	nan	False		False	2.0
7981.054	2.0	trials	go_tone	8000.0	80.0	7981.054	0.1	True	5.0	7982.054	0.01	False					nolight	0.0	nan	True	7984.009	False	1.0
7992.482	2.0	trials	nogo_tone	4000.0	80.0	7992.482	0.1	False				False					nolight	0.0	nan	False		False	4.0
8003.882	2.0	trials	no_tone					True	5.0	8004.882	0.01	True	100.0	12.0	8004.281999999999	8004.831999999999	delay	550.0	A1	True	8006.696	False	5.0
8014.452	2.0	trials	no_tone					True	5.0	8015.452	0.01	True	100.0	12.0	8015.402	8015.752	whisker	350.0	A1	False		False	5.0
8025.552	2.0	trials	nogo_tone	4000.0	80.0	8025.552	0.1	True	5.0	8026.552	0.01	True	100.0	12.0	8025.5019999999995	8025.951999999999	audio	450.0	A1	False		False	3.0
8036.903	2.0	trials	nogo_tone	4000.0	80.0	8036.903	0.1	True	5.0	8037.903	0.01	False					nolight	0.0	nan	False		False	3.0
8047.933	2.0	trials	nogo_tone	4000.0	80.0	8047.933	0.1	False				False					nolight	0.0	nan	False		False	4.0
8058.673	2.0	trials	go_tone	8000.0	80.0	8058.673	0.1	True	5.0	8059.673	0.01	True	100.0	12.0	8059.072999999999	8059.623	delay	550.0	A1	False		False	1.0
8070.193	2.0	trials	nogo_tone	4000.0	80.0	8070.193	0.1	True	5.0	8071.193	0.01	True	100.0	12.0	8070.593	8071.143	delay	550.0	A1	False		False	3.0
8081.533	2.0	trials	nogo_tone	4000.0	80.0	8081.533	0.1	True	5.0	8082.533	0.01	True	100.0	12.0	8082.483	8082.8330000000005	whisker	350.0	A1	False		False	3.0
8092.875	2.0	trials	go_tone	8000.0	80.0	8092.875	0.1	True	5.0	8093.875	0.01	False					nolight	0.0	nan	False		False	1.0
8104.184	2.0	trials	nogo_tone	4000.0	80.0	8104.184	0.1	True	5.0	8105.184	0.01	False					nolight	0.0	nan	False		False	3.0
8115.244	2.0	trials	go_tone	8000.0	80.0	8115.244	0.1	False				True	100.0	12.0	8116.1939999999995	8116.544	whisker	350.0	A1	False		False	2.0
8126.514	2.0	trials	go_tone	8000.0	80.0	8126.514	0.1	True	5.0	8127.514	0.01	False					nolight	0.0	nan	True	8129.302	False	1.0
8137.504	2.0	trials	nogo_tone	4000.0	80.0	8137.504	0.1	False				False					nolight	0.0	nan	False		False	4.0
8148.684	2.0	trials	go_tone	8000.0	80.0	8148.684	0.1	False				False					nolight	0.0	nan	False		False	2.0
8159.455	2.0	trials	no_tone					True	5.0	8160.455	0.01	False					nolight	0.0	nan	False		False	5.0
8170.516	2.0	trials	nogo_tone	4000.0	80.0	8170.516	0.1	False				False					nolight	0.0	nan	False		False	4.0
8181.375	2.0	trials	nogo_tone	4000.0	80.0	8181.375	0.1	False				False					nolight	0.0	nan	False		False	4.0
8192.015	2.0	trials	go_tone	8000.0	80.0	8192.015	0.1	False				True	100.0	12.0	8192.414999999999	8192.965	delay	550.0	A1	False		False	2.0
8203.206	2.0	trials	no_tone					True	5.0	8204.206	0.01	False					nolight	0.0	nan	False		False	5.0
8214.296	2.0	trials	no_tone					True	5.0	8215.296	0.01	True	100.0	12.0	8214.246000000001	8214.696	audio	450.0	A1	False		False	5.0
8224.947	2.0	trials	go_tone	8000.0	80.0	8224.947	0.1	True	5.0	8225.947	0.01	False					nolight	0.0	nan	True	8227.875	False	1.0
8236.086	2.0	trials	nogo_tone	4000.0	80.0	8236.086	0.1	True	5.0	8237.086	0.01	False					nolight	0.0	nan	False		False	3.0
8247.346	2.0	trials	nogo_tone	4000.0	80.0	8247.346	0.1	False				False					nolight	0.0	nan	False		False	4.0
8258.136	2.0	trials	nogo_tone	4000.0	80.0	8258.136	0.1	True	5.0	8259.136	0.01	False					nolight	0.0	nan	False		False	3.0
8269.446	2.0	trials	no_tone					True	5.0	8270.446	0.01	False					nolight	0.0	nan	False		False	5.0
8280.987	2.0	trials	go_tone	8000.0	80.0	8280.987	0.1	False				False					nolight	0.0	nan	False		False	2.0
8292.127	2.0	trials	nogo_tone	4000.0	80.0	8292.127	0.1	True	5.0	8293.127	0.01	False					nolight	0.0	nan	False		False	3.0
8303.139	2.0	trials	nogo_tone	4000.0	80.0	8303.139	0.1	False				True	100.0	12.0	8303.089	8303.538999999999	audio	450.0	A1	False		False	4.0
8314.167	2.0	trials	go_tone	8000.0	80.0	8314.167	0.1	True	5.0	8315.167	0.01	True	100.0	12.0	8314.117	8314.567	audio	450.0	A1	False		False	1.0
8324.759	2.0	trials	go_tone	8000.0	80.0	8324.759	0.1	True	5.0	8325.759	0.01	False					nolight	0.0	nan	False		False	1.0
8335.978	2.0	trials	nogo_tone	4000.0	80.0	8335.978	0.1	True	5.0	8336.978	0.01	False					nolight	0.0	nan	False		False	3.0
8347.408	2.0	trials	nogo_tone	4000.0	80.0	8347.408	0.1	False				False					nolight	0.0	nan	False		False	4.0
8358.728	2.0	trials	go_tone	8000.0	80.0	8358.728	0.1	False				False					nolight	0.0	nan	False		False	2.0
8369.798	2.0	trials	no_tone					True	5.0	8370.798	0.01	False					nolight	0.0	nan	False		False	5.0
8381.248	2.0	trials	go_tone	8000.0	80.0	8381.248	0.1	True	5.0	8382.248	0.01	False					nolight	0.0	nan	True	8383.738	True	1.0
8393.739	2.0	trials	go_tone	8000.0	80.0	8393.739	0.1	True	5.0	8394.739	0.01	False					nolight	0.0	nan	True	8397.233	False	1.0
8405.009	2.0	trials	go_tone	8000.0	80.0	8405.009	0.1	False				False					nolight	0.0	nan	True	8406.399	True	2.0
8416.399	2.0	trials	go_tone	8000.0	80.0	8416.399	0.1	False				False					nolight	0.0	nan	False		False	2.0
8427.559	2.0	trials	no_tone					True	5.0	8428.559	0.01	True	100.0	12.0	8427.958999999999	8428.509	delay	550.0	A1	False		False	5.0
8438.469	2.0	trials	go_tone	8000.0	80.0	8438.469	0.1	False				False					nolight	0.0	nan	False		False	2.0
8449.789	2.0	trials	no_tone					True	5.0	8450.789	0.01	True	100.0	12.0	8450.739000000001	8451.089	whisker	350.0	A1	False		False	5.0
8461.146	2.0	trials	nogo_tone	4000.0	80.0	8461.146	0.1	False				True	100.0	12.0	8462.096000000001	8462.446	whisker	350.0	A1	False		False	4.0
8472.0	2.0	trials	go_tone	8000.0	80.0	8472.0	0.1	False				True	100.0	12.0	8471.95	8472.4	audio	450.0	A1	False		False	2.0
8482.98	2.0	trials	no_tone					True	5.0	8483.98	0.01	False					nolight	0.0	nan	False		False	5.0
8493.75	2.0	trials	nogo_tone	4000.0	80.0	8493.75	0.1	False				True	100.0	12.0	8494.15	8494.7	delay	550.0	A1	False		False	4.0
8504.41	2.0	trials	go_tone	8000.0	80.0	8504.41	0.1	True	5.0	8505.41	0.01	True	100.0	12.0	8505.36	8505.71	whisker	350.0	A1	False		False	1.0
8515.441	2.0	trials	go_tone	8000.0	80.0	8515.441	0.1	False				False					nolight	0.0	nan	False		False	2.0
8526.221	2.0	trials	no_tone					True	5.0	8527.221	0.01	False					nolight	0.0	nan	False		False	5.0
8536.861	2.0	trials	go_tone	8000.0	80.0	8536.861	0.1	True	5.0	8537.861	0.01	False					nolight	0.0	nan	False		False	1.0
8547.711	2.0	trials	nogo_tone	4000.0	80.0	8547.711	0.1	True	5.0	8548.711	0.01	False					nolight	0.0	nan	False		False	3.0
8558.571	2.0	trials	nogo_tone	4000.0	80.0	8558.571	0.1	True	5.0	8559.571	0.01	True	100.0	12.0	8559.521	8559.871	whisker	350.0	A1	False		False	3.0
8569.372	2.0	trials	go_tone	8000.0	80.0	8569.372	0.1	False				False					nolight	0.0	nan	False		False	2.0
8580.242	2.0	trials	go_tone	8000.0	80.0	8580.242	0.1	False				False					nolight	0.0	nan	False		False	2.0
8590.932	2.0	trials	nogo_tone	4000.0	80.0	8590.932	0.1	True	5.0	8591.932	0.01	False					nolight	0.0	nan	False		False	3.0
8601.662	2.0	trials	nogo_tone	4000.0	80.0	8601.662	0.1	False				False					nolight	0.0	nan	False		False	4.0
8612.803	2.0	trials	go_tone	8000.0	80.0	8612.803	0.1	True	5.0	8613.803	0.01	False					nolight	0.0	nan	False		False	1.0
8623.572	2.0	trials	no_tone					True	5.0	8624.572	0.01	True	100.0	12.0	8623.522	8623.972	audio	450.0	A1	False		False	5.0
8634.693	2.0	trials	go_tone	8000.0	80.0	8634.693	0.1	True	5.0	8635.693	0.01	False					nolight	0.0	nan	False		False	1.0
8645.703	2.0	trials	nogo_tone	4000.0	80.0	8645.703	0.1	True	5.0	8646.703	0.01	False					nolight	0.0	nan	False		False	3.0
8656.893	2.0	trials	go_tone	8000.0	80.0	8656.893	0.1	False				True	100.0	12.0	8657.843	8658.193	whisker	350.0	A1	False		False	2.0
8668.134	2.0	trials	go_tone	8000.0	80.0	8668.134	0.1	True	5.0	8669.134	0.01	False					nolight	0.0	nan	False		False	1.0
8679.133	2.0	trials	no_tone					True	5.0	8680.133	0.01	False					nolight	0.0	nan	False		False	5.0
8689.903	2.0	trials	nogo_tone	4000.0	80.0	8689.903	0.1	False				False					nolight	0.0	nan	False		False	4.0
8700.855	2.0	trials	nogo_tone	4000.0	80.0	8700.855	0.1	True	5.0	8701.855	0.01	False					nolight	0.0	nan	False		False	3.0
8712.224	2.0	trials	go_tone	8000.0	80.0	8712.224	0.1	False				False					nolight	0.0	nan	False		False	2.0
8723.552	2.0	trials	nogo_tone	4000.0	80.0	8723.552	0.1	False				False					nolight	0.0	nan	False		False	4.0
8734.917	2.0	trials	nogo_tone	4000.0	80.0	8734.917	0.1	True	5.0	8735.917	0.01	False					nolight	0.0	nan	False		False	3.0
8745.625	2.0	trials	go_tone	8000.0	80.0	8745.625	0.1	True	5.0	8746.625	0.01	True	100.0	12.0	8746.025	8746.575	delay	550.0	A1	False		False	1.0
8756.707	2.0	trials	nogo_tone	4000.0	80.0	8756.707	0.1	False				False					nolight	0.0	nan	False		False	4.0
8768.205	2.0	trials	nogo_tone	4000.0	80.0	8768.205	0.1	False				True	100.0	12.0	8769.155	8769.505	whisker	350.0	A1	False		False	4.0
8778.995	2.0	trials	go_tone	8000.0	80.0	8778.995	0.1	False				False					nolight	0.0	nan	False		False	2.0
8790.185	2.0	trials	no_tone					True	5.0	8791.185	0.01	False					nolight	0.0	nan	False		False	5.0
8801.155	2.0	trials	nogo_tone	4000.0	80.0	8801.155	0.1	False				False					nolight	0.0	nan	False		False	4.0
8812.235	2.0	trials	go_tone	8000.0	80.0	8812.235	0.1	False				True	100.0	12.0	8812.185000000001	8812.635	audio	450.0	A1	False		False	2.0
8823.296	2.0	trials	no_tone					True	5.0	8824.296	0.01	False					nolight	0.0	nan	False		False	5.0
8834.176	2.0	trials	go_tone	8000.0	80.0	8834.176	0.1	True	5.0	8835.176	0.01	True	100.0	12.0	8835.126	8835.475999999999	whisker	350.0	A1	False		False	1.0
8845.076	2.0	trials	go_tone	8000.0	80.0	8845.076	0.1	False				True	100.0	12.0	8845.475999999999	8846.026	delay	550.0	A1	False		False	2.0
8856.036	2.0	trials	nogo_tone	4000.0	80.0	8856.036	0.1	True	5.0	8857.036	0.01	False					nolight	0.0	nan	False		False	3.0
8867.326	2.0	trials	go_tone	8000.0	80.0	8867.326	0.1	False				False					nolight	0.0	nan	False		False	2.0
8878.177	2.0	trials	nogo_tone	4000.0	80.0	8878.177	0.1	False				False					nolight	0.0	nan	False		False	4.0
8888.918	2.0	trials	no_tone					True	5.0	8889.918	0.01	False					nolight	0.0	nan	False		False	5.0
8900.107	2.0	trials	nogo_tone	4000.0	80.0	8900.107	0.1	True	5.0	8901.107	0.01	True	100.0	12.0	8900.057	8900.507	audio	450.0	A1	False		False	3.0
8910.948	2.0	trials	go_tone	8000.0	80.0	8910.948	0.1	True	5.0	8911.948	0.01	True	100.0	12.0	8910.898000000001	8911.348	audio	450.0	A1	False		False	1.0
8921.547	2.0	trials	go_tone	8000.0	80.0	8921.547	0.1	False				False					nolight	0.0	nan	False		False	2.0
8932.218	2.0	trials	nogo_tone	4000.0	80.0	8932.218	0.1	True	5.0	8933.218	0.01	True	100.0	12.0	8932.618	8933.168000000001	delay	550.0	A1	False		False	3.0
8943.178	2.0	trials	no_tone					True	5.0	8944.178	0.01	False					nolight	0.0	nan	False		False	5.0
8953.93	2.0	trials	go_tone	8000.0	80.0	8953.93	0.1	True	5.0	8954.93	0.01	False					nolight	0.0	nan	False		False	1.0
8964.698	2.0	trials	go_tone	8000.0	80.0	8964.698	0.1	True	5.0	8965.698	0.01	False					nolight	0.0	nan	False		False	1.0
8975.959	2.0	trials	nogo_tone	4000.0	80.0	8975.959	0.1	False				True	100.0	12.0	8975.909000000001	8976.359	audio	450.0	A1	False		False	4.0
8987.109	2.0	trials	go_tone	8000.0	80.0	8987.109	0.1	True	5.0	8988.109	0.01	False					nolight	0.0	nan	False		False	1.0
8997.739	2.0	trials	no_tone					True	5.0	8998.739	0.01	True	100.0	12.0	8998.139	8998.689	delay	550.0	A1	False		False	5.0
9008.669	2.0	trials	nogo_tone	4000.0	80.0	9008.669	0.1	False				True	100.0	12.0	9009.069	9009.619	delay	550.0	A1	False		False	4.0
9019.539	2.0	trials	no_tone					True	5.0	9020.539	0.01	False					nolight	0.0	nan	False		False	5.0
9030.989	2.0	trials	no_tone					True	5.0	9031.989	0.01	True	100.0	12.0	9031.939	9032.288999999999	whisker	350.0	A1	False		False	5.0
9041.939	2.0	trials	no_tone					True	5.0	9042.939	0.01	False					nolight	0.0	nan	False		False	5.0
9053.207	2.0	trials	go_tone	8000.0	80.0	9053.207	0.1	False				False					nolight	0.0	nan	False		False	2.0
9064.07	2.0	trials	go_tone	8000.0	80.0	9064.07	0.1	True	5.0	9065.07	0.01	False					nolight	0.0	nan	False		False	1.0
9075.52	2.0	trials	nogo_tone	4000.0	80.0	9075.52	0.1	True	5.0	9076.52	0.01	False					nolight	0.0	nan	False		False	3.0
9086.35	2.0	trials	go_tone	8000.0	80.0	9086.35	0.1	True	5.0	9087.35	0.01	False					nolight	0.0	nan	False		False	1.0
9097.0	2.0	trials	go_tone	8000.0	80.0	9097.0	0.1	True	5.0	9098.0	0.01	True	100.0	12.0	9097.95	9098.3	whisker	350.0	A1	False		False	1.0
9108.136	2.0	trials	nogo_tone	4000.0	80.0	9108.136	0.1	True	5.0	9109.136	0.01	False					nolight	0.0	nan	False		False	3.0
9119.261	2.0	trials	nogo_tone	4000.0	80.0	9119.261	0.1	True	5.0	9120.261	0.01	False					nolight	0.0	nan	False		False	3.0
9130.241	2.0	trials	go_tone	8000.0	80.0	9130.241	0.1	False				False					nolight	0.0	nan	False		False	2.0
9141.331	2.0	trials	go_tone	8000.0	80.0	9141.331	0.1	True	5.0	9142.331	0.01	True	100.0	12.0	9141.281	9141.731	audio	450.0	A1	False		False	1.0
9152.311	2.0	trials	nogo_tone	4000.0	80.0	9152.311	0.1	True	5.0	9153.311	0.01	True	100.0	12.0	9152.711	9153.261	delay	550.0	A1	False		False	3.0
9162.932	2.0	trials	go_tone	8000.0	80.0	9162.932	0.1	False				False					nolight	0.0	nan	False		False	2.0
9174.392	2.0	trials	nogo_tone	4000.0	80.0	9174.392	0.1	False				False					nolight	0.0	nan	False		False	4.0
9185.582	2.0	trials	nogo_tone	4000.0	80.0	9185.582	0.1	True	5.0	9186.582	0.01	True	100.0	12.0	9186.532000000001	9186.882	whisker	350.0	A1	False		False	3.0
9196.372	2.0	trials	nogo_tone	4000.0	80.0	9196.372	0.1	False				True	100.0	12.0	9196.322	9196.771999999999	audio	450.0	A1	False		False	4.0
9207.742	2.0	trials	go_tone	8000.0	80.0	9207.742	0.1	True	5.0	9208.742	0.01	False					nolight	0.0	nan	False		False	1.0
9219.248	2.0	trials	go_tone	8000.0	80.0	9219.248	0.1	False				True	100.0	12.0	9220.198	9220.547999999999	whisker	350.0	A1	False		False	2.0
9230.463	2.0	trials	go_tone	8000.0	80.0	9230.463	0.1	True	5.0	9231.463	0.01	True	100.0	12.0	9230.863	9231.413	delay	550.0	A1	False		False	1.0
9241.063	2.0	trials	go_tone	8000.0	80.0	9241.063	0.1	False				False					nolight	0.0	nan	False		False	2.0
9252.484	2.0	trials	no_tone					True	5.0	9253.484	0.01	True	100.0	12.0	9252.884	9253.434000000001	delay	550.0	A1	False		False	5.0
9263.913	2.0	trials	no_tone					True	5.0	9264.913	0.01	False					nolight	0.0	nan	False		False	5.0
9274.903	2.0	trials	nogo_tone	4000.0	80.0	9274.903	0.1	False				False					nolight	0.0	nan	False		False	4.0
9286.064	2.0	trials	no_tone					True	5.0	9287.064	0.01	False					nolight	0.0	nan	False		False	5.0
9297.074	2.0	trials	go_tone	8000.0	80.0	9297.074	0.1	False				False					nolight	0.0	nan	False		False	2.0
9308.614	2.0	trials	nogo_tone	4000.0	80.0	9308.614	0.1	False				True	100.0	12.0	9309.564	9309.913999999999	whisker	350.0	A1	False		False	4.0
9319.707	2.0	trials	nogo_tone	4000.0	80.0	9319.707	0.1	True	5.0	9320.707	0.01	True	100.0	12.0	9319.657000000001	9320.107	audio	450.0	A1	False		False	3.0
9330.674	2.0	trials	nogo_tone	4000.0	80.0	9330.674	0.1	True	5.0	9331.674	0.01	False					nolight	0.0	nan	False		False	3.0
9341.305	2.0	trials	go_tone	8000.0	80.0	9341.305	0.1	True	5.0	9342.305	0.01	False					nolight	0.0	nan	False		False	1.0
9351.885	2.0	trials	nogo_tone	4000.0	80.0	9351.885	0.1	True	5.0	9352.885	0.01	False					nolight	0.0	nan	False		False	3.0
9363.205	2.0	trials	no_tone					True	5.0	9364.205	0.01	True	100.0	12.0	9364.155	9364.505	whisker	350.0	A1	False		False	5.0
9374.365	2.0	trials	nogo_tone	4000.0	80.0	9374.365	0.1	False				False					nolight	0.0	nan	False		False	4.0
9385.187	2.0	trials	no_tone					True	5.0	9386.187	0.01	True	100.0	12.0	9385.137	9385.587	audio	450.0	A1	False		False	5.0
9396.485	2.0	trials	nogo_tone	4000.0	80.0	9396.485	0.1	False				True	100.0	12.0	9396.885	9397.435000000001	delay	550.0	A1	False		False	4.0
9407.442	2.0	trials	go_tone	8000.0	80.0	9407.442	0.1	False				False					nolight	0.0	nan	False		False	2.0
9418.886	2.0	trials	nogo_tone	4000.0	80.0	9418.886	0.1	False				False					nolight	0.0	nan	False		False	4.0
9429.999	2.0	trials	no_tone					True	5.0	9430.999	0.01	False					nolight	0.0	nan	False		False	5.0
